batch,cell_id,cycle,voltage,Qdlin,range_review
batch2,33,10,3.5,-6.865682707648196e-05,False
batch2,33,10,3.4984984984984986,-3.6892370534838555e-05,False
batch2,33,10,3.496996996996997,-5.127949583928721e-06,False
batch2,33,10,3.4954954954954953,2.66364664199784e-05,False
batch2,33,10,3.493993993993994,5.840090812058555e-05,False
batch2,33,10,3.4924924924924925,9.016540616162364e-05,False
batch2,33,10,3.490990990990991,0.00012192999118681418,False
batch2,33,10,3.4894894894894897,0.0001536946938398787,False
batch2,33,10,3.487987987987988,0.00018545954476454813,False
batch2,33,10,3.4864864864864864,0.0002172245746045251,False
batch2,33,10,3.484984984984985,0.00024899069481458265,False
batch2,33,10,3.4834834834834836,0.00028080919020717827,False
batch2,33,10,3.481981981981982,0.00031280803331244084,False
batch2,33,10,3.4804804804804803,0.00034512163351546317,False
batch2,33,10,3.478978978978979,0.0003778844002013097,False
batch2,33,10,3.4774774774774775,0.00041123074275507327,False
batch2,33,10,3.475975975975976,0.0004452950705618372,False
batch2,33,10,3.4744744744744747,0.0004802117513479762,False
batch2,33,10,3.472972972972973,0.0005160775577555421,False
batch2,33,10,3.4714714714714714,0.0005528824103528481,False
batch2,33,10,3.46996996996997,0.0005905973742805012,False
batch2,33,10,3.4684684684684686,0.0006291935146790981,False
batch2,33,10,3.466966966966967,0.0006686418966892355,False
batch2,33,10,3.4654654654654653,0.0007089135854515223,False
batch2,33,10,3.463963963963964,0.000749979646212889,False
batch2,33,10,3.4624624624624625,0.0007918115305217176,False
batch2,33,10,3.460960960960961,0.000834381945386789,False
batch2,33,10,3.4594594594594597,0.0008776638524228906,False
batch2,33,10,3.457957957957958,0.0009216302132448232,False
batch2,33,10,3.4564564564564564,0.0009662539894673482,False
batch2,33,10,3.454954954954955,0.0010115081427052664,False
batch2,33,10,3.4534534534534536,0.0010573659034052918,False
batch2,33,10,3.451951951951952,0.0011038370615908271,False
batch2,33,10,3.4504504504504503,0.0011510046898665057,False
batch2,33,10,3.448948948948949,0.001198960607487473,False
batch2,33,10,3.4474474474474475,0.0012477966337089165,False
batch2,33,10,3.445945945945946,0.0012976045877860093,False
batch2,33,10,3.4444444444444446,0.001348476288973925,False
batch2,33,10,3.442942942942943,0.001400500088470114,False
batch2,33,10,3.4414414414414414,0.0014536768173864856,False
batch2,33,10,3.43993993993994,0.0015079152486403705,False
batch2,33,10,3.4384384384384385,0.0015631197787423436,False
batch2,33,10,3.436936936936937,0.0016191948042029798,False
batch2,33,10,3.4354354354354353,0.0016760447215328708,False
batch2,33,10,3.433933933933934,0.0017335739272425574,False
batch2,33,10,3.4324324324324325,0.0017916906295334727,False
batch2,33,10,3.430930930930931,0.0018504285192458027,False
batch2,33,10,3.4294294294294296,0.001909972258548579,False
batch2,33,10,3.4279279279279278,0.001970515473748624,False
batch2,33,10,3.4264264264264264,0.0020322517911527055,False
batch2,33,10,3.424924924924925,0.0020953748370676453,False
batch2,33,10,3.4234234234234235,0.0021600782378002475,False
batch2,33,10,3.421921921921922,0.0022265421116372487,False
batch2,33,10,3.4204204204204203,0.002294747557181147,False
batch2,33,10,3.418918918918919,0.00236452403761758,False
batch2,33,10,3.4174174174174174,0.0024356972051775014,False
batch2,33,10,3.415915915915916,0.0025080927120918464,False
batch2,33,10,3.4144144144144146,0.0025815362105915483,False
batch2,33,10,3.4129129129129128,0.002655853352907564,False
batch2,33,10,3.4114114114114114,0.0027309102262595523,False
batch2,33,10,3.40990990990991,0.002806772333393573,False
batch2,33,10,3.4084084084084085,0.00288356654591582,False
batch2,33,10,3.406906906906907,0.002961419752363723,False
batch2,33,10,3.4054054054054053,0.003040458841274732,False
batch2,33,10,3.403903903903904,0.00312081070118623,False
batch2,33,10,3.4024024024024024,0.003202602220627061,False
batch2,33,10,3.400900900900901,0.0032859305450062574,False
batch2,33,10,3.3993993993993996,0.003370776200048198,False
batch2,33,10,3.3978978978978978,0.0034570911331682514,False
batch2,33,10,3.3963963963963963,0.00354482729178171,False
batch2,33,10,3.394894894894895,0.0036339366233039423,False
batch2,33,10,3.3933933933933935,0.0037243710751502916,False
batch2,33,10,3.391891891891892,0.0038160826328810654,False
batch2,33,10,3.3903903903903903,0.003909035336175346,False
batch2,33,10,3.388888888888889,0.004003222392311293,False
batch2,33,10,3.3873873873873874,0.004098641333336847,False
batch2,33,10,3.385885885885886,0.004195289691299923,False
batch2,33,10,3.3843843843843846,0.004293164998248439,False
batch2,33,10,3.3828828828828827,0.004392264786230338,False
batch2,33,10,3.3813813813813813,0.0044925878328753175,False
batch2,33,10,3.37987987987988,0.0045942028305846275,False
batch2,33,10,3.3783783783783785,0.004697284155363725,False
batch2,33,10,3.376876876876877,0.004802014967628786,False
batch2,33,10,3.3753753753753752,0.004908578427796022,False
batch2,33,10,3.373873873873874,0.0050171576962815476,False
batch2,33,10,3.3723723723723724,0.005127935933501571,False
batch2,33,10,3.370870870870871,0.005241085030676215,False
batch2,33,10,3.3693693693693696,0.005356578335056593,False
batch2,33,10,3.3678678678678677,0.0054742194405308425,False
batch2,33,10,3.3663663663663663,0.0055938064742506784,False
batch2,33,10,3.364864864864865,0.0057151375633679195,False
batch2,33,10,3.3633633633633635,0.005838010835034349,False
batch2,33,10,3.361861861861862,0.005962224416401752,False
batch2,33,10,3.3603603603603602,0.0060876138604507414,False
batch2,33,10,3.358858858858859,0.0062142676909780455,False
batch2,33,10,3.3573573573573574,0.006342379185686632,False
batch2,33,10,3.355855855855856,0.006472141957305302,False
batch2,33,10,3.3543543543543546,0.006603749618562854,False
batch2,33,10,3.3528528528528527,0.006737395782188125,False
batch2,33,10,3.3513513513513513,0.006873274060909839,False
batch2,33,10,3.34984984984985,0.007011530284239122,False
batch2,33,10,3.3483483483483485,0.007152075082539447,False
batch2,33,10,3.346846846846847,0.007294746842203555,False
batch2,33,10,3.3453453453453452,0.007439383930203402,False
batch2,33,10,3.343843843843844,0.007585824713510819,False
batch2,33,10,3.3423423423423424,0.00773390755909776,False
batch2,33,10,3.340840840840841,0.007883470904330907,False
batch2,33,10,3.3393393393393396,0.008034457032022086,False
batch2,33,10,3.3378378378378377,0.008187120231922243,False
batch2,33,10,3.3363363363363363,0.00834177314975318,False
batch2,33,10,3.334834834834835,0.008498728431236842,False
batch2,33,10,3.3333333333333335,0.008658298722095122,False
batch2,33,10,3.3318318318318316,0.008820796668049965,False
batch2,33,10,3.33033033033033,0.008986526619966568,False
batch2,33,10,3.328828828828829,0.00915549634952486,False
batch2,33,10,3.3273273273273274,0.009327342700484314,False
batch2,33,10,3.325825825825826,0.009501679118364395,False
batch2,33,10,3.324324324324324,0.009678119048684625,False
batch2,33,10,3.3228228228228227,0.009856275936964365,False
batch2,33,10,3.3213213213213213,0.010035763228723136,False
batch2,33,10,3.31981981981982,0.010216224428038264,False
batch2,33,10,3.3183183183183185,0.010397824312453173,False
batch2,33,10,3.3168168168168166,0.01058116897505958,False
batch2,33,10,3.315315315315315,0.010766878436798667,False
batch2,33,10,3.313813813813814,0.01095557271861178,False
batch2,33,10,3.3123123123123124,0.011147871841440208,False
batch2,33,10,3.310810810810811,0.011344395826225241,False
batch2,33,10,3.309309309309309,0.011545671360378205,False
batch2,33,10,3.3078078078078077,0.011751594201058936,False
batch2,33,10,3.3063063063063063,0.011961798816304724,False
batch2,33,10,3.304804804804805,0.012175918838082288,False
batch2,33,10,3.3033033033033035,0.012393587898358342,False
batch2,33,10,3.3018018018018016,0.012614439629099663,False
batch2,33,10,3.3003003003003,0.01283810766241175,False
batch2,33,10,3.298798798798799,0.013064333805139735,False
batch2,33,10,3.2972972972972974,0.013293278533131378,False
batch2,33,10,3.295795795795796,0.013525203595003456,False
batch2,33,10,3.294294294294294,0.01376037073937282,False
batch2,33,10,3.2927927927927927,0.013999041714856114,False
batch2,33,10,3.2912912912912913,0.014241478270070185,False
batch2,33,10,3.28978978978979,0.014487941748053021,False
batch2,33,10,3.2882882882882885,0.01473864787106346,False
batch2,33,10,3.2867867867867866,0.014993725558679779,False
batch2,33,10,3.285285285285285,0.015253294004063904,False
batch2,33,10,3.2837837837837838,0.015517472400377989,False
batch2,33,10,3.2822822822822824,0.01578637994078411,False
batch2,33,10,3.280780780780781,0.016060135818444343,False
batch2,33,10,3.279279279279279,0.016338854599395523,False
batch2,33,10,3.2777777777777777,0.0166225294971481,False
batch2,33,10,3.2762762762762763,0.016911023449556577,False
batch2,33,10,3.274774774774775,0.017204192979907135,False
batch2,33,10,3.2732732732732734,0.017501894611485953,False
batch2,33,10,3.2717717717717716,0.0178039848675793,False
batch2,33,10,3.27027027027027,0.018110320271473176,False
batch2,33,10,3.2687687687687688,0.018420834771190803,False
batch2,33,10,3.2672672672672673,0.018736209929129586,False
batch2,33,10,3.265765765765766,0.01905754591100157,False
batch2,33,10,3.264264264264264,0.019385947483724426,False
batch2,33,10,3.2627627627627627,0.019722519414215517,False
batch2,33,10,3.2612612612612613,0.02006836646939251,False
batch2,33,10,3.25975975975976,0.020424593390835556,False
batch2,33,10,3.2582582582582584,0.02079200426302702,False
batch2,33,10,3.2567567567567566,0.021170354756945155,False
batch2,33,10,3.255255255255255,0.021559172159469057,False
batch2,33,10,3.2537537537537538,0.021957983757478153,False
batch2,33,10,3.2522522522522523,0.022366316837851764,False
batch2,33,10,3.250750750750751,0.022783698687469205,False
batch2,33,10,3.249249249249249,0.023209674902130235,False
batch2,33,10,3.2477477477477477,0.023644659136373276,False
batch2,33,10,3.2462462462462462,0.024090292491455733,False
batch2,33,10,3.244744744744745,0.02454830897029513,False
batch2,33,10,3.2432432432432434,0.02502044257580899,False
batch2,33,10,3.2417417417417416,0.025508427310914985,False
batch2,33,10,3.24024024024024,0.026013997178530347,False
batch2,33,10,3.2387387387387387,0.026538793247227476,False
batch2,33,10,3.2372372372372373,0.02708328603918877,False
batch2,33,10,3.235735735735736,0.02764714573223776,False
batch2,33,10,3.234234234234234,0.028230026981496188,False
batch2,33,10,3.2327327327327327,0.02883158444208525,False
batch2,33,10,3.2312312312312312,0.02945147276912667,False
batch2,33,10,3.22972972972973,0.030089346617742,False
batch2,33,10,3.2282282282282284,0.030745526801197274,False
batch2,33,10,3.2267267267267266,0.03142336222214799,False
batch2,33,10,3.225225225225225,0.032127061731625134,False
batch2,33,10,3.2237237237237237,0.03286083423924674,False
batch2,33,10,3.2222222222222223,0.03362888865463067,False
batch2,33,10,3.220720720720721,0.03443543388739476,False
batch2,33,10,3.219219219219219,0.035284672548558826,False
batch2,33,10,3.2177177177177176,0.03618026184133095,False
batch2,33,10,3.2162162162162162,0.037124899921764196,False
batch2,33,10,3.214714714714715,0.038121187564978884,False
batch2,33,10,3.2132132132132134,0.03917172554609531,False
batch2,33,10,3.2117117117117115,0.04027911464023413,False
batch2,33,10,3.21021021021021,0.04144597893726356,False
batch2,33,10,3.2087087087087087,0.042678197725124344,False
batch2,33,10,3.2072072072072073,0.04398822045722644,False
batch2,33,10,3.205705705705706,0.04538928727339024,False
batch2,33,10,3.204204204204204,0.046894638313436626,False
batch2,33,10,3.2027027027027026,0.04851775151711568,False
batch2,33,10,3.201201201201201,0.050274214729104746,False
batch2,33,10,3.1996996996997,0.05218071943423548,False
batch2,33,10,3.198198198198198,0.05425385197565214,False
batch2,33,10,3.1966966966966965,0.056505235245451736,False
batch2,33,10,3.195195195195195,0.058939738653642125,False
batch2,33,10,3.1936936936936937,0.06156526784863431,False
batch2,33,10,3.1921921921921923,0.06441893717459132,False
batch2,33,10,3.1906906906906904,0.06755281425058957,False
batch2,33,10,3.189189189189189,0.07102711382318284,False
batch2,33,10,3.1876876876876876,0.07490730711566904,False
batch2,33,10,3.186186186186186,0.07924892081290359,False
batch2,33,10,3.184684684684685,0.08408338885643583,False
batch2,33,10,3.183183183183183,0.08935803521892985,False
batch2,33,10,3.1816816816816815,0.09485813820114462,False
batch2,33,10,3.18018018018018,0.1006789232469006,False
batch2,33,10,3.1786786786786787,0.1072233196712889,False
batch2,33,10,3.1771771771771773,0.11449328990009885,False
batch2,33,10,3.1756756756756754,0.12195421041845061,False
batch2,33,10,3.174174174174174,0.1295476596822008,False
batch2,33,10,3.1726726726726726,0.13765739182291412,False
batch2,33,10,3.171171171171171,0.14639983390397124,False
batch2,33,10,3.16966966966967,0.15536508114157307,False
batch2,33,10,3.168168168168168,0.1644747141326138,False
batch2,33,10,3.1666666666666665,0.17382584561434214,False
batch2,33,10,3.165165165165165,0.183425519163649,False
batch2,33,10,3.1636636636636637,0.19322022192159463,False
batch2,33,10,3.1621621621621623,0.2030470462542324,False
batch2,33,10,3.1606606606606604,0.21298147470444595,False
batch2,33,10,3.159159159159159,0.22301429108097284,False
batch2,33,10,3.1576576576576576,0.23310304429398132,False
batch2,33,10,3.156156156156156,0.24322065439834029,False
batch2,33,10,3.1546546546546548,0.253221902712001,False
batch2,33,10,3.153153153153153,0.2631362840397795,False
batch2,33,10,3.1516516516516515,0.27321735027704497,False
batch2,33,10,3.15015015015015,0.28320343140650184,False
batch2,33,10,3.1486486486486487,0.29282308409468377,False
batch2,33,10,3.1471471471471473,0.3024624960756203,False
batch2,33,10,3.1456456456456454,0.3121319427595056,False
batch2,33,10,3.144144144144144,0.32148034343924414,False
batch2,33,10,3.1426426426426426,0.33059578071638984,False
batch2,33,10,3.141141141141141,0.33979815878604286,False
batch2,33,10,3.1396396396396398,0.3489605671466121,False
batch2,33,10,3.138138138138138,0.35773027635560845,False
batch2,33,10,3.1366366366366365,0.36635145472345093,False
batch2,33,10,3.135135135135135,0.3749792748916728,False
batch2,33,10,3.1336336336336337,0.3835408291386277,False
batch2,33,10,3.1321321321321323,0.3918540519902543,False
batch2,33,10,3.1306306306306304,0.39989641274443044,False
batch2,33,10,3.129129129129129,0.4079717862263948,False
batch2,33,10,3.1276276276276276,0.4160641305004135,False
batch2,33,10,3.126126126126126,0.4240800449347785,False
batch2,33,10,3.1246246246246248,0.4319297456141072,False
batch2,33,10,3.123123123123123,0.43961971970632796,False
batch2,33,10,3.1216216216216215,0.44734025922083975,False
batch2,33,10,3.12012012012012,0.4548715915971264,False
batch2,33,10,3.1186186186186187,0.4623117571285377,False
batch2,33,10,3.1171171171171173,0.4698356966724702,False
batch2,33,10,3.1156156156156154,0.477447247643471,False
batch2,33,10,3.114114114114114,0.4849596636858075,False
batch2,33,10,3.1126126126126126,0.49230784209059497,False
batch2,33,10,3.111111111111111,0.49949502669109747,False
batch2,33,10,3.1096096096096097,0.5066516448153087,False
batch2,33,10,3.108108108108108,0.5138405900807334,False
batch2,33,10,3.1066066066066065,0.5209885100517003,False
batch2,33,10,3.105105105105105,0.5280244453440892,False
batch2,33,10,3.1036036036036037,0.5351134081887446,False
batch2,33,10,3.1021021021021022,0.542201896685768,False
batch2,33,10,3.1006006006006004,0.5492503559739406,False
batch2,33,10,3.099099099099099,0.5561380092397175,False
batch2,33,10,3.0975975975975976,0.5627353007687614,False
batch2,33,10,3.096096096096096,0.569438038299594,False
batch2,33,10,3.0945945945945947,0.5763539890998522,False
batch2,33,10,3.093093093093093,0.5832147801640336,False
batch2,33,10,3.0915915915915915,0.589970459446882,False
batch2,33,10,3.09009009009009,0.5967019341596604,False
batch2,33,10,3.0885885885885886,0.6033217927282138,False
batch2,33,10,3.0870870870870872,0.6098282605108788,False
batch2,33,10,3.0855855855855854,0.6163126394526607,False
batch2,33,10,3.084084084084084,0.6228480798622315,False
batch2,33,10,3.0825825825825826,0.6293164339168749,False
batch2,33,10,3.081081081081081,0.6356379779230253,False
batch2,33,10,3.0795795795795797,0.6418006345941991,False
batch2,33,10,3.078078078078078,0.6477975509817072,False
batch2,33,10,3.0765765765765765,0.6537817856437516,False
batch2,33,10,3.075075075075075,0.6597891242304355,False
batch2,33,10,3.0735735735735736,0.6656586643746921,False
batch2,33,10,3.0720720720720722,0.6713381732204404,False
batch2,33,10,3.0705705705705704,0.6769443886516312,False
batch2,33,10,3.069069069069069,0.6824537591607724,False
batch2,33,10,3.0675675675675675,0.6878863125052728,False
batch2,33,10,3.066066066066066,0.6932393233099,False
batch2,33,10,3.0645645645645647,0.6985854553896887,False
batch2,33,10,3.063063063063063,0.703912972357095,False
batch2,33,10,3.0615615615615615,0.7089659874204055,False
batch2,33,10,3.06006006006006,0.713828847994752,False
batch2,33,10,3.0585585585585586,0.718646097462723,False
batch2,33,10,3.057057057057057,0.7235839850608117,False
batch2,33,10,3.0555555555555554,0.7286016908563959,False
batch2,33,10,3.054054054054054,0.7334717838268696,False
batch2,33,10,3.0525525525525525,0.7381464823180102,False
batch2,33,10,3.051051051051051,0.7426600646229993,False
batch2,33,10,3.0495495495495497,0.7471078740242424,False
batch2,33,10,3.048048048048048,0.7515388030310755,False
batch2,33,10,3.0465465465465464,0.7558715592627603,False
batch2,33,10,3.045045045045045,0.7600786683468211,False
batch2,33,10,3.0435435435435436,0.7642319396624903,False
batch2,33,10,3.042042042042042,0.7684418419963023,False
batch2,33,10,3.0405405405405403,0.7726514407817098,False
batch2,33,10,3.039039039039039,0.7767448414377364,False
batch2,33,10,3.0375375375375375,0.7806573468139714,False
batch2,33,10,3.036036036036036,0.7844988669625756,False
batch2,33,10,3.0345345345345347,0.7883181320516944,False
batch2,33,10,3.033033033033033,0.7920764758502352,False
batch2,33,10,3.0315315315315314,0.7957947100224572,False
batch2,33,10,3.03003003003003,0.7994825587931994,False
batch2,33,10,3.0285285285285286,0.8030893486456964,False
batch2,33,10,3.027027027027027,0.8066013281214338,False
batch2,33,10,3.0255255255255253,0.8100443660469753,False
batch2,33,10,3.024024024024024,0.8134799664010044,False
batch2,33,10,3.0225225225225225,0.8169493712919745,False
batch2,33,10,3.021021021021021,0.8203756769022015,False
batch2,33,10,3.0195195195195197,0.823708428326568,False
batch2,33,10,3.018018018018018,0.8269822327019107,False
batch2,33,10,3.0165165165165164,0.8302103560618556,False
batch2,33,10,3.015015015015015,0.8333734296182704,False
batch2,33,10,3.0135135135135136,0.8364743870238055,False
batch2,33,10,3.012012012012012,0.8395348744588367,False
batch2,33,10,3.0105105105105103,0.8425449044198208,False
batch2,33,10,3.009009009009009,0.845470233655284,False
batch2,33,10,3.0075075075075075,0.8483191486711334,False
batch2,33,10,3.006006006006006,0.8511358872966088,False
batch2,33,10,3.0045045045045047,0.8539376902098115,False
batch2,33,10,3.003003003003003,0.8567045609348581,False
batch2,33,10,3.0015015015015014,0.8594216506781607,False
batch2,33,10,3.0,0.8620905632834592,False
batch2,33,10,2.9984984984984986,0.8647156573476347,False
batch2,33,10,2.996996996996997,0.8673042838924088,False
batch2,33,10,2.9954954954954953,0.86986384614403,False
batch2,33,10,2.993993993993994,0.8723880297678009,False
batch2,33,10,2.9924924924924925,0.874859192807506,False
batch2,33,10,2.990990990990991,0.877270115042726,False
batch2,33,10,2.9894894894894897,0.8796414487158944,False
batch2,33,10,2.987987987987988,0.88199660641829,False
batch2,33,10,2.9864864864864864,0.8843290217027803,False
batch2,33,10,2.984984984984985,0.886606406046193,False
batch2,33,10,2.9834834834834836,0.8888041982776214,False
batch2,33,10,2.981981981981982,0.8909383205879862,False
batch2,33,10,2.9804804804804803,0.8930366474109475,False
batch2,33,10,2.978978978978979,0.8951191278186222,False
batch2,33,10,2.9774774774774775,0.8971794701788265,False
batch2,33,10,2.975975975975976,0.8992059626451842,False
batch2,33,10,2.9744744744744747,0.9011903017599966,False
batch2,33,10,2.972972972972973,0.9031345097354547,False
batch2,33,10,2.9714714714714714,0.9050425567043268,False
batch2,33,10,2.96996996996997,0.906917734977148,False
batch2,33,10,2.9684684684684686,0.9087599996720114,False
batch2,33,10,2.966966966966967,0.9105682806093544,False
batch2,33,10,2.9654654654654653,0.9123418345728879,False
batch2,33,10,2.963963963963964,0.914085024389742,False
batch2,33,10,2.9624624624624625,0.9158062535470108,False
batch2,33,10,2.960960960960961,0.9175140357036885,False
batch2,33,10,2.9594594594594597,0.9192127205893006,False
batch2,33,10,2.957957957957958,0.9208920888794025,False
batch2,33,10,2.9564564564564564,0.9225387367145835,False
batch2,33,10,2.954954954954955,0.9241395000773794,False
batch2,33,10,2.9534534534534536,0.9256912655914105,False
batch2,33,10,2.951951951951952,0.9272044127625463,False
batch2,33,10,2.9504504504504503,0.9286902681620995,False
batch2,33,10,2.948948948948949,0.930160062267829,False
batch2,33,10,2.9474474474474475,0.9316187275954568,False
batch2,33,10,2.945945945945946,0.9330611157541598,False
batch2,33,10,2.9444444444444446,0.9344811727841367,False
batch2,33,10,2.942942942942943,0.9358728451358671,False
batch2,33,10,2.9414414414414414,0.9372324678105493,False
batch2,33,10,2.93993993993994,0.9385643888916398,False
batch2,33,10,2.9384384384384385,0.9398746349456413,False
batch2,33,10,2.936936936936937,0.941169232539056,False
batch2,33,10,2.9354354354354353,0.9424540852739938,False
batch2,33,10,2.933933933933934,0.9437306581826018,False
batch2,33,10,2.9324324324324325,0.9449948406620667,False
batch2,33,10,2.930930930930931,0.9462421680174652,False
batch2,33,10,2.9294294294294296,0.947468175553874,False
batch2,33,10,2.9279279279279278,0.9486685716511343,False
batch2,33,10,2.9264264264264264,0.949842931725887,False
batch2,33,10,2.924924924924925,0.9509946361094475,False
batch2,33,10,2.9234234234234235,0.9521272257824482,False
batch2,33,10,2.921921921921922,0.9532442417255215,False
batch2,33,10,2.9204204204204203,0.9543492220527541,False
batch2,33,10,2.918918918918919,0.9554441082887007,False
batch2,33,10,2.9174174174174174,0.9565265932976369,False
batch2,33,10,2.915915915915916,0.9575936709956554,False
batch2,33,10,2.9144144144144146,0.9586423352988491,False
batch2,33,10,2.9129129129129128,0.9596695801233112,False
batch2,33,10,2.9114114114114114,0.9606724437866508,False
batch2,33,10,2.90990990990991,0.9616501342714439,False
batch2,33,10,2.9084084084084085,0.9626049654163679,False
batch2,33,10,2.906906906906907,0.9635394902854628,False
batch2,33,10,2.9054054054054053,0.9644562619427687,False
batch2,33,10,2.903903903903904,0.9653578334523245,False
batch2,33,10,2.9024024024024024,0.9662467578781705,False
batch2,33,10,2.900900900900901,0.9671253996793767,False
batch2,33,10,2.8993993993993996,0.9679944143092527,False
batch2,33,10,2.8978978978978978,0.9688535478340761,False
batch2,33,10,2.8963963963963963,0.9697025378803977,False
batch2,33,10,2.894894894894895,0.9705411220747692,False
batch2,33,10,2.8933933933933935,0.9713690380437418,False
batch2,33,10,2.891891891891892,0.9721860234116588,False
batch2,33,10,2.8903903903903903,0.9729917888974954,False
batch2,33,10,2.888888888888889,0.9737859512814084,False
batch2,33,10,2.8873873873873874,0.974568106854175,False
batch2,33,10,2.885885885885886,0.9753378519065716,False
batch2,33,10,2.8843843843843846,0.976094782729375,False
batch2,33,10,2.8828828828828827,0.9768384956133618,False
batch2,33,10,2.8813813813813813,0.977568595692808,False
batch2,33,10,2.87987987987988,0.9782852547015882,False
batch2,33,10,2.8783783783783785,0.9789895439469003,False
batch2,33,10,2.876876876876877,0.9796826146681196,False
batch2,33,10,2.8753753753753752,0.9803656181046217,False
batch2,33,10,2.873873873873874,0.9810397054957818,False
batch2,33,10,2.8723723723723724,0.9817060280809754,False
batch2,33,10,2.870870870870871,0.9823656746398796,False
batch2,33,10,2.8693693693693696,0.9830187556916012,False
batch2,33,10,2.8678678678678677,0.983664605704622,False
batch2,33,10,2.8663663663663663,0.9843025378106951,False
batch2,33,10,2.864864864864865,0.9849318651415743,False
batch2,33,10,2.8633633633633635,0.9855519008290132,False
batch2,33,10,2.861861861861862,0.9861619580047655,False
batch2,33,10,2.8603603603603602,0.986761529331739,False
batch2,33,10,2.858858858858859,0.9873512303380445,False
batch2,33,10,2.8573573573573574,0.9879321097911,False
batch2,33,10,2.855855855855856,0.9885052173807096,False
batch2,33,10,2.8543543543543546,0.9890716027966772,False
batch2,33,10,2.8528528528528527,0.9896323157288067,False
batch2,33,10,2.8513513513513513,0.9901884041836353,False
batch2,33,10,2.84984984984985,0.9907404177497546,False
batch2,33,10,2.8483483483483485,0.9912877147899507,False
batch2,33,10,2.846846846846847,0.9918294794528977,False
batch2,33,10,2.8453453453453452,0.9923648958872696,False
batch2,33,10,2.843843843843844,0.9928931482417402,False
batch2,33,10,2.8423423423423424,0.9934134206649838,False
batch2,33,10,2.840840840840841,0.993924931794519,False
batch2,33,10,2.8393393393393396,0.9944277397227921,False
batch2,33,10,2.8378378378378377,0.9949227685022823,False
batch2,33,10,2.8363363363363363,0.9954109819769404,False
batch2,33,10,2.834834834834835,0.995893343990717,False
batch2,33,10,2.8333333333333335,0.9963708183875631,False
batch2,33,10,2.831831831831832,0.9968443690114293,False
batch2,33,10,2.83033033033033,0.9973148603406414,False
batch2,33,10,2.828828828828829,0.9977823544442214,False
batch2,33,10,2.8273273273273274,0.9982465252868966,False
batch2,33,10,2.825825825825826,0.9987070443029196,False
batch2,33,10,2.8243243243243246,0.9991635829265426,False
batch2,33,10,2.8228228228228227,0.9996158125920185,False
batch2,33,10,2.8213213213213213,1.0000634047747783,False
batch2,33,10,2.81981981981982,1.0005061314984227,False
batch2,33,10,2.8183183183183185,1.0009440814719066,False
batch2,33,10,2.816816816816817,1.0013774055949138,False
batch2,33,10,2.815315315315315,1.0018062547671278,False
batch2,33,10,2.813813813813814,1.0022307798882322,False
batch2,33,10,2.8123123123123124,1.0026511318579103,False
batch2,33,10,2.810810810810811,1.0030674598259737,False
batch2,33,10,2.8093093093093096,1.0034798512260446,False
batch2,33,10,2.8078078078078077,1.0038883167909145,False
batch2,33,10,2.8063063063063063,1.0042928624621157,False
batch2,33,10,2.804804804804805,1.0046934941811811,False
batch2,33,10,2.8033033033033035,1.0050902178896428,False
batch2,33,10,2.801801801801802,1.0054830395290335,False
batch2,33,10,2.8003003003003,1.0058719650653183,False
batch2,33,10,2.798798798798799,1.006257000675575,False
batch2,33,10,2.7972972972972974,1.0066381526449346,False
batch2,33,10,2.795795795795796,1.0070154272594005,False
batch2,33,10,2.7942942942942945,1.0073888308049768,False
batch2,33,10,2.7927927927927927,1.0077583695676675,False
batch2,33,10,2.7912912912912913,1.0081240498454402,False
batch2,33,10,2.78978978978979,1.0084859702881166,False
batch2,33,10,2.7882882882882885,1.008844544528984,False
batch2,33,10,2.786786786786787,1.0092002532960875,False
batch2,33,10,2.785285285285285,1.0095535773174722,False
batch2,33,10,2.7837837837837838,1.0099049973211827,False
batch2,33,10,2.7822822822822824,1.0102549940352643,False
batch2,33,10,2.7807807807807805,1.0106040417620104,False
batch2,33,10,2.7792792792792795,1.0109522113291043,False
batch2,33,10,2.7777777777777777,1.0112989376452748,False
batch2,33,10,2.7762762762762763,1.0116435996666466,False
batch2,33,10,2.774774774774775,1.0119855763493448,False
batch2,33,10,2.773273273273273,1.012324246649494,False
batch2,33,10,2.771771771771772,1.0126589895232185,False
batch2,33,10,2.77027027027027,1.0129892288673483,False
batch2,33,10,2.7687687687687688,1.0133149740710812,False
batch2,33,10,2.7672672672672673,1.0136366445322198,False
batch2,33,10,2.7657657657657655,1.0139546680900107,False
batch2,33,10,2.7642642642642645,1.014269472583701,False
batch2,33,10,2.7627627627627627,1.0145814858525375,False
batch2,33,10,2.7612612612612613,1.014891135735767,False
batch2,33,10,2.75975975975976,1.0151987852231534,False
batch2,33,10,2.758258258258258,1.0155044733635923,False
batch2,33,10,2.756756756756757,1.0158081382608461,False
batch2,33,10,2.755255255255255,1.016109717985823,False
batch2,33,10,2.7537537537537538,1.0164091506094304,False
batch2,33,10,2.7522522522522523,1.0167063742025757,False
batch2,33,10,2.7507507507507505,1.0170013273108525,False
batch2,33,10,2.7492492492492495,1.0172940092472258,False
batch2,33,10,2.7477477477477477,1.0175845391790344,False
batch2,33,10,2.7462462462462462,1.0178730503037337,False
batch2,33,10,2.744744744744745,1.0181596758187792,False
batch2,33,10,2.743243243243243,1.0184445489216272,False
batch2,33,10,2.741741741741742,1.0187278028097326,False
batch2,33,10,2.74024024024024,1.0190095591743076,False
batch2,33,10,2.7387387387387387,1.0192897510244576,False
batch2,33,10,2.7372372372372373,1.0195681571827213,False
batch2,33,10,2.7357357357357355,1.0198445519527808,False
batch2,33,10,2.7342342342342345,1.0201187096383182,False
batch2,33,10,2.7327327327327327,1.0203904045430154,False
batch2,33,10,2.7312312312312312,1.0206594109705547,False
batch2,33,10,2.72972972972973,1.0209255679073,False
batch2,33,10,2.728228228228228,1.0211890535551555,False
batch2,33,10,2.726726726726727,1.0214501569343692,False
batch2,33,10,2.725225225225225,1.0217091671274519,False
batch2,33,10,2.7237237237237237,1.0219663732169144,False
batch2,33,10,2.7222222222222223,1.0222220642852673,False
batch2,33,10,2.7207207207207205,1.022476528653344,False
batch2,33,10,2.7192192192192195,1.0227298596876473,False
batch2,33,10,2.7177177177177176,1.0229816980670967,False
batch2,33,10,2.7162162162162162,1.023231620375354,False
batch2,33,10,2.714714714714715,1.023479203196081,False
batch2,33,10,2.713213213213213,1.0237240231129403,False
batch2,33,10,2.7117117117117115,1.0239656567095934,False
batch2,33,10,2.71021021021021,1.0242036991414907,False
batch2,33,10,2.7087087087087087,1.0244382833681904,False
batch2,33,10,2.7072072072072073,1.024670149919788,False
batch2,33,10,2.7057057057057055,1.0249000719165622,False
batch2,33,10,2.704204204204204,1.0251288224787898,False
batch2,33,10,2.7027027027027026,1.025357174726749,False
batch2,33,10,2.701201201201201,1.0255859017807176,False
batch2,33,10,2.6996996996997,1.0258156711177089,False
batch2,33,10,2.698198198198198,1.026046228423379,False
batch2,33,10,2.6966966966966965,1.0262768437806356,False
batch2,33,10,2.695195195195195,1.0265067833124986,False
batch2,33,10,2.6936936936936937,1.0267353131419865,False
batch2,33,10,2.6921921921921923,1.026961699392119,False
batch2,33,10,2.6906906906906904,1.0271852082198063,False
batch2,33,10,2.689189189189189,1.0274053547839948,False
batch2,33,10,2.6876876876876876,1.0276225011592426,False
batch2,33,10,2.686186186186186,1.0278371893153033,False
batch2,33,10,2.684684684684685,1.0280499612219298,False
batch2,33,10,2.683183183183183,1.0282613588488754,False
batch2,33,10,2.6816816816816815,1.0284719241658928,False
batch2,33,10,2.68018018018018,1.0286821932074934,False
batch2,33,10,2.6786786786786787,1.0288923625808528,False
batch2,33,10,2.6771771771771773,1.0291021121579766,False
batch2,33,10,2.6756756756756754,1.0293110784387307,False
batch2,33,10,2.674174174174174,1.0295188979229808,False
batch2,33,10,2.6726726726726726,1.029725207110593,False
batch2,33,10,2.671171171171171,1.029929642501433,False
batch2,33,10,2.66966966966967,1.0301318639464203,False
batch2,33,10,2.668168168168168,1.0303318098746899,False
batch2,33,10,2.6666666666666665,1.0305296018840042,False
batch2,33,10,2.665165165165165,1.030725364783311,False
batch2,33,10,2.6636636636636637,1.0309192233815576,False
batch2,33,10,2.6621621621621623,1.0311113024876915,False
batch2,33,10,2.6606606606606604,1.03130172691066,False
batch2,33,10,2.659159159159159,1.0314906281306555,False
batch2,33,10,2.6576576576576576,1.0316781727794304,False
batch2,33,10,2.656156156156156,1.0318645390248504,False
batch2,33,10,2.6546546546546548,1.0320499050415768,False
batch2,33,10,2.653153153153153,1.0322344490042705,False
batch2,33,10,2.6516516516516515,1.0324183490875924,False
batch2,33,10,2.65015015015015,1.0326017834019288,False
batch2,33,10,2.6486486486486487,1.0327848213446902,False
batch2,33,10,2.6471471471471473,1.0329672011777895,False
batch2,33,10,2.6456456456456454,1.0331485983426214,False
batch2,33,10,2.644144144144144,1.033328688280581,False
batch2,33,10,2.6426426426426426,1.033507146433063,False
batch2,33,10,2.641141141141141,1.0336836482414624,False
batch2,33,10,2.6396396396396398,1.0338578739050002,False
batch2,33,10,2.638138138138138,1.0340297676727563,False
batch2,33,10,2.6366366366366365,1.0341996712080508,False
batch2,33,10,2.635135135135135,1.0343679590104908,False
batch2,33,10,2.6336336336336337,1.0345350055796834,False
batch2,33,10,2.6321321321321323,1.0347011854152355,False
batch2,33,10,2.6306306306306304,1.0348668730167545,False
batch2,33,10,2.629129129129129,1.0350324222233622,False
batch2,33,10,2.6276276276276276,1.0351978395269177,False
batch2,33,10,2.626126126126126,1.0353628430358144,False
batch2,33,10,2.6246246246246248,1.0355271421188084,False
batch2,33,10,2.623123123123123,1.0356904461446557,False
batch2,33,10,2.6216216216216215,1.0358524644821117,False
batch2,33,10,2.62012012012012,1.0360129064999326,False
batch2,33,10,2.6186186186186187,1.0361715235778706,False
batch2,33,10,2.6171171171171173,1.0363283834388903,False
batch2,33,10,2.6156156156156154,1.0364836979161323,False
batch2,33,10,2.614114114114114,1.0366376795738228,False
batch2,33,10,2.6126126126126126,1.0367905409761886,False
batch2,33,10,2.611111111111111,1.0369424946874561,False
batch2,33,10,2.6096096096096097,1.0370937532327806,False
batch2,33,10,2.608108108108108,1.0372444979992705,False
batch2,33,10,2.6066066066066065,1.0373948232611172,False
batch2,33,10,2.605105105105105,1.0375448081749865,False
batch2,33,10,2.6036036036036037,1.0376945318975448,False
batch2,33,10,2.6021021021021022,1.037844073585458,False
batch2,33,10,2.6006006006006004,1.0379935123953918,False
batch2,33,10,2.599099099099099,1.0381429260556714,False
batch2,33,10,2.5975975975975976,1.038292208638178,False
batch2,33,10,2.596096096096096,1.0384408915496588,False
batch2,33,10,2.5945945945945947,1.0385884636824871,False
batch2,33,10,2.593093093093093,1.038734413929036,False
batch2,33,10,2.5915915915915915,1.0388782311816789,False
batch2,33,10,2.59009009009009,1.0390194043327892,False
batch2,33,10,2.5885885885885886,1.039157446513656,False
batch2,33,10,2.5870870870870872,1.039292417076863,False
batch2,33,10,2.5855855855855854,1.0394249154055355,False
batch2,33,10,2.584084084084084,1.0395555638835139,False
batch2,33,10,2.5825825825825826,1.0396849848946388,False
batch2,33,10,2.581081081081081,1.0398138008227507,False
batch2,33,10,2.5795795795795797,1.0399426340516895,False
batch2,33,10,2.578078078078078,1.0400720662609408,False
batch2,33,10,2.5765765765765765,1.04020216268346,False
batch2,33,10,2.575075075075075,1.0403326335990606,False
batch2,33,10,2.5735735735735736,1.0404631823123793,False
batch2,33,10,2.5720720720720722,1.0405935121280527,False
batch2,33,10,2.5705705705705704,1.0407233263507183,False
batch2,33,10,2.569069069069069,1.0408523282850126,False
batch2,33,10,2.5675675675675675,1.0409802426174846,False
batch2,33,10,2.566066066066066,1.0411069859949031,False
batch2,33,10,2.5645645645645647,1.041232576442626,False
batch2,33,10,2.563063063063063,1.0413570329026731,False
batch2,33,10,2.5615615615615615,1.0414803743170644,False
batch2,33,10,2.56006006006006,1.04160261962782,False
batch2,33,10,2.5585585585585586,1.0417237877769658,False
batch2,33,10,2.557057057057057,1.0418439006436362,False
batch2,33,10,2.5555555555555554,1.0419629914191721,False
batch2,33,10,2.554054054054054,1.042081096017928,False
batch2,33,10,2.5525525525525525,1.0421982503542593,False
batch2,33,10,2.551051051051051,1.0423144903425205,False
batch2,33,10,2.5495495495495497,1.0424298518970667,False
batch2,33,10,2.548048048048048,1.0425443706123905,False
batch2,33,10,2.5465465465465464,1.0426580581549973,False
batch2,33,10,2.545045045045045,1.042770886088138,False
batch2,33,10,2.5435435435435436,1.0428828221471806,False
batch2,33,10,2.542042042042042,1.042993834067494,False
batch2,33,10,2.5405405405405403,1.0431038895844462,False
batch2,33,10,2.539039039039039,1.0432129564334058,False
batch2,33,10,2.5375375375375375,1.043321008314439,False
batch2,33,10,2.536036036036036,1.043428137033295,False
batch2,33,10,2.5345345345345347,1.0435345427824356,False
batch2,33,10,2.533033033033033,1.0436404297707333,False
batch2,33,10,2.5315315315315314,1.0437460022070593,False
batch2,33,10,2.53003003003003,1.0438514643002856,False
batch2,33,10,2.5285285285285286,1.043957020259284,False
batch2,33,10,2.527027027027027,1.0440628291645233,False
batch2,33,10,2.5255255255255253,1.0441687051186819,False
batch2,33,10,2.524024024024024,1.0442743030071828,False
batch2,33,10,2.5225225225225225,1.0443792768604736,False
batch2,33,10,2.521021021021021,1.0444832807090016,False
batch2,33,10,2.5195195195195197,1.0445859685832142,False
batch2,33,10,2.518018018018018,1.0446869945168595,False
batch2,33,10,2.5165165165165164,1.0447861344474636,False
batch2,33,10,2.515015015015015,1.0448836087262798,False
batch2,33,10,2.5135135135135136,1.0449797389491196,False
batch2,33,10,2.512012012012012,1.0450748467117943,False
batch2,33,10,2.5105105105105103,1.0451692536101156,False
batch2,33,10,2.509009009009009,1.0452632812398952,False
batch2,33,10,2.5075075075075075,1.0453572509824718,False
batch2,33,10,2.506006006006006,1.045451365545073,False
batch2,33,10,2.5045045045045047,1.0455455121435853,False
batch2,33,10,2.503003003003003,1.045639526147253,False
batch2,33,10,2.5015015015015014,1.0457332429253203,False
batch2,33,10,2.5,1.045826497847032,False
batch2,33,10,2.4984984984984986,1.0459191262816319,False
batch2,33,10,2.496996996996997,1.0460109662420132,False
batch2,33,10,2.4954954954954953,1.0461019458568188,False
batch2,33,10,2.493993993993994,1.0461921034813717,False
batch2,33,10,2.4924924924924925,1.046281484188065,False
batch2,33,10,2.490990990990991,1.046370133049291,False
batch2,33,10,2.4894894894894897,1.046458095137442,False
batch2,33,10,2.487987987987988,1.046545415524911,False
batch2,33,10,2.4864864864864864,1.046632137517076,False
batch2,33,10,2.484984984984985,1.0467182604097176,False
batch2,33,10,2.4834834834834836,1.046803737532217,False
batch2,33,10,2.481981981981982,1.0468885200553477,False
batch2,33,10,2.4804804804804803,1.0469725591498833,False
batch2,33,10,2.478978978978979,1.047055805986597,False
batch2,33,10,2.4774774774774775,1.0471382117362626,False
batch2,33,10,2.475975975975976,1.0472197308621183,False
batch2,33,10,2.4744744744744747,1.047300362963012,False
batch2,33,10,2.472972972972973,1.0473801403854373,False
batch2,33,10,2.4714714714714714,1.0474590962105337,False
batch2,33,10,2.46996996996997,1.04753726351944,False
batch2,33,10,2.4684684684684686,1.0476146753932958,False
batch2,33,10,2.466966966966967,1.0476913649132404,False
batch2,33,10,2.4654654654654653,1.0477673804068601,False
batch2,33,10,2.463963963963964,1.047842853140041,False
batch2,33,10,2.4624624624624625,1.0479179424448148,False
batch2,33,10,2.460960960960961,1.0479928076754654,False
batch2,33,10,2.4594594594594597,1.0480676081862765,False
batch2,33,10,2.457957957957958,1.0481425033315321,False
batch2,33,10,2.4564564564564564,1.048217652358025,False
batch2,33,10,2.454954954954955,1.048293105352756,False
batch2,33,10,2.4534534534534536,1.0483685976779784,False
batch2,33,10,2.451951951951952,1.0484438083152212,False
batch2,33,10,2.4504504504504503,1.0485184162460133,False
batch2,33,10,2.448948948948949,1.0485921004518834,False
batch2,33,10,2.4474474474474475,1.0486645399143608,False
batch2,33,10,2.445945945945946,1.048735420970058,False
batch2,33,10,2.4444444444444446,1.0488046824953319,False
batch2,33,10,2.442942942942943,1.048872573318232,False
batch2,33,10,2.4414414414414414,1.048939361255535,False
batch2,33,10,2.43993993993994,1.049005314124018,False
batch2,33,10,2.4384384384384385,1.049070699740458,False
batch2,33,10,2.436936936936937,1.0491357859216317,False
batch2,33,10,2.4354354354354353,1.0492008377093325,False
batch2,33,10,2.433933933933934,1.0492659631799393,False
batch2,33,10,2.4324324324324325,1.0493310324424485,False
batch2,33,10,2.4309309309309306,1.0493958957459586,False
batch2,33,10,2.4294294294294296,1.0494604033395674,False
batch2,33,10,2.4279279279279278,1.0495244054723734,False
batch2,33,10,2.4264264264264264,1.0495877523934747,False
batch2,33,10,2.424924924924925,1.0496502960919567,False
batch2,33,10,2.423423423423423,1.049711985250313,False
batch2,33,10,2.421921921921922,1.049772914155305,False
batch2,33,10,2.4204204204204203,1.0498331891326296,False
batch2,33,10,2.418918918918919,1.0498929165079847,False
batch2,33,10,2.4174174174174174,1.0499522026070671,False
batch2,33,10,2.4159159159159156,1.0500111537555745,False
batch2,33,10,2.4144144144144146,1.0500698755830784,False
batch2,33,10,2.4129129129129128,1.0501284449871435,False
batch2,33,10,2.4114114114114114,1.0501869005454323,False
batch2,33,10,2.40990990990991,1.050245278171921,False
batch2,33,10,2.408408408408408,1.0503036137805852,False
batch2,33,10,2.406906906906907,1.0503619432854008,False
batch2,33,10,2.4054054054054053,1.0504203026003438,False
batch2,33,10,2.403903903903904,1.0504787158889985,False
batch2,33,10,2.4024024024024024,1.0505370742519886,False
batch2,33,10,2.4009009009009006,1.0505951845923023,False
batch2,33,10,2.3993993993993996,1.050652852481912,False
batch2,33,10,2.3978978978978978,1.0507098834927908,False
batch2,33,10,2.3963963963963963,1.0507660831969108,False
batch2,33,10,2.394894894894895,1.0508212571662445,False
batch2,33,10,2.393393393393393,1.0508752326569684,False
batch2,33,10,2.391891891891892,1.0509280402166357,False
batch2,33,10,2.3903903903903903,1.0509798215754165,False
batch2,33,10,2.388888888888889,1.0510307195954516,False
batch2,33,10,2.3873873873873874,1.0510808771388813,False
batch2,33,10,2.3858858858858856,1.0511304370678463,False
batch2,33,10,2.3843843843843846,1.0511795422444867,False
batch2,33,10,2.3828828828828827,1.0512283305290704,False
batch2,33,10,2.3813813813813813,1.0512768466416036,False
batch2,33,10,2.37987987987988,1.0513250529151514,False
batch2,33,10,2.378378378378378,1.0513729088417212,False
batch2,33,10,2.376876876876877,1.05142037391332,False
batch2,33,10,2.3753753753753752,1.0514674076219557,False
batch2,33,10,2.373873873873874,1.0515139694596352,False
batch2,33,10,2.3723723723723724,1.0515600230113007,False
batch2,33,10,2.3708708708708706,1.0516055781851077,False
batch2,33,10,2.3693693693693696,1.0516506741888423,False
batch2,33,10,2.3678678678678677,1.0516953506929396,False
batch2,33,10,2.3663663663663663,1.0517396473678349,False
batch2,33,10,2.364864864864865,1.051783603883963,False
batch2,33,10,2.363363363363363,1.0518272599117588,False
batch2,33,10,2.361861861861862,1.0518706536763267,False
batch2,33,10,2.3603603603603602,1.0519137984534723,False
batch2,33,10,2.358858858858859,1.0519566864576393,False
batch2,33,10,2.3573573573573574,1.0519993092425295,False
batch2,33,10,2.3558558558558556,1.0520416583618444,False
batch2,33,10,2.3543543543543546,1.0520837253692856,False
batch2,33,10,2.3528528528528527,1.0521255018185547,False
batch2,33,10,2.3513513513513513,1.0521669831278648,False
batch2,33,10,2.34984984984985,1.0522082141982407,False
batch2,33,10,2.348348348348348,1.0522492741617069,False
batch2,33,10,2.346846846846847,1.0522902428339977,False
batch2,33,10,2.3453453453453452,1.0523312000308478,False
batch2,33,10,2.343843843843844,1.0523722255679913,False
batch2,33,10,2.3423423423423424,1.0524133992611628,False
batch2,33,10,2.3408408408408405,1.052454800038674,False
batch2,33,10,2.3393393393393396,1.052496417187908,False
batch2,33,10,2.3378378378378377,1.0525380747076893,False
batch2,33,10,2.3363363363363363,1.0525795787803094,False
batch2,33,10,2.334834834834835,1.0526207355880606,False
batch2,33,10,2.333333333333333,1.0526613513132348,False
batch2,33,10,2.331831831831832,1.052701232138124,False
batch2,33,10,2.33033033033033,1.052740194360976,False
batch2,33,10,2.328828828828829,1.0527782306485427,False
batch2,33,10,2.3273273273273274,1.0528154834811505,False
batch2,33,10,2.3258258258258255,1.0528521000997233,False
batch2,33,10,2.3243243243243246,1.0528882277451843,False
batch2,33,10,2.3228228228228227,1.052924013658457,False
batch2,33,10,2.3213213213213213,1.052959605080465,False
batch2,33,10,2.31981981981982,1.052995149252132,False
batch2,33,10,2.318318318318318,1.053030757650526,False
batch2,33,10,2.316816816816817,1.0530663746587696,False
batch2,33,10,2.315315315315315,1.0531018959000906,False
batch2,33,10,2.313813813813814,1.053137216991924,False
batch2,33,10,2.3123123123123124,1.0531722335517038,False
batch2,33,10,2.3108108108108105,1.053206841196865,False
batch2,33,10,2.3093093093093096,1.053240935743626,False
batch2,33,10,2.3078078078078077,1.053274462101074,False
batch2,33,10,2.3063063063063063,1.053307478338824,False
batch2,33,10,2.304804804804805,1.053340058416359,False
batch2,33,10,2.303303303303303,1.0533722762931612,False
batch2,33,10,2.301801801801802,1.053404205928713,False
batch2,33,10,2.3003003003003,1.0534359212824969,False
batch2,33,10,2.298798798798799,1.0534674963139954,False
batch2,33,10,2.2972972972972974,1.0534990027259763,False
batch2,33,10,2.2957957957957955,1.0535304805272458,False
batch2,33,10,2.2942942942942945,1.0535619463472061,False
batch2,33,10,2.2927927927927927,1.0535934162698661,False
batch2,33,10,2.2912912912912913,1.0536249063792356,False
batch2,33,10,2.28978978978979,1.0536564327593236,False
batch2,33,10,2.288288288288288,1.0536880114941396,False
batch2,33,10,2.286786786786787,1.0537196546742154,False
batch2,33,10,2.285285285285285,1.05375129217421,False
batch2,33,10,2.2837837837837838,1.0537827766737062,False
batch2,33,10,2.2822822822822824,1.0538139578642178,False
batch2,33,10,2.2807807807807805,1.0538446854372594,False
batch2,33,10,2.2792792792792795,1.0538748090843446,False
batch2,33,10,2.2777777777777777,1.0539041784969878,False
batch2,33,10,2.2762762762762763,1.053932647268644,False
batch2,33,10,2.274774774774775,1.053960216456623,False
batch2,33,10,2.273273273273273,1.0539870762704977,False
batch2,33,10,2.271771771771772,1.0540134293218093,False
batch2,33,10,2.27027027027027,1.0540394782220994,False
batch2,33,10,2.2687687687687688,1.0540654255829092,False
batch2,33,10,2.2672672672672673,1.0540914740157803,False
batch2,33,10,2.2657657657657655,1.054117821160726,False
batch2,33,10,2.2642642642642645,1.0541445205645672,False
batch2,33,10,2.2627627627627627,1.0541714629160666,False
batch2,33,10,2.2612612612612613,1.0541985301618475,False
batch2,33,10,2.25975975975976,1.0542256042485327,False
batch2,33,10,2.258258258258258,1.0542525671227452,False
batch2,33,10,2.256756756756757,1.0542793007311078,False
batch2,33,10,2.255255255255255,1.0543056917540834,False
batch2,33,10,2.2537537537537538,1.054331711452398,False
batch2,33,10,2.2522522522522523,1.0543574040329853,False
batch2,33,10,2.2507507507507505,1.054382816093823,False
batch2,33,10,2.2492492492492495,1.0544079942328892,False
batch2,33,10,2.2477477477477477,1.054432985048163,False
batch2,33,10,2.2462462462462462,1.0544578351376221,False
batch2,33,10,2.244744744744745,1.0544825909415965,False
batch2,33,10,2.243243243243243,1.0545072815078598,False
batch2,33,10,2.241741741741742,1.0545319029745754,False
batch2,33,10,2.24024024024024,1.054556447817368,False
batch2,33,10,2.2387387387387387,1.0545809085118611,False
batch2,33,10,2.2372372372372373,1.0546052775336794,False
batch2,33,10,2.2357357357357355,1.0546295473584468,False
batch2,33,10,2.2342342342342345,1.0546537104617877,False
batch2,33,10,2.2327327327327327,1.054677759760129,False
batch2,33,10,2.2312312312312312,1.0547016971975685,False
batch2,33,10,2.22972972972973,1.0547255331687635,False
batch2,33,10,2.228228228228228,1.054749278393594,False
batch2,33,10,2.226726726726727,1.054772943591939,False
batch2,33,10,2.225225225225225,1.0547965394836791,False
batch2,33,10,2.2237237237237237,1.0548200767886937,False
batch2,33,10,2.2222222222222223,1.0548435662268625,False
batch2,33,10,2.2207207207207205,1.0548670094194232,False
batch2,33,10,2.2192192192192195,1.0548903549489943,False
batch2,33,10,2.2177177177177176,1.0549135322325192,False
batch2,33,10,2.2162162162162162,1.0549364706608315,False
batch2,33,10,2.214714714714715,1.0549590996247649,False
batch2,33,10,2.213213213213213,1.054981348515153,False
batch2,33,10,2.211711711711712,1.055003146722829,False
batch2,33,10,2.21021021021021,1.055024440418319,False
batch2,33,10,2.2087087087087087,1.0550452772938628,False
batch2,33,10,2.2072072072072073,1.055065743026535,False
batch2,33,10,2.2057057057057055,1.0550859233596444,False
batch2,33,10,2.2042042042042045,1.0551059040364992,False
batch2,33,10,2.2027027027027026,1.0551257708004074,False
batch2,33,10,2.201201201201201,1.0551456093946778,False
batch2,33,10,2.1996996996997,1.0551655045924342,False
batch2,33,10,2.198198198198198,1.0551854844887338,False
batch2,33,10,2.196696696696697,1.055205490197952,False
batch2,33,10,2.195195195195195,1.055225455453059,False
batch2,33,10,2.1936936936936937,1.0552453139870246,False
batch2,33,10,2.1921921921921923,1.0552649995328192,False
batch2,33,10,2.1906906906906904,1.0552844458234125,False
batch2,33,10,2.1891891891891895,1.055303586591775,False
batch2,33,10,2.1876876876876876,1.0553223791975634,False
batch2,33,10,2.186186186186186,1.0553408757319975,False
batch2,33,10,2.184684684684685,1.0553591520255254,False
batch2,33,10,2.183183183183183,1.0553772839085949,False
batch2,33,10,2.181681681681682,1.0553953472116535,False
batch2,33,10,2.18018018018018,1.0554134177651495,False
batch2,33,10,2.1786786786786787,1.0554315708170592,False
batch2,33,10,2.1771771771771773,1.055449843434573,False
batch2,33,10,2.1756756756756754,1.055468211567116,False
batch2,33,10,2.1741741741741745,1.0554866456735086,False
batch2,33,10,2.1726726726726726,1.0555051162125717,False
batch2,33,10,2.171171171171171,1.0555235936431253,False
batch2,33,10,2.16966966966967,1.0555420484239904,False
batch2,33,10,2.168168168168168,1.0555604510139869,False
batch2,33,10,2.166666666666667,1.0555787727126809,False
batch2,33,10,2.165165165165165,1.0555970095964005,False
batch2,33,10,2.1636636636636637,1.0556151859798817,False
batch2,33,10,2.1621621621621623,1.0556333277146486,False
batch2,33,10,2.1606606606606604,1.0556514606522247,False
batch2,33,10,2.1591591591591595,1.055669610644134,False
batch2,33,10,2.1576576576576576,1.0556878035418997,False
batch2,33,10,2.156156156156156,1.0557060651970465,False
batch2,33,10,2.1546546546546548,1.0557244214610975,False
batch2,33,10,2.153153153153153,1.0557428865425122,False
batch2,33,10,2.151651651651652,1.0557614158293338,False
batch2,33,10,2.15015015015015,1.05577994617745,False
batch2,33,10,2.1486486486486487,1.0557984144358288,False
batch2,33,10,2.1471471471471473,1.0558167574534374,False
batch2,33,10,2.1456456456456454,1.0558349120792438,False
batch2,33,10,2.1441441441441444,1.0558528151622155,False
batch2,33,10,2.1426426426426426,1.05587040355132,False
batch2,33,10,2.141141141141141,1.0558876147984935,False
batch2,33,10,2.1396396396396398,1.0559044436070437,False
batch2,33,10,2.138138138138138,1.0559209831529617,False
batch2,33,10,2.136636636636637,1.055937336354354,False
batch2,33,10,2.135135135135135,1.0559536061293273,False
batch2,33,10,2.1336336336336337,1.0559698953959884,False
batch2,33,10,2.1321321321321323,1.0559863070724438,False
batch2,33,10,2.1306306306306304,1.0560029440767384,False
batch2,33,10,2.1291291291291294,1.0560198816119157,False
batch2,33,10,2.1276276276276276,1.0560370883349433,False
batch2,33,10,2.126126126126126,1.0560545073031022,False
batch2,33,10,2.1246246246246248,1.056072081573674,False
batch2,33,10,2.123123123123123,1.0560897542039394,False
batch2,33,10,2.121621621621622,1.0561074682511797,False
batch2,33,10,2.12012012012012,1.0561251667726756,False
batch2,33,10,2.1186186186186187,1.056142793688434,False
batch2,33,10,2.1171171171171173,1.0561603092884846,False
batch2,33,10,2.1156156156156154,1.0561776885085643,False
batch2,33,10,2.1141141141141144,1.0561949068009313,False
batch2,33,10,2.1126126126126126,1.0562119396178438,False
batch2,33,10,2.111111111111111,1.0562287624115596,False
batch2,33,10,2.1096096096096097,1.0562453506343372,False
batch2,33,10,2.108108108108108,1.0562616797384345,False
batch2,33,10,2.106606606606607,1.0562777336187061,False
batch2,33,10,2.105105105105105,1.056293547619895,False
batch2,33,10,2.1036036036036037,1.0563091764665318,False
batch2,33,10,2.1021021021021022,1.056324674918492,False
batch2,33,10,2.1006006006006004,1.0563400977356519,False
batch2,33,10,2.0990990990990994,1.0563554996778866,False
batch2,33,10,2.0975975975975976,1.056370935505072,False
batch2,33,10,2.096096096096096,1.056386459977084,False
batch2,33,10,2.0945945945945947,1.0564021117536138,False
batch2,33,10,2.093093093093093,1.056417843143827,False
batch2,33,10,2.091591591591592,1.0564335776304585,False
batch2,33,10,2.09009009009009,1.056449238676128,False
batch2,33,10,2.0885885885885886,1.0564647497434534,False
batch2,33,10,2.0870870870870872,1.0564800342950542,False
batch2,33,10,2.0855855855855854,1.0564950157935493,False
batch2,33,10,2.0840840840840844,1.0565096177015574,False
batch2,33,10,2.0825825825825826,1.0565237794798494,False
batch2,33,10,2.081081081081081,1.0565375392539913,False
batch2,33,10,2.0795795795795797,1.0565509727274884,False
batch2,33,10,2.078078078078078,1.0565641556775303,False
batch2,33,10,2.076576576576577,1.056577163881306,False
batch2,33,10,2.075075075075075,1.0565900731160052,False
batch2,33,10,2.0735735735735736,1.0566029591588173,False
batch2,33,10,2.0720720720720722,1.056615897786932,False
batch2,33,10,2.0705705705705704,1.0566289641797937,False
batch2,33,10,2.0690690690690694,1.0566421967465152,False
batch2,33,10,2.0675675675675675,1.0566555763752554,False
batch2,33,10,2.066066066066066,1.0566690789440298,False
batch2,33,10,2.0645645645645647,1.0566826803308542,False
batch2,33,10,2.063063063063063,1.0566963564137444,False
batch2,33,10,2.0615615615615615,1.056710083070716,False
batch2,33,10,2.06006006006006,1.0567238361797848,False
batch2,33,10,2.0585585585585586,1.0567375916189665,False
batch2,33,10,2.057057057057057,1.056751327738264,False
batch2,33,10,2.0555555555555554,1.0567650589042732,False
batch2,33,10,2.054054054054054,1.0567788267205331,False
batch2,33,10,2.0525525525525525,1.0567926734635564,False
batch2,33,10,2.051051051051051,1.0568066414098565,False
batch2,33,10,2.0495495495495497,1.0568207728359458,False
batch2,33,10,2.048048048048048,1.0568351100183373,False
batch2,33,10,2.0465465465465464,1.0568496864984376,False
batch2,33,10,2.045045045045045,1.0568644552016273,False
batch2,33,10,2.0435435435435436,1.0568793255159816,False
batch2,33,10,2.042042042042042,1.056894206404607,False
batch2,33,10,2.0405405405405403,1.056909006830609,False
batch2,33,10,2.039039039039039,1.0569236357570944,False
batch2,33,10,2.0375375375375375,1.0569380021471684,False
batch2,33,10,2.036036036036036,1.0569520149639378,False
batch2,33,10,2.0345345345345347,1.0569655832994866,False
batch2,33,10,2.033033033033033,1.0569786634180878,False
batch2,33,10,2.0315315315315314,1.056991328804712,False
batch2,33,10,2.03003003003003,1.0570036708438146,False
batch2,33,10,2.0285285285285286,1.0570157809198522,False
batch2,33,10,2.027027027027027,1.05702775041728,False
batch2,33,10,2.0255255255255253,1.057039670720554,False
batch2,33,10,2.024024024024024,1.0570516317855239,False
batch2,33,10,2.0225225225225225,1.0570636780164229,False
batch2,33,10,2.021021021021021,1.0570757998488003,False
batch2,33,10,2.0195195195195197,1.0570879845909997,False
batch2,33,10,2.018018018018018,1.057100219551364,False
batch2,33,10,2.0165165165165164,1.0571124920382364,False
batch2,33,10,2.015015015015015,1.05712478935996,False
batch2,33,10,2.0135135135135136,1.0571370988248783,False
batch2,33,10,2.012012012012012,1.0571494077413341,False
batch2,33,10,2.0105105105105103,1.0571617034176708,False
batch2,33,10,2.009009009009009,1.0571739731622314,False
batch2,33,10,2.0075075075075075,1.0571862042833593,False
batch2,33,10,2.006006006006006,1.0571983840893977,False
batch2,33,10,2.0045045045045047,1.0572104998886895,False
batch2,33,10,2.003003003003003,1.0572225389895782,False
batch2,33,10,2.0015015015015014,1.0572344887004068,False
batch2,33,10,2.0,1.0572463363295186,False
batch2,33,50,3.5,-0.00019151332781144366,False
batch2,33,50,3.4984984984984986,-0.0001597216606360317,False
batch2,33,50,3.496996996996997,-0.00012826937554964767,False
batch2,33,50,3.4954954954954953,-9.709052592021963e-05,False
batch2,33,50,3.493993993993994,-6.611916511570286e-05,False
batch2,33,50,3.4924924924924925,-3.5289346504025106e-05,False
batch2,33,50,3.490990990990991,-4.535123453123358e-06,False
batch2,33,50,3.4894894894894897,2.62094506690654e-05,False
batch2,33,50,3.487987987987988,5.701032249461329e-05,False
batch2,33,50,3.4864864864864864,8.793343865556513e-05,False
batch2,33,50,3.484984984984985,0.00011904474578399301,False
batch2,33,50,3.4834834834834836,0.00015041019051195996,False
batch2,33,50,3.481981981981982,0.00018209571947152902,False
batch2,33,50,3.4804804804804803,0.0002141672792947727,False
batch2,33,50,3.478978978978979,0.0002466912091130663,False
batch2,33,50,3.4774774774774775,0.0002797476998742081,False
batch2,33,50,3.475975975975976,0.0003134341626132302,False
batch2,33,50,3.4744744744744747,0.0003478490845391003,False
batch2,33,50,3.472972972972973,0.0003830909528607965,False
batch2,33,50,3.4714714714714714,0.00041925825478726566,False
batch2,33,50,3.46996996996997,0.0004564494775274857,False
batch2,33,50,3.4684684684684686,0.0004947511700408768,False
batch2,33,50,3.466966966966967,0.0005341340241287894,False
batch2,33,50,3.4654654654654653,0.0005745036024742031,False
batch2,33,50,3.463963963963964,0.0006157647427049055,False
batch2,33,50,3.4624624624624625,0.0006578222824487201,False
batch2,33,50,3.460960960960961,0.0007005810593334584,False
batch2,33,50,3.4594594594594597,0.0007439459109869322,False
batch2,33,50,3.457957957957958,0.0007878319463152513,False
batch2,33,50,3.4564564564564564,0.0008322577121448215,False
batch2,33,50,3.454954954954955,0.0008773016157374496,False
batch2,33,50,3.4534534534534536,0.0009230427941703284,False
batch2,33,50,3.451951951951952,0.0009695603845206507,False
batch2,33,50,3.4504504504504503,0.0010169335238656239,False
batch2,33,50,3.448948948948949,0.0010652413492824124,False
batch2,33,50,3.4474474474474475,0.0011145586196623012,False
batch2,33,50,3.445945945945946,0.0011649260189789865,False
batch2,33,50,3.4444444444444446,0.0012163682598295305,False
batch2,33,50,3.442942942942943,0.0012689099632240944,False
batch2,33,50,3.4414414414414414,0.0013225757501727923,False
batch2,33,50,3.43993993993994,0.001377390241685785,False
batch2,33,50,3.4384384384384385,0.0014333780587732175,False
batch2,33,50,3.436936936936937,0.0014905572521207227,False
batch2,33,50,3.4354354354354353,0.0015488590877583484,False
batch2,33,50,3.433933933933934,0.0016081534691676528,False
batch2,33,50,3.4324324324324325,0.0016683090062095051,False
batch2,33,50,3.430930930930931,0.0017291943087447564,False
batch2,33,50,3.4294294294294296,0.0017906779866342583,False
batch2,33,50,3.4279279279279278,0.0018526286497388808,False
batch2,33,50,3.4264264264264264,0.0019149596111505181,False
batch2,33,50,3.424924924924925,0.0019778304812361285,False
batch2,33,50,3.4234234234234235,0.002041485238532448,False
batch2,33,50,3.421921921921922,0.002106167936199355,False
batch2,33,50,3.4204204204204203,0.0021721226273967473,False
batch2,33,50,3.418918918918919,0.0022395933652844635,False
batch2,33,50,3.4174174174174174,0.002308823604902344,False
batch2,33,50,3.415915915915916,0.002379957005482491,False
batch2,33,50,3.4144144144144146,0.0024529265619720026,False
batch2,33,50,3.4129129129129128,0.002527638535730566,False
batch2,33,50,3.4114114114114114,0.0026039991881178022,False
batch2,33,50,3.40990990990991,0.002681914780493398,False
batch2,33,50,3.4084084084084085,0.0027612915742170185,False
batch2,33,50,3.406906906906907,0.0028420356864693524,False
batch2,33,50,3.4054054054054053,0.0029240409604088568,False
batch2,33,50,3.403903903903904,0.0030071797734963334,False
batch2,33,50,3.4024024024024024,0.0030913223386305234,False
batch2,33,50,3.400900900900901,0.0031763388687101445,False
batch2,33,50,3.3993993993993996,0.003262099576633914,False
batch2,33,50,3.3978978978978978,0.0033484746753005747,False
batch2,33,50,3.3963963963963963,0.0034353386056243307,False
batch2,33,50,3.394894894894895,0.003522738831346998,False
batch2,33,50,3.3933933933933935,0.0036109527205634697,False
batch2,33,50,3.391891891891892,0.003700273534591664,False
batch2,33,50,3.3903903903903903,0.003790994534749525,False
batch2,33,50,3.388888888888889,0.003883408982354915,False
batch2,33,50,3.3873873873873874,0.003977810138725779,False
batch2,33,50,3.385885885885886,0.004074473235473024,False
batch2,33,50,3.3843843843843846,0.004173459862588508,False
batch2,33,50,3.3828828828828827,0.004274691830784167,False
batch2,33,50,3.3813813813813813,0.004378088532108021,False
batch2,33,50,3.37987987987988,0.004483569358608178,False
batch2,33,50,3.3783783783783785,0.004591053702332715,False
batch2,33,50,3.376876876876877,0.004700460955329713,False
batch2,33,50,3.3753753753753752,0.0048116995094090054,False
batch2,33,50,3.373873873873874,0.004924621650964685,False
batch2,33,50,3.3723723723723724,0.005039061824877803,False
batch2,33,50,3.370870870870871,0.005154854468586904,False
batch2,33,50,3.3693693693693696,0.0052718340195305295,False
batch2,33,50,3.3678678678678677,0.005389834915147256,False
batch2,33,50,3.3663663663663663,0.0055086917126470555,False
batch2,33,50,3.364864864864865,0.005628338594675628,False
batch2,33,50,3.3633633633633635,0.0057489900032125785,False
batch2,33,50,3.361861861861862,0.005870909301600702,False
batch2,33,50,3.3603603603603602,0.005994359853182829,False
batch2,33,50,3.358858858858859,0.006119605021301683,False
batch2,33,50,3.3573573573573574,0.006246908169300092,False
batch2,33,50,3.355855855855856,0.006376531313258538,False
batch2,33,50,3.3543543543543546,0.0065086166788957,False
batch2,33,50,3.3528528528528527,0.006643094080919643,False
batch2,33,50,3.3513513513513513,0.00677987153532929,False
batch2,33,50,3.34984984984985,0.0069188570581236826,False
batch2,33,50,3.3483483483483485,0.007059958665301821,False
batch2,33,50,3.346846846846847,0.007203084372862707,False
batch2,33,50,3.3453453453453452,0.007348143086156135,False
batch2,33,50,3.343843843843844,0.0074950837089392455,False
batch2,33,50,3.3423423423423424,0.007643910480573656,False
batch2,33,50,3.340840840840841,0.007794631698872226,False
batch2,33,50,3.3393393393393396,0.007947255661647817,False
batch2,33,50,3.3378378378378377,0.008101790666713333,False
batch2,33,50,3.3363363363363363,0.008258245011881547,False
batch2,33,50,3.334834834834835,0.008416635331498504,False
batch2,33,50,3.3333333333333335,0.008577068839076316,False
batch2,33,50,3.3318318318318316,0.008739708313238876,False
batch2,33,50,3.33033033033033,0.008904717337769324,False
batch2,33,50,3.328828828828829,0.009072259496450946,False
batch2,33,50,3.3273273273273274,0.009242498373066975,False
batch2,33,50,3.325825825825826,0.009415597551398716,False
batch2,33,50,3.324324324324324,0.009591682446386456,False
batch2,33,50,3.3228228228228227,0.009770727488519827,False
batch2,33,50,3.3213213213213213,0.009952669780233046,False
batch2,33,50,3.31981981981982,0.01013744642396028,False
batch2,33,50,3.3183183183183185,0.010324994522135693,False
batch2,33,50,3.3168168168168166,0.010515251177193506,False
batch2,33,50,3.315315315315315,0.010708153701895583,False
batch2,33,50,3.313813813813814,0.010903670144599378,False
batch2,33,50,3.3123123123123124,0.011101831324961314,False
batch2,33,50,3.310810810810811,0.011302675723684322,False
batch2,33,50,3.309309309309309,0.011506241821471396,False
batch2,33,50,3.3078078078078077,0.011712568099025343,False
batch2,33,50,3.3063063063063063,0.011921693037049154,False
batch2,33,50,3.304804804804805,0.012133656007099007,False
batch2,33,50,3.3033033033033035,0.012348517191422315,False
batch2,33,50,3.3018018018018016,0.01256635776290653,False
batch2,33,50,3.3003003003003,0.012787259821282738,False
batch2,33,50,3.298798798798799,0.013011305466282218,False
batch2,33,50,3.2972972972972974,0.013238576797636183,False
batch2,33,50,3.295795795795796,0.01346915591507585,False
batch2,33,50,3.294294294294294,0.013703139021368797,False
batch2,33,50,3.2927927927927927,0.013940766312490051,False
batch2,33,50,3.2912912912912913,0.014182362209668288,False
batch2,33,50,3.28978978978979,0.014428252195036437,False
batch2,33,50,3.2882882882882885,0.014678761750727437,False
batch2,33,50,3.2867867867867866,0.014934216358874293,False
batch2,33,50,3.285285285285285,0.015194941501609788,False
batch2,33,50,3.2837837837837838,0.015461215888043679,False
batch2,33,50,3.2822822822822824,0.01573305684528087,False
batch2,33,50,3.280780780780781,0.016010390946773388,False
batch2,33,50,3.279279279279279,0.01629314467581193,False
batch2,33,50,3.2777777777777777,0.01658124451568693,False
batch2,33,50,3.2762762762762763,0.016874616949689083,False
batch2,33,50,3.274774774774775,0.017173188774731993,False
batch2,33,50,3.2732732732732734,0.01747693850478915,False
batch2,33,50,3.2717717717717716,0.017785953514836764,False
batch2,33,50,3.27027027027027,0.018100334948300083,False
batch2,33,50,3.2687687687687688,0.01842018394860464,False
batch2,33,50,3.2672672672672673,0.018745601659175864,False
batch2,33,50,3.265765765765766,0.0190766892234392,False
batch2,33,50,3.264264264264264,0.01941356559458225,False
batch2,33,50,3.2627627627627627,0.019756682584784167,False
batch2,33,50,3.2612612612612613,0.020106787093101014,False
batch2,33,50,3.25975975975976,0.020464636239554006,False
batch2,33,50,3.2582582582582584,0.020830987144164363,False
batch2,33,50,3.2567567567567566,0.02120659692695341,False
batch2,33,50,3.255255255255255,0.021592222707942147,False
batch2,33,50,3.2537537537537538,0.0219885501345179,False
batch2,33,50,3.2522522522522523,0.022395853368538568,False
batch2,33,50,3.250750750750751,0.022814259612199173,False
batch2,33,50,3.249249249249249,0.02324389588448265,False
batch2,33,50,3.2477477477477477,0.02368488920437156,False
batch2,33,50,3.2462462462462462,0.02413736659084883,False
batch2,33,50,3.244744744744745,0.02460145648852432,False
batch2,33,50,3.2432432432432434,0.025077658785873595,False
batch2,33,50,3.2417417417417416,0.025567338994713557,False
batch2,33,50,3.24024024024024,0.02607198568941424,False
batch2,33,50,3.2387387387387387,0.026593087444346117,False
batch2,33,50,3.2372372372372373,0.027132132833879503,False
batch2,33,50,3.235735735735736,0.02769061043238473,False
batch2,33,50,3.234234234234234,0.02826998544401734,False
batch2,33,50,3.2327327327327327,0.028871238257054517,False
batch2,33,50,3.2312312312312312,0.029494892030718135,False
batch2,33,50,3.22972972972973,0.030141452077316264,False
batch2,33,50,3.2282282282282284,0.03081142370915698,False
batch2,33,50,3.2267267267267266,0.03150531223854857,False
batch2,33,50,3.225225225225225,0.03222362297779869,False
batch2,33,50,3.2237237237237237,0.032967380321239,False
batch2,33,50,3.2222222222222223,0.03374099359067575,False
batch2,33,50,3.220720720720721,0.03455022901027914,False
batch2,33,50,3.219219219219219,0.035400856433491106,False
batch2,33,50,3.2177177177177176,0.036298645713752783,False
batch2,33,50,3.2162162162162162,0.037249366704506084,False
batch2,33,50,3.214714714714715,0.0382587890856201,False
batch2,33,50,3.2132132132132134,0.03933218667131652,False
batch2,33,50,3.2117117117117115,0.04047325113279673,False
batch2,33,50,3.21021021021021,0.04168535927600118,False
batch2,33,50,3.2087087087087087,0.04297188790687134,False
batch2,33,50,3.2072072072072073,0.04433621392955819,False
batch2,33,50,3.205705705705706,0.04578538460315475,False
batch2,33,50,3.204204204204204,0.04733983291530717,False
batch2,33,50,3.2027027027027026,0.049023042491663525,False
batch2,33,50,3.201201201201201,0.05085844368974435,False
batch2,33,50,3.1996996996997,0.052860714335807045,False
batch2,33,50,3.198198198198198,0.05502612489304258,False
batch2,33,50,3.1966966966966965,0.05734897186257488,False
batch2,33,50,3.195195195195195,0.05984197036849296,False
batch2,33,50,3.1936936936936937,0.0625449380642054,False
batch2,33,50,3.1921921921921923,0.06551212278099615,False
batch2,33,50,3.1906906906906904,0.06885064971282502,False
batch2,33,50,3.189189189189189,0.07263470827230288,False
batch2,33,50,3.1876876876876876,0.07673678419055034,False
batch2,33,50,3.186186186186186,0.08113558865172324,False
batch2,33,50,3.184684684684685,0.08596913407688597,False
batch2,33,50,3.183183183183183,0.09132310005116645,False
batch2,33,50,3.1816816816816815,0.09714112852265218,False
batch2,33,50,3.18018018018018,0.10344278075168088,False
batch2,33,50,3.1786786786786787,0.11012214588584476,False
batch2,33,50,3.1771771771771773,0.11707910180399914,False
batch2,33,50,3.1756756756756754,0.12451895384945066,False
batch2,33,50,3.174174174174174,0.13258783830151535,False
batch2,33,50,3.1726726726726726,0.14125444997067674,False
batch2,33,50,3.171171171171171,0.1500928604979097,False
batch2,33,50,3.16966966966967,0.1587845703448353,False
batch2,33,50,3.168168168168168,0.16773303295998918,False
batch2,33,50,3.1666666666666665,0.17729338802112246,False
batch2,33,50,3.165165165165165,0.187468693640376,False
batch2,33,50,3.1636636636636637,0.19771144947817476,False
batch2,33,50,3.1621621621621623,0.2074265093435682,False
batch2,33,50,3.1606606606606604,0.216935104561461,False
batch2,33,50,3.159159159159159,0.22662465321422887,False
batch2,33,50,3.1576576576576576,0.23657309157543432,False
batch2,33,50,3.156156156156156,0.2468559929429214,False
batch2,33,50,3.1546546546546548,0.25704650417211883,False
batch2,33,50,3.153153153153153,0.2669426349578568,False
batch2,33,50,3.1516516516516515,0.27654570037402065,False
batch2,33,50,3.15015015015015,0.28602738040922604,False
batch2,33,50,3.1486486486486487,0.2954140398465282,False
batch2,33,50,3.1471471471471473,0.30474921121772847,False
batch2,33,50,3.1456456456456454,0.3141429429975411,False
batch2,33,50,3.144144144144144,0.3236257875027349,False
batch2,33,50,3.1426426426426426,0.33273094548659227,False
batch2,33,50,3.141141141141141,0.34163226872582736,False
batch2,33,50,3.1396396396396398,0.3504312117202824,False
batch2,33,50,3.138138138138138,0.35908885579590505,False
batch2,33,50,3.1366366366366365,0.36765349215312537,False
batch2,33,50,3.135135135135135,0.376011519147878,False
batch2,33,50,3.1336336336336337,0.3842587738266585,False
batch2,33,50,3.1321321321321323,0.3925836256118791,False
batch2,33,50,3.1306306306306304,0.4008650815942476,False
batch2,33,50,3.129129129129129,0.40894592339885527,False
batch2,33,50,3.1276276276276276,0.4168734347195339,False
batch2,33,50,3.126126126126126,0.4245751255672119,False
batch2,33,50,3.1246246246246248,0.4320821299565942,False
batch2,33,50,3.123123123123123,0.43950170636852465,False
batch2,33,50,3.1216216216216215,0.44696523886122835,False
batch2,33,50,3.12012012012012,0.4546708655640916,False
batch2,33,50,3.1186186186186187,0.46234552588168415,False
batch2,33,50,3.1171171171171173,0.469752360172449,False
batch2,33,50,3.1156156156156154,0.4769049097594014,False
batch2,33,50,3.114114114114114,0.48393679637498027,False
batch2,33,50,3.1126126126126126,0.49095415623245925,False
batch2,33,50,3.111111111111111,0.4980398177546507,False
batch2,33,50,3.1096096096096097,0.5051270427474545,False
batch2,33,50,3.108108108108108,0.5120880464642629,False
batch2,33,50,3.1066066066066065,0.5190467469347586,False
batch2,33,50,3.105105105105105,0.5259994898048855,False
batch2,33,50,3.1036036036036037,0.5328801471742406,False
batch2,33,50,3.1021021021021022,0.5397999967727206,False
batch2,33,50,3.1006006006006004,0.5466733193830611,False
batch2,33,50,3.099099099099099,0.5533177720849668,False
batch2,33,50,3.0975975975975976,0.5600326560869592,False
batch2,33,50,3.096096096096096,0.5668869574784509,False
batch2,33,50,3.0945945945945947,0.5736908534863483,False
batch2,33,50,3.093093093093093,0.5804570520768504,False
batch2,33,50,3.0915915915915915,0.5872320446411846,False
batch2,33,50,3.09009009009009,0.5939277360881945,False
batch2,33,50,3.0885885885885886,0.6005498680068309,False
batch2,33,50,3.0870870870870872,0.6069973155431211,False
batch2,33,50,3.0855855855855854,0.6132658999017738,False
batch2,33,50,3.084084084084084,0.6195053063749782,False
batch2,33,50,3.0825825825825826,0.6257587628893265,False
batch2,33,50,3.081081081081081,0.6318348764840181,False
batch2,33,50,3.0795795795795797,0.6377150501644108,False
batch2,33,50,3.078078078078078,0.643643249713288,False
batch2,33,50,3.0765765765765765,0.6496100427854321,False
batch2,33,50,3.075075075075075,0.6554318084596831,False
batch2,33,50,3.0735735735735736,0.6611655998770022,False
batch2,33,50,3.0720720720720722,0.6667697287651116,False
batch2,33,50,3.0705705705705704,0.6721879157500259,False
batch2,33,50,3.069069069069069,0.6775371238419848,False
batch2,33,50,3.0675675675675675,0.6829250347675626,False
batch2,33,50,3.066066066066066,0.6882651384707312,False
batch2,33,50,3.0645645645645647,0.6934169855436045,False
batch2,33,50,3.063063063063063,0.6984308013472194,False
batch2,33,50,3.0615615615615615,0.703373090017094,False
batch2,33,50,3.06006006006006,0.7082588160108816,False
batch2,33,50,3.0585585585585586,0.7131024875836964,False
batch2,33,50,3.057057057057057,0.7179273294350197,False
batch2,33,50,3.0555555555555554,0.7227188681717971,False
batch2,33,50,3.054054054054054,0.727489291581854,False
batch2,33,50,3.0525525525525525,0.7321086273303421,False
batch2,33,50,3.051051051051051,0.7365423531264439,False
batch2,33,50,3.0495495495495497,0.7409745992589055,False
batch2,33,50,3.048048048048048,0.7453932158859827,False
batch2,33,50,3.0465465465465464,0.7497039876862632,False
batch2,33,50,3.045045045045045,0.7538625505603874,False
batch2,33,50,3.0435435435435436,0.7579571844281137,False
batch2,33,50,3.042042042042042,0.7620779733357876,False
batch2,33,50,3.0405405405405403,0.7662443943538749,False
batch2,33,50,3.039039039039039,0.7703408121285431,False
batch2,33,50,3.0375375375375375,0.7742785878886826,False
batch2,33,50,3.036036036036036,0.7780652361266323,False
batch2,33,50,3.0345345345345347,0.7818417193731607,False
batch2,33,50,3.033033033033033,0.7856513709914432,False
batch2,33,50,3.0315315315315314,0.7894325212805103,False
batch2,33,50,3.03003003003003,0.7930770304762612,False
batch2,33,50,3.0285285285285286,0.796557233291974,False
batch2,33,50,3.027027027027027,0.7999666574963713,False
batch2,33,50,3.0255255255255253,0.8033476800846927,False
batch2,33,50,3.024024024024024,0.8066940422304248,False
batch2,33,50,3.0225225225225225,0.8100122177021701,False
batch2,33,50,3.021021021021021,0.813308464448515,False
batch2,33,50,3.0195195195195197,0.8165524370424355,False
batch2,33,50,3.018018018018018,0.8197244958849464,False
batch2,33,50,3.0165165165165164,0.8228786444962418,False
batch2,33,50,3.015015015015015,0.8260495722887377,False
batch2,33,50,3.0135135135135136,0.8291638631332436,False
batch2,33,50,3.012012012012012,0.8321715485643306,False
batch2,33,50,3.0105105105105103,0.8351244454357016,False
batch2,33,50,3.009009009009009,0.8380619635396223,False
batch2,33,50,3.0075075075075075,0.8409450265117726,False
batch2,33,50,3.006006006006006,0.8437334466516915,False
batch2,33,50,3.0045045045045047,0.8464353538326895,False
batch2,33,50,3.003003003003003,0.8490694389335062,False
batch2,33,50,3.0015015015015014,0.8516516130654335,False
batch2,33,50,3.0,0.8541965056776594,False
batch2,33,50,2.9984984984984986,0.8567190904610987,False
batch2,33,50,2.996996996996997,0.8592347708441144,False
batch2,33,50,2.9954954954954953,0.8617519572695262,False
batch2,33,50,2.993993993993994,0.8642490395399918,False
batch2,33,50,2.9924924924924925,0.866697119221156,False
batch2,33,50,2.990990990990991,0.8690816634038223,False
batch2,33,50,2.9894894894894897,0.8714012097385614,False
batch2,33,50,2.987987987987988,0.8736570405747425,False
batch2,33,50,2.9864864864864864,0.8758606886243979,False
batch2,33,50,2.984984984984985,0.878026567497432,False
batch2,33,50,2.9834834834834836,0.880164401391398,False
batch2,33,50,2.981981981981982,0.8822723129455621,False
batch2,33,50,2.9804804804804803,0.8843466554863655,False
batch2,33,50,2.978978978978979,0.8863831921329312,False
batch2,33,50,2.9774774774774775,0.888376629713466,False
batch2,33,50,2.975975975975976,0.890321602077376,False
batch2,33,50,2.9744744744744747,0.8922187404575737,False
batch2,33,50,2.972972972972973,0.8940812722126839,False
batch2,33,50,2.9714714714714714,0.8959240136844675,False
batch2,33,50,2.96996996996997,0.8977579452935243,False
batch2,33,50,2.9684684684684686,0.8995748352813361,False
batch2,33,50,2.966966966966967,0.9013604496117265,False
batch2,33,50,2.9654654654654653,0.9031010943055909,False
batch2,33,50,2.963963963963964,0.9047934252528187,False
batch2,33,50,2.9624624624624625,0.9064433926755069,False
batch2,33,50,2.960960960960961,0.9080572769982536,False
batch2,33,50,2.9594594594594597,0.9096411696061557,False
batch2,33,50,2.957957957957958,0.911199922096352,False
batch2,33,50,2.9564564564564564,0.9127378864889643,False
batch2,33,50,2.954954954954955,0.9142594134279466,False
batch2,33,50,2.9534534534534536,0.9157680495991175,False
batch2,33,50,2.951951951951952,0.9172622620802315,False
batch2,33,50,2.9504504504504503,0.9187385396696758,False
batch2,33,50,2.948948948948949,0.920193366703819,False
batch2,33,50,2.9474474474474475,0.9216235535982469,False
batch2,33,50,2.945945945945946,0.9230290606799232,False
batch2,33,50,2.9444444444444446,0.9244116125403108,False
batch2,33,50,2.942942942942943,0.9257729531834329,False
batch2,33,50,2.9414414414414414,0.9271148122221639,False
batch2,33,50,2.93993993993994,0.9284374874497975,False
batch2,33,50,2.9384384384384385,0.9297386484866607,False
batch2,33,50,2.936936936936937,0.9310156832577733,False
batch2,33,50,2.9354354354354353,0.9322659796881556,False
batch2,33,50,2.933933933933934,0.9334870941487963,False
batch2,33,50,2.9324324324324325,0.9346801100958072,False
batch2,33,50,2.930930930930931,0.9358494553428616,False
batch2,33,50,2.9294294294294296,0.936999689571666,False
batch2,33,50,2.9279279279279278,0.9381353724639271,False
batch2,33,50,2.9264264264264264,0.9392610500332466,False
batch2,33,50,2.924924924924925,0.9403792793794343,False
batch2,33,50,2.9234234234234235,0.9414885600485011,False
batch2,33,50,2.921921921921922,0.9425868970123401,False
batch2,33,50,2.9204204204204203,0.9436722952428445,False
batch2,33,50,2.918918918918919,0.9447427597119066,False
batch2,33,50,2.9174174174174174,0.9457963907008785,False
batch2,33,50,2.915915915915916,0.9468325451115133,False
batch2,33,50,2.9144144144144146,0.9478514672333159,False
batch2,33,50,2.9129129129129128,0.9488534200054265,False
batch2,33,50,2.9114114114114114,0.9498386663669838,False
batch2,33,50,2.90990990990991,0.9508074692571277,False
batch2,33,50,2.9084084084084085,0.9517601096345775,False
batch2,33,50,2.906906906906907,0.9526972244961477,False
batch2,33,50,2.9054054054054053,0.9536197771641755,False
batch2,33,50,2.903903903903904,0.9545287430239124,False
batch2,33,50,2.9024024024024024,0.9554250974606111,False
batch2,33,50,2.900900900900901,0.9563098158595239,False
batch2,33,50,2.8993993993993996,0.9571838736059028,False
batch2,33,50,2.8978978978978978,0.9580480568052392,False
batch2,33,50,2.8963963963963963,0.9589020181375658,False
batch2,33,50,2.894894894894895,0.9597449902698654,False
batch2,33,50,2.8933933933933935,0.9605762051834675,False
batch2,33,50,2.891891891891892,0.9613948948597025,False
batch2,33,50,2.8903903903903903,0.9622002912799004,False
batch2,33,50,2.888888888888889,0.962991629654033,False
batch2,33,50,2.8873873873873874,0.9637688267078561,False
batch2,33,50,2.885885885885886,0.9645333182695409,False
batch2,33,50,2.8843843843843846,0.965286745487343,False
batch2,33,50,2.8828828828828827,0.9660307495095177,False
batch2,33,50,2.8813813813813813,0.9667669714843203,False
batch2,33,50,2.87987987987988,0.9674970525600064,False
batch2,33,50,2.8783783783783785,0.9682225834420444,False
batch2,33,50,2.876876876876877,0.968943798509,False
batch2,33,50,2.8753753753753752,0.9696594569713073,False
batch2,33,50,2.873873873873874,0.9703682437757908,False
batch2,33,50,2.8723723723723724,0.9710688438692762,False
batch2,33,50,2.870870870870871,0.9717599421985887,False
batch2,33,50,2.8693693693693696,0.9724402237105538,False
batch2,33,50,2.8678678678678677,0.973108567887541,False
batch2,33,50,2.8663663663663663,0.9737653549728973,False
batch2,33,50,2.864864864864865,0.9744116633326633,False
batch2,33,50,2.8633633633633635,0.9750485752102682,False
batch2,33,50,2.861861861861862,0.9756771728491418,False
batch2,33,50,2.8603603603603602,0.9762985384927136,False
batch2,33,50,2.858858858858859,0.976913754262682,False
batch2,33,50,2.8573573573573574,0.9775236518392346,False
batch2,33,50,2.855855855855856,0.9781282858848537,False
batch2,33,50,2.8543543543543546,0.9787275608166583,False
batch2,33,50,2.8528528528528527,0.9793213810517676,False
batch2,33,50,2.8513513513513513,0.9799096510073003,False
batch2,33,50,2.84984984984985,0.9804922751003756,False
batch2,33,50,2.8483483483483485,0.9810691556294195,False
batch2,33,50,2.846846846846847,0.9816401179734942,False
batch2,33,50,2.8453453453453452,0.9822048906312221,False
batch2,33,50,2.843843843843844,0.9827631959235812,False
batch2,33,50,2.8423423423423424,0.9833147561715498,False
batch2,33,50,2.840840840840841,0.9838592936961063,False
batch2,33,50,2.8393393393393396,0.9843965308182286,False
batch2,33,50,2.8378378378378377,0.9849262573639398,False
batch2,33,50,2.8363363363363363,0.9854489931689672,False
batch2,33,50,2.834834834834835,0.9859657042910028,False
batch2,33,50,2.8333333333333335,0.9864773631878254,False
batch2,33,50,2.831831831831832,0.9869849423172135,False
batch2,33,50,2.83033033033033,0.9874894141369459,False
batch2,33,50,2.828828828828829,0.9879917511033396,False
batch2,33,50,2.8273273273273274,0.9884925444152216,False
batch2,33,50,2.825825825825826,0.988990931249055,False
batch2,33,50,2.8243243243243246,0.9894857022084441,False
batch2,33,50,2.8228228228228227,0.9899756478969932,False
batch2,33,50,2.8213213213213213,0.9904595589183061,False
batch2,33,50,2.81981981981982,0.9909362258759871,False
batch2,33,50,2.8183183183183185,0.991404443300646,False
batch2,33,50,2.816816816816817,0.9918638577689856,False
batch2,33,50,2.815315315315315,0.9923160265622007,False
batch2,33,50,2.813813813813814,0.9927627669987827,False
batch2,33,50,2.8123123123123124,0.9932058963972231,False
batch2,33,50,2.810810810810811,0.9936472320760134,False
batch2,33,50,2.8093093093093096,0.9940885913536449,False
batch2,33,50,2.8078078078078077,0.9945317363241726,False
batch2,33,50,2.8063063063063063,0.9949766928155795,False
batch2,33,50,2.804804804804805,0.9954214435586567,False
batch2,33,50,2.8033033033033035,0.9958638541836697,False
batch2,33,50,2.801801801801802,0.9963017903208843,False
batch2,33,50,2.8003003003003,0.9967331176005659,False
batch2,33,50,2.798798798798799,0.99715570165298,False
batch2,33,50,2.7972972972972974,0.9975677444256775,False
batch2,33,50,2.795795795795796,0.9979701659112099,False
batch2,33,50,2.7942942942942945,0.9983652016397614,False
batch2,33,50,2.7927927927927927,0.9987550957420854,False
batch2,33,50,2.7912912912912913,0.9991420923489354,False
batch2,33,50,2.78978978978979,0.9995284355910644,False
batch2,33,50,2.7882882882882885,0.9999163693144547,False
batch2,33,50,2.786786786786787,1.0003073142918129,False
batch2,33,50,2.785285285285285,1.0007000626941636,False
batch2,33,50,2.7837837837837838,1.0010928830694552,False
batch2,33,50,2.7822822822822824,1.001484043965636,False
batch2,33,50,2.7807807807807805,1.0018718139306546,False
batch2,33,50,2.7792792792792795,1.0022544615124584,False
batch2,33,50,2.7777777777777777,1.0026302868192365,False
batch2,33,50,2.7762762762762763,1.002998834810284,False
batch2,33,50,2.774774774774775,1.003361278010295,False
batch2,33,50,2.773273273273273,1.0037188987754755,False
batch2,33,50,2.771771771771772,1.004072979462031,False
batch2,33,50,2.77027027027027,1.0044248024261673,False
batch2,33,50,2.7687687687687688,1.00477565002409,False
batch2,33,50,2.7672672672672673,1.0051267417464114,False
batch2,33,50,2.7657657657657655,1.005478269212151,False
batch2,33,50,2.7642642642642645,1.0058295856604087,False
batch2,33,50,2.7627627627627627,1.0061800198570232,False
batch2,33,50,2.7612612612612613,1.0065289005678326,False
batch2,33,50,2.75975975975976,1.0068755565586751,False
batch2,33,50,2.758258258258258,1.0072193165953895,False
batch2,33,50,2.756756756756757,1.0075595797504293,False
batch2,33,50,2.755255255255255,1.007896129027593,False
batch2,33,50,2.7537537537537538,1.0082288778315676,False
batch2,33,50,2.7522522522522523,1.0085577396739562,False
batch2,33,50,2.7507507507507505,1.0088826280663623,False
batch2,33,50,2.7492492492492495,1.0092034565203887,False
batch2,33,50,2.7477477477477477,1.009520139714561,False
batch2,33,50,2.7462462462462462,1.00983286383643,False
batch2,33,50,2.744744744744745,1.0101424331435351,False
batch2,33,50,2.743243243243243,1.0104497374620303,False
batch2,33,50,2.741741741741742,1.0107556666180695,False
batch2,33,50,2.74024024024024,1.011061110437807,False
batch2,33,50,2.7387387387387387,1.0113669587473968,False
batch2,33,50,2.7372372372372373,1.0116740587589979,False
batch2,33,50,2.7357357357357355,1.0119822702043766,False
batch2,33,50,2.7342342342342345,1.012290461229465,False
batch2,33,50,2.7327327327327327,1.0125974565451086,False
batch2,33,50,2.7312312312312312,1.012902080862152,False
batch2,33,50,2.72972972972973,1.0132031588914399,False
batch2,33,50,2.728228228228228,1.0134995153438175,False
batch2,33,50,2.726726726726727,1.0137901744828868,False
batch2,33,50,2.725225225225225,1.014075498588308,False
batch2,33,50,2.7237237237237237,1.014356400003253,False
batch2,33,50,2.7222222222222223,1.0146337927631297,False
batch2,33,50,2.7207207207207205,1.014908590903346,False
batch2,33,50,2.7192192192192195,1.0151817084593096,False
batch2,33,50,2.7177177177177176,1.0154540589605408,False
batch2,33,50,2.7162162162162162,1.015726237118899,False
batch2,33,50,2.714714714714715,1.0159979737918412,False
batch2,33,50,2.713213213213213,1.0162688549447547,False
batch2,33,50,2.7117117117117115,1.0165384665430266,False
batch2,33,50,2.71021021021021,1.0168063945520445,False
batch2,33,50,2.7087087087087087,1.017072224937196,False
batch2,33,50,2.7072072072072073,1.017335555282861,False
batch2,33,50,2.7057057057057055,1.017596319866552,False
batch2,33,50,2.704204204204204,1.0178548334667554,False
batch2,33,50,2.7027027027027026,1.0181114312836317,False
batch2,33,50,2.701201201201201,1.0183664485173407,False
batch2,33,50,2.6996996996997,1.0186202203680428,False
batch2,33,50,2.698198198198198,1.0188730820358984,False
batch2,33,50,2.6966966966966965,1.0191253173343253,False
batch2,33,50,2.695195195195195,1.0193767653736543,False
batch2,33,50,2.6936936936936937,1.01962703736665,False
batch2,33,50,2.6921921921921923,1.0198757426745368,False
batch2,33,50,2.6906906906906904,1.0201224906585393,False
batch2,33,50,2.689189189189189,1.020366890679882,False
batch2,33,50,2.6876876876876876,1.02060855210592,False
batch2,33,50,2.686186186186186,1.0208472504013655,False
batch2,33,50,2.684684684684685,1.021083360284109,False
batch2,33,50,2.683183183183183,1.021317391569654,False
batch2,33,50,2.6816816816816815,1.0215498540735044,False
batch2,33,50,2.68018018018018,1.0217812576111631,False
batch2,33,50,2.6786786786786787,1.0220121119981338,False
batch2,33,50,2.6771771771771773,1.0222429228124112,False
batch2,33,50,2.6756756756756754,1.0224738536981108,False
batch2,33,50,2.674174174174174,1.022704480586854,False
batch2,33,50,2.6726726726726726,1.022934321449987,False
batch2,33,50,2.671171171171171,1.0231628942588573,False
batch2,33,50,2.66966966966967,1.0233897169848107,False
batch2,33,50,2.668168168168168,1.0236143075991946,False
batch2,33,50,2.6666666666666665,1.0238362118372326,False
batch2,33,50,2.665165165165165,1.0240553604447598,False
batch2,33,50,2.6636636636636637,1.0242719657235329,False
batch2,33,50,2.6621621621621623,1.024486246410962,False
batch2,33,50,2.6606606606606604,1.024698421244458,False
batch2,33,50,2.659159159159159,1.0249087089614308,False
batch2,33,50,2.6576576576576576,1.0251173282992907,False
batch2,33,50,2.656156156156156,1.025324490172748,False
batch2,33,50,2.6546546546546548,1.0255303579668469,False
batch2,33,50,2.653153153153153,1.0257350772132223,False
batch2,33,50,2.6516516516516515,1.025938793411546,False
batch2,33,50,2.65015015015015,1.0261416520614897,False
batch2,33,50,2.6486486486486487,1.0263437986627248,False
batch2,33,50,2.6471471471471473,1.0265453784556007,False
batch2,33,50,2.6456456456456454,1.026746424469157,False
batch2,33,50,2.644144144144144,1.0269466827591411,False
batch2,33,50,2.6426426426426426,1.0271458541590521,False
batch2,33,50,2.641141141141141,1.027343639502389,False
batch2,33,50,2.6396396396396398,1.0275397396226504,False
batch2,33,50,2.638138138138138,1.0277338553533362,False
batch2,33,50,2.6366366366366365,1.0279256905990048,False
batch2,33,50,2.635135135135135,1.0281151623694769,False
batch2,33,50,2.6336336336336337,1.0283025357343714,False
batch2,33,50,2.6321321321321323,1.0284881078786887,False
batch2,33,50,2.6306306306306304,1.028672175987429,False
batch2,33,50,2.629129129129129,1.0288550372455931,False
batch2,33,50,2.6276276276276276,1.029036988838181,False
batch2,33,50,2.626126126126126,1.0292183169198728,False
batch2,33,50,2.6246246246246248,1.0293990718945962,False
batch2,33,50,2.623123123123123,1.0295790779747716,False
batch2,33,50,2.6216216216216215,1.029758150255375,False
batch2,33,50,2.62012012012012,1.0299361038313828,False
batch2,33,50,2.6186186186186187,1.030112753797771,False
batch2,33,50,2.6171171171171173,1.0302879152495161,False
batch2,33,50,2.6156156156156154,1.0304614407048418,False
batch2,33,50,2.614114114114114,1.03063346691035,False
batch2,33,50,2.6126126126126126,1.0308042610597787,False
batch2,33,50,2.611111111111111,1.0309740910305663,False
batch2,33,50,2.6096096096096097,1.0311432247001504,False
batch2,33,50,2.608108108108108,1.0313119299459692,False
batch2,33,50,2.6066066066066065,1.0314804746454604,False
batch2,33,50,2.605105105105105,1.0316490279297836,False
batch2,33,50,2.6036036036036037,1.0318173600537208,False
batch2,33,50,2.6021021021021022,1.031985140570579,False
batch2,33,50,2.6006006006006004,1.032152039033662,False
batch2,33,50,2.599099099099099,1.0323177249962732,False
batch2,33,50,2.5975975975975976,1.0324818680117156,False
batch2,33,50,2.596096096096096,1.0326441380049438,False
batch2,33,50,2.5945945945945947,1.032804358969658,False
batch2,33,50,2.593093093093093,1.0329627461140996,False
batch2,33,50,2.5915915915915915,1.033119575816491,False
batch2,33,50,2.59009009009009,1.0332751244550553,False
batch2,33,50,2.5885885885885886,1.0334296684080153,False
batch2,33,50,2.5870870870870872,1.0335834840535933,False
batch2,33,50,2.5855855855855854,1.033736841894459,False
batch2,33,50,2.584084084084084,1.0338898191816133,False
batch2,33,50,2.5825825825825826,1.0340422607602249,False
batch2,33,50,2.581081081081081,1.0341939976854266,False
batch2,33,50,2.5795795795795797,1.0343448610123511,False
batch2,33,50,2.578078078078078,1.0344946817961311,False
batch2,33,50,2.5765765765765765,1.0346432910918997,False
batch2,33,50,2.575075075075075,1.0347905266946849,False
batch2,33,50,2.5735735735735736,1.0349363146288766,False
batch2,33,50,2.5720720720720722,1.035080642912168,False
batch2,33,50,2.5705705705705704,1.0352235008492066,False
batch2,33,50,2.569069069069069,1.0353648777446391,False
batch2,33,50,2.5675675675675675,1.0355047629031136,False
batch2,33,50,2.566066066066066,1.0356431456292763,False
batch2,33,50,2.5645645645645647,1.0357800371146513,False
batch2,33,50,2.563063063063063,1.035915575494662,False
batch2,33,50,2.5615615615615615,1.036049944559363,False
batch2,33,50,2.56006006006006,1.0361833281588337,False
batch2,33,50,2.5585585585585586,1.0363159101431547,False
batch2,33,50,2.557057057057057,1.0364478743624057,False
batch2,33,50,2.5555555555555554,1.0365794046666668,False
batch2,33,50,2.554054054054054,1.0367106738937513,False
batch2,33,50,2.5525525525525525,1.0368418023512944,False
batch2,33,50,2.551051051051051,1.0369728947010926,False
batch2,33,50,2.5495495495495497,1.0371040556022892,False
batch2,33,50,2.548048048048048,1.0372353897140276,False
batch2,33,50,2.5465465465465464,1.0373670016954513,False
batch2,33,50,2.545045045045045,1.0374989951764813,False
batch2,33,50,2.5435435435435436,1.0376312798389926,False
batch2,33,50,2.542042042042042,1.0377633439826959,False
batch2,33,50,2.5405405405405403,1.0378946206088415,False
batch2,33,50,2.539039039039039,1.0380245427186796,False
batch2,33,50,2.5375375375375375,1.0381525433134602,False
batch2,33,50,2.536036036036036,1.0382780553944333,False
batch2,33,50,2.5345345345345347,1.0384005213960612,False
batch2,33,50,2.533033033033033,1.0385198260041586,False
batch2,33,50,2.5315315315315314,1.0386364763774834,False
batch2,33,50,2.53003003003003,1.0387510264777402,False
batch2,33,50,2.5285285285285286,1.0388640302666334,False
batch2,33,50,2.527027027027027,1.0389760417058669,False
batch2,33,50,2.5255255255255253,1.0390876147571453,False
batch2,33,50,2.524024024024024,1.039199290756074,False
batch2,33,50,2.5225225225225225,1.0393113032441832,False
batch2,33,50,2.521021021021021,1.039423567983889,False
batch2,33,50,2.5195195195195197,1.0395359861138636,False
batch2,33,50,2.518018018018018,1.0396484587727794,False
batch2,33,50,2.5165165165165164,1.0397608870993087,False
batch2,33,50,2.515015015015015,1.0398731722321235,False
batch2,33,50,2.5135135135135136,1.0399852142359138,False
batch2,33,50,2.512012012012012,1.0400968892542515,False
batch2,33,50,2.5105105105105103,1.040208049935319,False
batch2,33,50,2.509009009009009,1.0403185479384705,False
batch2,33,50,2.5075075075075075,1.0404282349230607,False
batch2,33,50,2.506006006006006,1.0405369625484437,False
batch2,33,50,2.5045045045045047,1.040644582473974,False
batch2,33,50,2.503003003003003,1.0407509613864556,False
batch2,33,50,2.5015015015015014,1.0408560742295558,False
batch2,33,50,2.5,1.040959943391572,False
batch2,33,50,2.4984984984984986,1.041062591462473,False
batch2,33,50,2.496996996996997,1.0411640410322285,False
batch2,33,50,2.4954954954954953,1.0412643146908072,False
batch2,33,50,2.493993993993994,1.0413634350281784,False
batch2,33,50,2.4924924924924925,1.0414614487592195,False
batch2,33,50,2.490990990990991,1.0415585619583245,False
batch2,33,50,2.4894894894894897,1.04165504533392,False
batch2,33,50,2.487987987987988,1.0417511697790904,False
batch2,33,50,2.4864864864864864,1.0418472061869202,False
batch2,33,50,2.484984984984985,1.0419434254504933,False
batch2,33,50,2.4834834834834836,1.0420400984628946,False
batch2,33,50,2.481981981981982,1.042137402617889,False
batch2,33,50,2.4804804804804803,1.0422350447341047,False
batch2,33,50,2.478978978978979,1.0423325839136597,False
batch2,33,50,2.4774774774774775,1.0424295792059461,False
batch2,33,50,2.475975975975976,1.0425255896603556,False
batch2,33,50,2.4744744744744747,1.0426201743262802,False
batch2,33,50,2.472972972972973,1.0427128928110099,False
batch2,33,50,2.4714714714714714,1.042803519537419,False
batch2,33,50,2.46996996996997,1.0428923675616566,False
batch2,33,50,2.4684684684684686,1.0429798330061633,False
batch2,33,50,2.466966966966967,1.0430663119933787,False
batch2,33,50,2.4654654654654653,1.0431522006457437,False
batch2,33,50,2.463963963963964,1.043237895085698,False
batch2,33,50,2.4624624624624625,1.0433237856083666,False
batch2,33,50,2.460960960960961,1.0434099871590485,False
batch2,33,50,2.4594594594594597,1.0434962258745193,False
batch2,33,50,2.457957957957958,1.0435821985222102,False
batch2,33,50,2.4564564564564564,1.0436676018695525,False
batch2,33,50,2.454954954954955,1.0437521326839767,False
batch2,33,50,2.4534534534534536,1.0438354877329146,False
batch2,33,50,2.451951951951952,1.0439173659944994,False
batch2,33,50,2.4504504504504503,1.0439976119187706,False
batch2,33,50,2.448948948948949,1.0440763031410947,False
batch2,33,50,2.4474474474474475,1.0441535382840275,False
batch2,33,50,2.445945945945946,1.0442294159701242,False
batch2,33,50,2.4444444444444446,1.04430403482194,False
batch2,33,50,2.442942942942943,1.0443774934620302,False
batch2,33,50,2.4414414414414414,1.0444499020015285,False
batch2,33,50,2.43993993993994,1.0445215319188743,False
batch2,33,50,2.4384384384384385,1.0445927737361393,False
batch2,33,50,2.436936936936937,1.0446640207529376,False
batch2,33,50,2.4354354354354353,1.0447356662688831,False
batch2,33,50,2.433933933933934,1.04480810358359,False
batch2,33,50,2.4324324324324325,1.0448817259966725,False
batch2,33,50,2.4309309309309306,1.044956799478389,False
batch2,33,50,2.4294294294294296,1.0450330043203246,False
batch2,33,50,2.4279279279279278,1.045109852525899,False
batch2,33,50,2.4264264264264264,1.045186856083755,False
batch2,33,50,2.424924924924925,1.0452635269825354,False
batch2,33,50,2.423423423423423,1.0453393772108834,False
batch2,33,50,2.421921921921922,1.0454139215502112,False
batch2,33,50,2.4204204204204203,1.0454869168915406,False
batch2,33,50,2.418918918918919,1.0455585460081394,False
batch2,33,50,2.4174174174174174,1.0456290349371844,False
batch2,33,50,2.4159159159159156,1.0456986097158532,False
batch2,33,50,2.4144144144144146,1.0457674963813226,False
batch2,33,50,2.4129129129129128,1.0458359209707702,False
batch2,33,50,2.4114114114114114,1.045904099858365,False
batch2,33,50,2.40990990990991,1.045972042083667,False
batch2,33,50,2.408408408408408,1.046039557313849,False
batch2,33,50,2.406906906906907,1.0461064471462862,False
batch2,33,50,2.4054054054054053,1.0461725131783537,False
batch2,33,50,2.403903903903904,1.0462375570074265,False
batch2,33,50,2.4024024024024024,1.0463013802308796,False
batch2,33,50,2.4009009009009006,1.0463637915073123,False
batch2,33,50,2.3993993993993996,1.046424790330286,False
batch2,33,50,2.3978978978978978,1.0464845842995305,False
batch2,33,50,2.3963963963963963,1.0465433915383728,False
batch2,33,50,2.394894894894895,1.0466014301701392,False
batch2,33,50,2.393393393393393,1.046658918318156,False
batch2,33,50,2.391891891891892,1.0467160741057497,False
batch2,33,50,2.3903903903903903,1.0467731118872132,False
batch2,33,50,2.388888888888889,1.0468301415181307,False
batch2,33,50,2.3873873873873874,1.04688715738364,False
batch2,33,50,2.3858858858858856,1.0469441478986374,False
batch2,33,50,2.3843843843843846,1.04700110147802,False
batch2,33,50,2.3828828828828827,1.0470580065366843,False
batch2,33,50,2.3813813813813813,1.0471148514895274,False
batch2,33,50,2.37987987987988,1.04717161944485,False
batch2,33,50,2.378378378378378,1.0472282503534045,False
batch2,33,50,2.376876876876877,1.0472846631662536,False
batch2,33,50,2.3753753753753752,1.0473407766942489,False
batch2,33,50,2.373873873873874,1.047396509748242,False
batch2,33,50,2.3723723723723724,1.0474517811390847,False
batch2,33,50,2.3708708708708706,1.0475065096776286,False
batch2,33,50,2.3693693693693696,1.0475606212943263,False
batch2,33,50,2.3678678678678677,1.0476141045093903,False
batch2,33,50,2.3663663663663663,1.0476669803360408,False
batch2,33,50,2.364864864864865,1.0477192700640734,False
batch2,33,50,2.363363363363363,1.047770994983284,False
batch2,33,50,2.361861861861862,1.0478221763834685,False
batch2,33,50,2.3603603603603602,1.047872835554423,False
batch2,33,50,2.358858858858859,1.0479229946957402,False
batch2,33,50,2.3573573573573574,1.0479727046985383,False
batch2,33,50,2.3558558558558556,1.0480220502659205,False
batch2,33,50,2.3543543543543546,1.0480711180435462,False
batch2,33,50,2.3528528528528527,1.0481199946770743,False
batch2,33,50,2.3513513513513513,1.0481687668121638,False
batch2,33,50,2.34984984984985,1.0482175210944737,False
batch2,33,50,2.348348348348348,1.0482663434612862,False
batch2,33,50,2.346846846846847,1.048315246967545,False
batch2,33,50,2.3453453453453452,1.0483641095444132,False
batch2,33,50,2.343843843843844,1.0484127944587698,False
batch2,33,50,2.3423423423423424,1.0484611649774935,False
batch2,33,50,2.3408408408408405,1.048509084367463,False
batch2,33,50,2.3393393393393396,1.048556415895557,False
batch2,33,50,2.3378378378378377,1.0486030301799556,False
batch2,33,50,2.3363363363363363,1.0486489073843928,False
batch2,33,50,2.334834834834835,1.048694111770562,False
batch2,33,50,2.333333333333333,1.0487387097501806,False
batch2,33,50,2.331831831831832,1.0487827677349655,False
batch2,33,50,2.33033033033033,1.0488263521366337,False
batch2,33,50,2.328828828828829,1.0488695293669028,False
batch2,33,50,2.3273273273273274,1.048912365609097,False
batch2,33,50,2.3258258258258255,1.0489549200889503,False
batch2,33,50,2.3243243243243246,1.0489972439707949,False
batch2,33,50,2.3228228228228227,1.049039387968307,False
batch2,33,50,2.3213213213213213,1.0490814027951636,False
batch2,33,50,2.31981981981982,1.0491233391650405,False
batch2,33,50,2.318318318318318,1.0491652477916142,False
batch2,33,50,2.316816816816817,1.0492071793885613,False
batch2,33,50,2.315315315315315,1.0492491660136276,False
batch2,33,50,2.313813813813814,1.049291162272576,False
batch2,33,50,2.3123123123123124,1.0493331026745154,False
batch2,33,50,2.3108108108108105,1.049374921728517,False
batch2,33,50,2.3093093093093096,1.0494165539436535,False
batch2,33,50,2.3078078078078077,1.049457933828996,False
batch2,33,50,2.3063063063063063,1.0494989958936163,False
batch2,33,50,2.304804804804805,1.0495396794456862,False
batch2,33,50,2.303303303303303,1.0495799545182734,False
batch2,33,50,2.301801801801802,1.0496198032561577,False
batch2,33,50,2.3003003003003,1.0496592078335016,False
batch2,33,50,2.298798798798799,1.0496981504244678,False
batch2,33,50,2.2972972972972974,1.0497366132032184,False
batch2,33,50,2.2957957957957955,1.0497745783439165,False
batch2,33,50,2.2942942942942945,1.0498120285419332,False
batch2,33,50,2.2927927927927927,1.0498489784499418,False
batch2,33,50,2.2912912912912913,1.049885492652242,False
batch2,33,50,2.28978978978979,1.0499216400751605,False
batch2,33,50,2.288288288288288,1.0499574896450241,False
batch2,33,50,2.286786786786787,1.0499931102881597,False
batch2,33,50,2.285285285285285,1.0500285709308939,False
batch2,33,50,2.2837837837837838,1.0500639356699786,False
batch2,33,50,2.2822822822822824,1.0500991949500103,False
batch2,33,50,2.2807807807807805,1.0501342817999364,False
batch2,33,50,2.2792792792792795,1.0501691277296952,False
batch2,33,50,2.2777777777777777,1.050203664249225,False
batch2,33,50,2.2762762762762763,1.0502378228684637,False
batch2,33,50,2.274774774774775,1.0502715350973497,False
batch2,33,50,2.273273273273273,1.0503047414328768,False
batch2,33,50,2.271771771771772,1.0503374911452934,False
batch2,33,50,2.27027027027027,1.0503699057777935,False
batch2,33,50,2.2687687687687688,1.050402108175919,False
batch2,33,50,2.2672672672672673,1.0504342211852118,False
batch2,33,50,2.2657657657657655,1.050466367651214,False
batch2,33,50,2.2642642642642645,1.050498670419468,False
batch2,33,50,2.2627627627627627,1.050531252201577,False
batch2,33,50,2.2612612612612613,1.0505641864437885,False
batch2,33,50,2.25975975975976,1.0505974240474016,False
batch2,33,50,2.258258258258258,1.0506308971805638,False
batch2,33,50,2.256756756756757,1.0506645380114223,False
batch2,33,50,2.255255255255255,1.0506982787081245,False
batch2,33,50,2.2537537537537538,1.0507320514388179,False
batch2,33,50,2.2522522522522523,1.05076578837165,False
batch2,33,50,2.2507507507507505,1.05079941827315,False
batch2,33,50,2.2492492492492495,1.0508328302845258,False
batch2,33,50,2.2477477477477477,1.0508658879435009,False
batch2,33,50,2.2462462462462462,1.0508984543593285,False
batch2,33,50,2.244744744744745,1.0509303926412623,False
batch2,33,50,2.243243243243243,1.0509615658985556,False
batch2,33,50,2.241741741741742,1.0509918372404623,False
batch2,33,50,2.24024024024024,1.0510211153495879,False
batch2,33,50,2.2387387387387387,1.0510495362756174,False
batch2,33,50,2.2372372372372373,1.0510773068330916,False
batch2,33,50,2.2357357357357355,1.051104633859225,False
batch2,33,50,2.2342342342342345,1.0511317241912312,False
batch2,33,50,2.2327327327327327,1.0511587846663248,False
batch2,33,50,2.2312312312312312,1.05118602212172,False
batch2,33,50,2.22972972972973,1.0512136409252613,False
batch2,33,50,2.228228228228228,1.0512417248229033,False
batch2,33,50,2.226726726726727,1.0512701849163355,False
batch2,33,50,2.225225225225225,1.0512989190122237,False
batch2,33,50,2.2237237237237237,1.0513278249172346,False
batch2,33,50,2.2222222222222223,1.0513568004380347,False
batch2,33,50,2.2207207207207205,1.0513857433812899,False
batch2,33,50,2.2192192192192195,1.0514145515537234,False
batch2,33,50,2.2177177177177176,1.0514431377791393,False
batch2,33,50,2.2162162162162162,1.0514714721631313,False
batch2,33,50,2.214714714714715,1.0514995384671353,False
batch2,33,50,2.213213213213213,1.051527320452588,False
batch2,33,50,2.211711711711712,1.0515548018809255,False
batch2,33,50,2.21021021021021,1.0515819665135846,False
batch2,33,50,2.2087087087087087,1.0516087981120013,False
batch2,33,50,2.2072072072072073,1.051635280784652,False
batch2,33,50,2.2057057057057055,1.0516614260274952,False
batch2,33,50,2.2042042042042045,1.0516872920663995,False
batch2,33,50,2.2027027027027026,1.0517129416924251,False
batch2,33,50,2.201201201201201,1.051738437696632,False
batch2,33,50,2.1996996996997,1.0517638428700797,False
batch2,33,50,2.198198198198198,1.0517892200038288,False
batch2,33,50,2.196696696696697,1.0518146315462074,False
batch2,33,50,2.195195195195195,1.0518401166834874,False
batch2,33,50,2.1936936936936937,1.0518656769022934,False
batch2,33,50,2.1921921921921923,1.0518913102462757,False
batch2,33,50,2.1906906906906904,1.0519170147590855,False
batch2,33,50,2.1891891891891895,1.0519427884843733,False
batch2,33,50,2.1876876876876876,1.0519686294657902,False
batch2,33,50,2.186186186186186,1.0519945345203605,False
batch2,33,50,2.184684684684685,1.052020460616703,False
batch2,33,50,2.183183183183183,1.0520463170848324,False
batch2,33,50,2.181681681681682,1.0520720104545094,False
batch2,33,50,2.18018018018018,1.0520974472554934,False
batch2,33,50,2.1786786786786787,1.0521225340175449,False
batch2,33,50,2.1771771771771773,1.0521471772704238,False
batch2,33,50,2.1756756756756754,1.0521712843235997,False
batch2,33,50,2.1741741741741745,1.0521948346920302,False
batch2,33,50,2.1726726726726726,1.0522179375603657,False
batch2,33,50,2.171171171171171,1.0522407156358529,False
batch2,33,50,2.16966966966967,1.0522632916257388,False
batch2,33,50,2.168168168168168,1.052285788237271,False
batch2,33,50,2.166666666666667,1.052308328177696,False
batch2,33,50,2.165165165165165,1.052331034154261,False
batch2,33,50,2.1636636636636637,1.0523540132761986,False
batch2,33,50,2.1621621621621623,1.05237726321214,False
batch2,33,50,2.1606606606606604,1.0524007347740802,False
batch2,33,50,2.1591591591591595,1.0524243785961562,False
batch2,33,50,2.1576576576576576,1.0524481453125045,False
batch2,33,50,2.156156156156156,1.0524719855572615,False
batch2,33,50,2.1546546546546548,1.0524958499645638,False
batch2,33,50,2.153153153153153,1.0525196891685689,False
batch2,33,50,2.151651651651652,1.0525434585763231,False
batch2,33,50,2.15015015015015,1.052567131754827,False
batch2,33,50,2.1486486486486487,1.052590686589429,False
batch2,33,50,2.1471471471471473,1.0526141009654775,False
batch2,33,50,2.1456456456456454,1.0526373527683206,False
batch2,33,50,2.1441441441441444,1.0526604198833072,False
batch2,33,50,2.1426426426426426,1.052683280195785,False
batch2,33,50,2.141141141141141,1.0527059117755864,False
batch2,33,50,2.1396396396396398,1.0527283132661232,False
batch2,33,50,2.138138138138138,1.0527505223600109,False
batch2,33,50,2.136636636636637,1.0527725811122255,False
batch2,33,50,2.135135135135135,1.052794531577743,False
batch2,33,50,2.1336336336336337,1.0528164158115394,False
batch2,33,50,2.1321321321321323,1.0528382758685906,False
batch2,33,50,2.1306306306306304,1.0528601538038722,False
batch2,33,50,2.1291291291291294,1.0528820916723607,False
batch2,33,50,2.1276276276276276,1.0529041228680323,False
batch2,33,50,2.126126126126126,1.0529262184678396,False
batch2,33,50,2.1246246246246248,1.052948322267116,False
batch2,33,50,2.123123123123123,1.0529703779458202,False
batch2,33,50,2.121621621621622,1.0529923291839112,False
batch2,33,50,2.12012012012012,1.0530141196613478,False
batch2,33,50,2.1186186186186187,1.053035693058089,False
batch2,33,50,2.1171171171171173,1.053056993054094,False
batch2,33,50,2.1156156156156154,1.0530779681962494,False
batch2,33,50,2.1141141141141144,1.0530986213745306,False
batch2,33,50,2.1126126126126126,1.0531189895061046,False
batch2,33,50,2.111111111111111,1.0531391100306096,False
batch2,33,50,2.1096096096096097,1.0531590203876837,False
batch2,33,50,2.108108108108108,1.0531787580169647,False
batch2,33,50,2.106606606606607,1.0531983603580908,False
batch2,33,50,2.105105105105105,1.0532178650023358,False
batch2,33,50,2.1036036036036037,1.0532373176261125,False
batch2,33,50,2.1021021021021022,1.0532567758876357,False
batch2,33,50,2.1006006006006004,1.0532762984140889,False
batch2,33,50,2.0990990990990994,1.0532959438326552,False
batch2,33,50,2.0975975975975976,1.0533157707705183,False
batch2,33,50,2.096096096096096,1.0533358378548618,False
batch2,33,50,2.0945945945945947,1.0533562002239294,False
batch2,33,50,2.093093093093093,1.053376826760566,False
batch2,33,50,2.091591591591592,1.0533975966151337,False
batch2,33,50,2.09009009009009,1.053418384753297,False
batch2,33,50,2.0885885885885886,1.0534390661407211,False
batch2,33,50,2.0870870870870872,1.0534595157430706,False
batch2,33,50,2.0855855855855854,1.0534796085260107,False
batch2,33,50,2.0840840840840844,1.053499220245833,False
batch2,33,50,2.0825825825825826,1.0535183020669405,False
batch2,33,50,2.081081081081081,1.053536941808667,False
batch2,33,50,2.0795795795795797,1.053555241704833,False
batch2,33,50,2.078078078078078,1.0535733039892594,False
batch2,33,50,2.076576576576577,1.0535912308957671,False
batch2,33,50,2.075075075075075,1.0536091246581767,False
batch2,33,50,2.0735735735735736,1.0536270875103093,False
batch2,33,50,2.0720720720720722,1.0536452161578298,False
batch2,33,50,2.0705705705705704,1.053663547476868,False
batch2,33,50,2.0690690690690694,1.0536820817505823,False
batch2,33,50,2.0675675675675675,1.0537008187363828,False
batch2,33,50,2.066066066066066,1.05371975819168,False
batch2,33,50,2.0645645645645647,1.0537388998738837,False
batch2,33,50,2.063063063063063,1.0537582435404045,False
batch2,33,50,2.0615615615615615,1.0537777889486526,False
batch2,33,50,2.06006006006006,1.053797523936648,False
batch2,33,50,2.0585585585585586,1.0538173779661038,False
batch2,33,50,2.057057057057057,1.0538372626556438,False
batch2,33,50,2.0555555555555554,1.0538570896194117,False
batch2,33,50,2.054054054054054,1.0538767704715515,False
batch2,33,50,2.0525525525525525,1.0538962168262072,False
batch2,33,50,2.051051051051051,1.0539153402975223,False
batch2,33,50,2.0495495495495497,1.0539340552192995,False
batch2,33,50,2.048048048048048,1.0539523581996897,False
batch2,33,50,2.0465465465465464,1.0539703408459995,False
batch2,33,50,2.045045045045045,1.0539881000466658,False
batch2,33,50,2.0435435435435436,1.0540057326901262,False
batch2,33,50,2.042042042042042,1.0540233356648174,False
batch2,33,50,2.0405405405405403,1.054041005859177,False
batch2,33,50,2.039039039039039,1.0540588401616418,False
batch2,33,50,2.0375375375375375,1.0540769335729512,False
batch2,33,50,2.036036036036036,1.0540953049699195,False
batch2,33,50,2.0345345345345347,1.0541138727268982,False
batch2,33,50,2.033033033033033,1.0541325483365585,False
batch2,33,50,2.0315315315315314,1.0541512432915714,False
batch2,33,50,2.03003003003003,1.0541698690846077,False
batch2,33,50,2.0285285285285286,1.0541883372083392,False
batch2,33,50,2.027027027027027,1.0542065591554366,False
batch2,33,50,2.0255255255255253,1.0542244495092221,False
batch2,33,50,2.024024024024024,1.0542419886495549,False
batch2,33,50,2.0225225225225225,1.0542592199423857,False
batch2,33,50,2.021021021021021,1.054276189281892,False
batch2,33,50,2.0195195195195197,1.0542929425622505,False
batch2,33,50,2.018018018018018,1.0543095256776385,False
batch2,33,50,2.0165165165165164,1.054325984522233,False
batch2,33,50,2.015015015015015,1.0543423649902115,False
batch2,33,50,2.0135135135135136,1.0543587129757506,False
batch2,33,50,2.012012012012012,1.0543750743730278,False
batch2,33,50,2.0105105105105103,1.0543914950762203,False
batch2,33,50,2.009009009009009,1.0544080209795048,False
batch2,33,50,2.0075075075075075,1.0544246979770588,False
batch2,33,50,2.006006006006006,1.054441571963059,False
batch2,33,50,2.0045045045045047,1.0544586888316831,False
batch2,33,50,2.003003003003003,1.0544760944771079,False
batch2,33,50,2.0015015015015014,1.0544938347935104,False
batch2,33,50,2.0,1.054511955675068,False
batch2,33,75,3.5,-0.00020543617065988247,True
batch2,33,75,3.4984984984984986,-0.00017320987025947962,True
batch2,33,75,3.496996996996997,-0.00014185837028782473,True
batch2,33,75,3.4954954954954953,-0.000111229657692237,True
batch2,33,75,3.493993993993994,-8.117171942006269e-05,True
batch2,33,75,3.4924924924924925,-5.153254241862073e-05,True
batch2,33,75,3.490990990990991,-2.216011363523931e-05,True
batch2,33,75,3.4894894894894897,7.097579982753464e-06,True
batch2,33,75,3.487987987987988,3.6392551488038125e-05,True
batch2,33,75,3.4864864864864864,6.587681393326926e-05,True
batch2,33,75,3.484984984984985,9.570238037112734e-05,True
batch2,33,75,3.4834834834834836,0.00012602126385428427,True
batch2,33,75,3.481981981981982,0.00015698547743541185,True
batch2,33,75,3.4804804804804803,0.00018874703416719155,True
batch2,33,75,3.478978978978979,0.0002214579464166062,True
batch2,33,75,3.4774774774774775,0.00025522574404470593,True
batch2,33,75,3.475975975975976,0.00028999313224391276,True
batch2,33,75,3.4744744744744747,0.0003256646483549724,True
batch2,33,75,3.472972972972973,0.00036214482971864113,True
batch2,33,75,3.4714714714714714,0.000399338213675643,True
batch2,33,75,3.46996996996997,0.00043714933756673423,True
batch2,33,75,3.4684684684684686,0.00047548273873266033,True
batch2,33,75,3.466966966966967,0.0005142604395952336,True
batch2,33,75,3.4654654654654653,0.0005535175924817612,True
batch2,33,75,3.463963963963964,0.0005933343770292028,True
batch2,33,75,3.4624624624624625,0.0006337910884608444,True
batch2,33,75,3.460960960960961,0.0006749680219999603,True
batch2,33,75,3.4594594594594597,0.0007169454728698247,True
batch2,33,75,3.457957957957958,0.0007598037362937246,True
batch2,33,75,3.4564564564564564,0.0008036194974219836,True
batch2,33,75,3.454954954954955,0.0008484355687831747,True
batch2,33,75,3.4534534534534536,0.0008942762253369105,True
batch2,33,75,3.451951951951952,0.0009411655528965123,True
batch2,33,75,3.4504504504504503,0.000989127637275316,True
batch2,33,75,3.448948948948949,0.0010381865642866148,True
batch2,33,75,3.4474474474474475,0.0010883664197437438,True
batch2,33,75,3.445945945945946,0.0011396789676701043,True
batch2,33,75,3.4444444444444446,0.0011920645962673936,True
batch2,33,75,3.442942942942943,0.0012454380544868165,True
batch2,33,75,3.4414414414414414,0.001299714057872747,True
batch2,33,75,3.43993993993994,0.001354807321969606,True
batch2,33,75,3.4384384384384385,0.0014106325623217991,True
batch2,33,75,3.436936936936937,0.0014671045025500653,True
batch2,33,75,3.4354354354354353,0.001524179848661694,True
batch2,33,75,3.433933933933934,0.0015819551481050746,True
batch2,33,75,3.4324324324324325,0.0016405560290197684,True
batch2,33,75,3.430930930930931,0.0017001081195453195,True
batch2,33,75,3.4294294294294296,0.0017607370478212722,True
batch2,33,75,3.4279279279279278,0.0018225684419871887,True
batch2,33,75,3.4264264264264264,0.001885726789024909,True
batch2,33,75,3.424924924924925,0.0019502619793243833,True
batch2,33,75,3.4234234234234235,0.0020161046106786395,True
batch2,33,75,3.421921921921922,0.0020831745781555513,True
batch2,33,75,3.4204204204204203,0.0021513917768230134,True
batch2,33,75,3.418918918918919,0.0022206761017488598,True
batch2,33,75,3.4174174174174174,0.002290947448000984,True
batch2,33,75,3.415915915915916,0.0023621266255328265,True
batch2,33,75,3.4144144144144146,0.002434209723922132,True
batch2,33,75,3.4129129129129128,0.0025073230496693868,True
batch2,33,75,3.4114114114114114,0.002581605856893753,True
batch2,33,75,3.40990990990991,0.002657197399714459,True
batch2,33,75,3.4084084084084085,0.0027342369322507112,True
batch2,33,75,3.406906906906907,0.0028128637086217156,True
batch2,33,75,3.4054054054054053,0.002893212553707476,True
batch2,33,75,3.403903903903904,0.002975296516562042,True
batch2,33,75,3.4024024024024024,0.003058994665085533,True
batch2,33,75,3.400900900900901,0.0031441791898895034,True
batch2,33,75,3.3993993993993996,0.003230722281585509,True
batch2,33,75,3.3978978978978978,0.00331849613078513,True
batch2,33,75,3.3963963963963963,0.003407372928099869,True
batch2,33,75,3.394894894894895,0.0034972381968891453,True
batch2,33,75,3.3933933933933935,0.003588090392229105,True
batch2,33,75,3.391891891891892,0.0036799848235325814,True
batch2,33,75,3.3903903903903903,0.003772977232820866,True
batch2,33,75,3.388888888888889,0.003867123362115168,True
batch2,33,75,3.3873873873873874,0.003962478953436777,True
batch2,33,75,3.385885885885886,0.004059099748806957,True
batch2,33,75,3.3843843843843846,0.004157078837943342,True
batch2,33,75,3.3828828828828827,0.0042566671050036885,True
batch2,33,75,3.3813813813813813,0.0043581571005178515,True
batch2,33,75,3.37987987987988,0.004461841375255246,True
batch2,33,75,3.3783783783783785,0.004568012479985257,True
batch2,33,75,3.376876876876877,0.004676962965477267,True
batch2,33,75,3.3753753753753752,0.004788983180403308,True
batch2,33,75,3.373873873873874,0.004903913310317813,True
batch2,33,75,3.3723723723723724,0.005020597238512721,True
batch2,33,75,3.370870870870871,0.005137745284121881,True
batch2,33,75,3.3693693693693696,0.005254067766279146,True
batch2,33,75,3.3678678678678677,0.0053682750041184,True
batch2,33,75,3.3663663663663663,0.005479077316773422,True
batch2,33,75,3.364864864864865,0.005585219083541013,True
batch2,33,75,3.3633633633633635,0.005687814579358406,True
batch2,33,75,3.361861861861862,0.005791852433604932,True
batch2,33,75,3.3603603603603602,0.005902679207879335,True
batch2,33,75,3.358858858858859,0.006025641463780268,True
batch2,33,75,3.3573573573573574,0.006166085762906472,True
batch2,33,75,3.355855855855856,0.006329358666856661,True
batch2,33,75,3.3543543543543546,0.006520289823383625,True
batch2,33,75,3.3528528528528527,0.006730935240112651,True
batch2,33,75,3.3513513513513513,0.006940065598020931,True
batch2,33,75,3.34984984984985,0.00712583227744409,True
batch2,33,75,3.3483483483483485,0.007266386658717692,True
batch2,33,75,3.346846846846847,0.007339880122177301,True
batch2,33,75,3.3453453453453452,0.007324464048158463,True
batch2,33,75,3.343843843843844,0.007205464413041315,True
batch2,33,75,3.3423423423423424,0.007036431095176683,True
batch2,33,75,3.340840840840841,0.006908651664053352,True
batch2,33,75,3.3393393393393396,0.006913812480472506,True
batch2,33,75,3.3378378378378377,0.007143599905235435,True
batch2,33,75,3.3363363363363363,0.0076897002991432074,True
batch2,33,75,3.334834834834835,0.00864379312921056,True
batch2,33,75,3.3333333333333335,0.010009005193104006,True
batch2,33,75,3.3318318318318316,0.01147852188930849,True
batch2,33,75,3.33033033033033,0.012677757341629665,True
batch2,33,75,3.328828828828829,0.013232125673874589,True
batch2,33,75,3.3273273273273274,0.012767041009849876,True
batch2,33,75,3.325825825825826,0.010907917473362144,True
batch2,33,75,3.324324324324324,0.007288349207619693,True
batch2,33,75,3.3228228228228227,0.0021949689982350834,True
batch2,33,75,3.3213213213213213,-0.0029670915730254776,True
batch2,33,75,3.31981981981982,-0.006682892801932709,True
batch2,33,75,3.3183183183183185,-0.007437494984257284,True
batch2,33,75,3.3168168168168166,-0.0037159584157679896,True
batch2,33,75,3.315315315315315,0.005996656607762663,True
batch2,33,75,3.313813813813814,0.023103351071161696,True
batch2,33,75,3.3123123123123124,0.045573070469128965,True
batch2,33,75,3.310810810810811,0.06738210297602061,True
batch2,33,75,3.309309309309309,0.08228228155503668,True
batch2,33,75,3.3078078078078077,0.08402543916936416,True
batch2,33,75,3.3063063063063063,0.0663634087822061,True
batch2,33,75,3.304804804804805,0.02304802335675983,True
batch2,33,75,3.3033033033033035,-0.05107658030370302,True
batch2,33,75,3.3018018018018016,-0.14387185160030602,True
batch2,33,75,3.3003003003003,-0.22938255033878688,True
batch2,33,75,3.298798798798799,-0.2812676855584588,True
batch2,33,75,3.2972972972972974,-0.2731862662986084,True
batch2,33,75,3.295795795795796,-0.17879730159852228,True
batch2,33,75,3.294294294294294,0.02824019950259317,True
batch2,33,75,3.2927927927927927,0.3619123108034218,True
batch2,33,75,3.2912912912912913,0.7485163917141411,True
batch2,33,75,3.28978978978979,1.0764212751431852,True
batch2,33,75,3.2882882882882885,1.233844430259098,True
batch2,33,75,3.2867867867867866,1.1090033262303356,True
batch2,33,75,3.285285285285285,0.5901154322254887,True
batch2,33,75,3.2837837837837838,-0.4343660461179688,True
batch2,33,75,3.2822822822822824,-1.9395653778399258,True
batch2,33,75,3.280780780780781,-3.535504482515588,True
batch2,33,75,3.279279279279279,-4.771773890993613,True
batch2,33,75,3.2777777777777777,-5.197964134121551,True
batch2,33,75,3.2762762762762763,-4.363665742748234,True
batch2,33,75,3.274774774774775,-1.818469247722051,True
batch2,33,75,3.2732732732732734,2.8766318934819726,True
batch2,33,75,3.2717717717717716,9.321375611744951,True
batch2,33,75,3.27027027027027,15.716624297781703,True
batch2,33,75,3.2687687687687688,20.130674956256087,True
batch2,33,75,3.2672672672672673,20.631824591830213,True
batch2,33,75,3.265765765765766,15.288370209166196,True
batch2,33,75,3.264264264264264,2.168608812920934,True
batch2,33,75,3.2627627627627627,-20.231016504029327,True
batch2,33,75,3.2612612612612613,-47.67492088260673,True
batch2,33,75,3.25975975975976,-71.82767330142272,True
batch2,33,75,3.2582582582582584,-84.26522807836716,True
batch2,33,75,3.2567567567567566,-76.56353953132383,True
batch2,33,75,3.255255255255255,-40.29856197818519,True
batch2,33,75,3.2537537537537538,32.95375026315774,True
batch2,33,75,3.2522522522522523,140.9638050156993,True
batch2,33,75,3.250750750750751,226.213771542991,True
batch2,33,75,3.249249249249249,231.62573533863986,True
batch2,33,75,3.2477477477477477,178.17714099286752,True
batch2,33,75,3.2462462462462462,107.63486700420796,True
batch2,33,75,3.244744744744745,61.76597478821001,True
batch2,33,75,3.2432432432432434,82.03552928226523,True
batch2,33,75,3.2417417417417416,166.98166323086406,True
batch2,33,75,3.24024024024024,228.56303085971098,True
batch2,33,75,3.2387387387387387,213.97538993867153,True
batch2,33,75,3.2372372372372373,154.03401345682516,True
batch2,33,75,3.235735735735736,88.46411052219305,True
batch2,33,75,3.234234234234234,56.99089024279611,True
batch2,33,75,3.2327327327327327,97.46864519776115,True
batch2,33,75,3.2312312312312312,186.42928091693764,True
batch2,33,75,3.22972972972973,230.17922535025716,True
batch2,33,75,3.2282282282282284,200.71155065400652,True
batch2,33,75,3.2267267267267266,135.82482244489924,True
batch2,33,75,3.225225225225225,75.86767739345323,True
batch2,33,75,3.2237237237237237,61.18875217012219,True
batch2,33,75,3.2222222222222223,123.55304314739669,True
batch2,33,75,3.220720720720721,208.80797926153753,True
batch2,33,75,3.219219219219219,228.20335216938722,True
batch2,33,75,3.2177177177177176,185.29085624080588,True
batch2,33,75,3.2162162162162162,119.38670464353355,True
batch2,33,75,3.214714714714715,69.88222177205974,True
batch2,33,75,3.2132132132132134,76.16843465591691,True
batch2,33,75,3.2117117117117115,150.45089270621392,True
batch2,33,75,3.21021021021021,203.5067314331104,True
batch2,33,75,3.2087087087087087,169.6082230896611,True
batch2,33,75,3.2072072072072073,96.04405679838806,True
batch2,33,75,3.205705705705706,46.560055358665466,True
batch2,33,75,3.204204204204204,57.14545265005164,True
batch2,33,75,3.2027027027027026,97.97983562756423,True
batch2,33,75,3.201201201201201,129.70400191551087,True
batch2,33,75,3.1996996996997,116.39860870687478,True
batch2,33,75,3.198198198198198,72.04071498977291,True
batch2,33,75,3.1966966966966965,26.705794376294158,True
batch2,33,75,3.195195195195195,5.687837244424998,True
batch2,33,75,3.1936936936936937,20.083044063148304,True
batch2,33,75,3.1921921921921923,68.65453994507257,True
batch2,33,75,3.1906906906906904,113.38284358488144,True
batch2,33,75,3.189189189189189,83.12585283315107,True
batch2,33,75,3.1876876876876876,31.14751958386366,True
batch2,33,75,3.186186186186186,1.3335316707459488,True
batch2,33,75,3.184684684684685,2.560956386913208,True
batch2,33,75,3.183183183183183,32.38985723502162,True
batch2,33,75,3.1816816816816815,76.06815720119904,True
batch2,33,75,3.18018018018018,65.59962990022154,True
batch2,33,75,3.1786786786786787,16.03684861870766,True
batch2,33,75,3.1771771771771773,1.2010911573607856,True
batch2,33,75,3.1756756756756754,53.45078510924401,True
batch2,33,75,3.174174174174174,173.6908230333711,True
batch2,33,75,3.1726726726726726,265.93311970466095,True
batch2,33,75,3.171171171171171,303.26055921587704,True
batch2,33,75,3.16966966966967,306.73596251629715,True
batch2,33,75,3.168168168168168,297.5078660683395,True
batch2,33,75,3.1666666666666665,291.00258884791026,True
batch2,33,75,3.165165165165165,288.033959370062,True
batch2,33,75,3.1636636636636637,287.1263669756303,True
batch2,33,75,3.1621621621621623,287.1615768437165,True
batch2,33,75,3.1606606606606604,287.4805532550591,True
batch2,33,75,3.159159159159159,287.67743357890595,True
batch2,33,75,3.1576576576576576,287.7564481081698,True
batch2,33,75,3.156156156156156,287.7689738345895,True
batch2,33,75,3.1546546546546548,287.7653894663808,True
batch2,33,75,3.153153153153153,287.7652416252212,True
batch2,33,75,3.1516516516516515,287.7694500707184,True
batch2,33,75,3.15015015015015,287.77586327136726,True
batch2,33,75,3.1486486486486487,287.78286504730914,True
batch2,33,75,3.1471471471471473,287.7894090812638,True
batch2,33,75,3.1456456456456454,287.7968708917407,True
batch2,33,75,3.144144144144144,287.8063191925362,True
batch2,33,75,3.1426426426426426,287.81640626923803,True
batch2,33,75,3.141141141141141,287.8254638524962,True
batch2,33,75,3.1396396396396398,287.8345336993526,True
batch2,33,75,3.138138138138138,287.84403063625666,True
batch2,33,75,3.1366366366366365,287.85438254662677,True
batch2,33,75,3.135135135135135,287.863748018566,True
batch2,33,75,3.1336336336336337,287.8724283909579,True
batch2,33,75,3.1321321321321323,287.88152212901093,True
batch2,33,75,3.1306306306306304,287.89245619128036,True
batch2,33,75,3.129129129129129,287.90286260437284,True
batch2,33,75,3.1276276276276276,287.91112291045613,True
batch2,33,75,3.126126126126126,287.91897447966966,True
batch2,33,75,3.1246246246246248,287.92713603183444,True
batch2,33,75,3.123123123123123,287.9363984754862,True
batch2,33,75,3.1216216216216215,287.9453948737576,True
batch2,33,75,3.12012012012012,287.95492999713264,True
batch2,33,75,3.1186186186186187,287.964023063455,True
batch2,33,75,3.1171171171171173,287.9733584545973,True
batch2,33,75,3.1156156156156154,287.9821100513413,True
batch2,33,75,3.114114114114114,287.990143405326,True
batch2,33,75,3.1126126126126126,287.99742639608525,True
batch2,33,75,3.111111111111111,288.00576539239205,True
batch2,33,75,3.1096096096096097,288.01385102354396,True
batch2,33,75,3.108108108108108,288.0205543226628,True
batch2,33,75,3.1066066066066065,288.0274042985475,True
batch2,33,75,3.105105105105105,288.03555333336664,True
batch2,33,75,3.1036036036036037,288.0441691459164,True
batch2,33,75,3.1021021021021022,288.053642146803,True
batch2,33,75,3.1006006006006004,288.0620590986361,True
batch2,33,75,3.099099099099099,288.0690982411568,True
batch2,33,75,3.0975975975975976,288.07546967991203,True
batch2,33,75,3.096096096096096,288.08260263506367,True
batch2,33,75,3.0945945945945947,288.08895361838245,True
batch2,33,75,3.093093093093093,288.0944199508405,True
batch2,33,75,3.0915915915915915,288.10135253176657,True
batch2,33,75,3.09009009009009,288.10955183074526,True
batch2,33,75,3.0885885885885886,288.11778047615036,True
batch2,33,75,3.0870870870870872,288.1257593403979,True
batch2,33,75,3.0855855855855854,288.13125204081507,True
batch2,33,75,3.084084084084084,288.1368890427537,True
batch2,33,75,3.0825825825825826,288.1447640986826,True
batch2,33,75,3.081081081081081,288.1520262092448,True
batch2,33,75,3.0795795795795797,288.15807390456973,True
batch2,33,75,3.078078078078078,288.16436362798396,True
batch2,33,75,3.0765765765765765,288.17018524475304,True
batch2,33,75,3.075075075075075,288.1759404636922,True
batch2,33,75,3.0735735735735736,288.1804958518478,True
batch2,33,75,3.0720720720720722,288.1859003567917,True
batch2,33,75,3.0705705705705704,288.1943655574442,True
batch2,33,75,3.069069069069069,288.20188896836675,True
batch2,33,75,3.0675675675675675,288.20861215408974,True
batch2,33,75,3.066066066066066,288.2155806609,True
batch2,33,75,3.0645645645645647,288.22242516053075,True
batch2,33,75,3.063063063063063,288.22773734057193,True
batch2,33,75,3.0615615615615615,288.23086790852506,True
batch2,33,75,3.06006006006006,288.23413016804807,True
batch2,33,75,3.0585585585585586,288.23779246255975,True
batch2,33,75,3.057057057057057,288.24110771742994,True
batch2,33,75,3.0555555555555554,288.24454477695605,True
batch2,33,75,3.054054054054054,288.24834129079517,True
batch2,33,75,3.0525525525525525,288.2533908984499,True
batch2,33,75,3.051051051051051,288.25947958348627,True
batch2,33,75,3.0495495495495497,288.26559343426504,True
batch2,33,75,3.048048048048048,288.27063795275524,True
batch2,33,75,3.0465465465465464,288.27416830054005,True
batch2,33,75,3.045045045045045,288.27845685911626,True
batch2,33,75,3.0435435435435436,288.2839594356458,True
batch2,33,75,3.042042042042042,288.28939469015404,True
batch2,33,75,3.0405405405405403,288.29414385541645,True
batch2,33,75,3.039039039039039,288.298638548855,True
batch2,33,75,3.0375375375375375,288.30337200586104,True
batch2,33,75,3.036036036036036,288.3082506393855,True
batch2,33,75,3.0345345345345347,288.3121987870759,True
batch2,33,75,3.033033033033033,288.3153111851624,True
batch2,33,75,3.0315315315315314,288.3189990223475,True
batch2,33,75,3.03003003003003,288.32321691471196,True
batch2,33,75,3.0285285285285286,288.3277041931757,True
batch2,33,75,3.027027027027027,288.33249444048226,True
batch2,33,75,3.0255255255255253,288.33656310837193,True
batch2,33,75,3.024024024024024,288.33915629402026,True
batch2,33,75,3.0225225225225225,288.3414690556206,True
batch2,33,75,3.021021021021021,288.3441492614639,True
batch2,33,75,3.0195195195195197,288.34672967025466,True
batch2,33,75,3.018018018018018,288.34961482105,True
batch2,33,75,3.0165165165165164,288.35358660911356,True
batch2,33,75,3.015015015015015,288.35773111560115,True
batch2,33,75,3.0135135135135136,288.36106630491633,True
batch2,33,75,3.012012012012012,288.3642465431132,True
batch2,33,75,3.0105105105105103,288.3679750200571,True
batch2,33,75,3.009009009009009,288.3722411518558,True
batch2,33,75,3.0075075075075075,288.3767417937638,True
batch2,33,75,3.006006006006006,288.38072598201654,True
batch2,33,75,3.0045045045045047,288.3836312589514,True
batch2,33,75,3.003003003003003,288.38592116920654,True
batch2,33,75,3.0015015015015014,288.3882189932371,True
batch2,33,75,3.0,288.39080170257506,True
batch2,33,75,2.9984984984984986,288.39376938268254,True
batch2,33,75,2.996996996996997,288.3963317132447,True
batch2,33,75,2.9954954954954953,288.39729785160216,True
batch2,33,75,2.993993993993994,288.39715474134454,True
batch2,33,75,2.9924924924924925,288.39796635963125,True
batch2,33,75,2.990990990990991,288.4011382182085,True
batch2,33,75,2.9894894894894897,288.40553427090646,True
batch2,33,75,2.987987987987988,288.40952364044523,True
batch2,33,75,2.9864864864864864,288.41248946935025,True
batch2,33,75,2.984984984984985,288.41460746540434,True
batch2,33,75,2.9834834834834836,288.4160843615923,True
batch2,33,75,2.981981981981982,288.4171941539703,True
batch2,33,75,2.9804804804804803,288.4182387348918,True
batch2,33,75,2.978978978978979,288.41948199983386,True
batch2,33,75,2.9774774774774775,288.42104496179326,True
batch2,33,75,2.975975975975976,288.4230151340742,True
batch2,33,75,2.9744744744744747,288.4254107772707,True
batch2,33,75,2.972972972972973,288.42794132461495,True
batch2,33,75,2.9714714714714714,288.43023015551324,True
batch2,33,75,2.96996996996997,288.4319682989585,True
batch2,33,75,2.9684684684684686,288.43329318613394,True
batch2,33,75,2.966966966966967,288.43452312353116,True
batch2,33,75,2.9654654654654653,288.4359696996191,True
batch2,33,75,2.963963963963964,288.4377745682781,True
batch2,33,75,2.9624624624624625,288.43990742438507,True
batch2,33,75,2.960960960960961,288.4423303259793,True
batch2,33,75,2.9594594594594597,288.4449790199207,True
batch2,33,75,2.957957957957958,288.44767489162496,True
batch2,33,75,2.9564564564564564,288.4502082629363,True
batch2,33,75,2.954954954954955,288.4523699334009,True
batch2,33,75,2.9534534534534536,288.45405442533445,True
batch2,33,75,2.951951951951952,288.45538883074846,True
batch2,33,75,2.9504504504504503,288.4565318889403,True
batch2,33,75,2.948948948948949,288.45764229874015,True
batch2,33,75,2.9474474474474475,288.4588184826221,True
batch2,33,75,2.945945945945946,288.45997758110786,True
batch2,33,75,2.9444444444444446,288.46100279380477,True
batch2,33,75,2.942942942942943,288.46177732032027,True
batch2,33,75,2.9414414414414414,288.46221079813364,True
batch2,33,75,2.93993993993994,288.46246074916155,True
batch2,33,75,2.9384384384384385,288.46282027826186,True
batch2,33,75,2.936936936936937,288.4635838710852,True
batch2,33,75,2.9354354354354353,288.46504512977924,True
batch2,33,75,2.933933933933934,288.4673205253544,True
batch2,33,75,2.9324324324324325,288.47013620790824,True
batch2,33,75,2.930930930930931,288.4731662629975,True
batch2,33,75,2.9294294294294296,288.47608477617894,True
batch2,33,75,2.9279279279279278,288.4785659330593,True
batch2,33,75,2.9264264264264264,288.48038818473896,True
batch2,33,75,2.924924924924925,288.4816315145596,True
batch2,33,75,2.9234234234234235,288.48243009665737,True
batch2,33,75,2.921921921921922,288.4829181051683,True
batch2,33,75,2.9204204204204203,288.48322971422846,True
batch2,33,75,2.918918918918919,288.48348991365356,True
batch2,33,75,2.9174174174174174,288.48375541916124,True
batch2,33,75,2.915915915915916,288.48405219007964,True
batch2,33,75,2.9144144144144146,288.48440603729057,True
batch2,33,75,2.9129129129129128,288.48484277167586,True
batch2,33,75,2.9114114114114114,288.48538820411744,True
batch2,33,75,2.90990990990991,288.48606279207814,True
batch2,33,75,2.9084084084084085,288.4868642693612,True
batch2,33,75,2.906906906906907,288.4877843415695,True
batch2,33,75,2.9054054054054053,288.48881471426205,True
batch2,33,75,2.903903903903904,288.4899470929978,True
batch2,33,75,2.9024024024024024,288.49117318333566,True
batch2,33,75,2.900900900900901,288.49248374294285,True
batch2,33,75,2.8993993993993996,288.49385788581225,True
batch2,33,75,2.8978978978978978,288.49526690634383,True
batch2,33,75,2.8963963963963963,288.49668195407014,True
batch2,33,75,2.894894894894895,288.4980741785239,True
batch2,33,75,2.8933933933933935,288.4994147292376,True
batch2,33,75,2.891891891891892,288.5006747557439,True
batch2,33,75,2.8903903903903903,288.50183076763045,True
batch2,33,75,2.888888888888889,288.5028843663578,True
batch2,33,75,2.8873873873873874,288.503844489597,True
batch2,33,75,2.885885885885886,288.50472007592197,True
batch2,33,75,2.8843843843843846,288.5055200639069,True
batch2,33,75,2.8828828828828827,288.50625339212576,True
batch2,33,75,2.8813813813813813,288.5069291027201,True
batch2,33,75,2.87987987987988,288.5075673196363,True
batch2,33,75,2.8783783783783785,288.508208950513,True
batch2,33,75,2.876876876876877,288.5088971909228,True
batch2,33,75,2.8753753753753752,288.50967523643845,True
batch2,33,75,2.873873873873874,288.51058628263246,True
batch2,33,75,2.8723723723723724,288.51167352507736,True
batch2,33,75,2.870870870870871,288.5129769199384,True
batch2,33,75,2.8693693693693696,288.5144650318429,True
batch2,33,75,2.8678678678678677,288.51603672262985,True
batch2,33,75,2.8663663663663663,288.5175879525411,True
batch2,33,75,2.864864864864865,288.5190146818185,True
batch2,33,75,2.8633633633633635,288.520212870704,True
batch2,33,75,2.861861861861862,288.5210784794394,True
batch2,33,75,2.8603603603603602,288.5215241855191,True
batch2,33,75,2.858858858858859,288.521601874496,True
batch2,33,75,2.8573573573573574,288.52143252616355,True
batch2,33,75,2.855855855855856,288.5211376185853,True
batch2,33,75,2.8543543543543546,288.520838629825,True
batch2,33,75,2.8528528528528527,288.52065703794614,True
batch2,33,75,2.8513513513513513,288.52071431129025,True
batch2,33,75,2.84984984984985,288.5210841992272,True
batch2,33,75,2.8483483483483485,288.52168209252244,True
batch2,33,75,2.846846846846847,288.52239057516954,True
batch2,33,75,2.8453453453453452,288.52309223116197,True
batch2,33,75,2.843843843843844,288.5236696444933,True
batch2,33,75,2.8423423423423424,288.5240053991569,True
batch2,33,75,2.840840840840841,288.5239836204664,True
batch2,33,75,2.8393393393393396,288.5235814658167,True
batch2,33,75,2.8378378378378377,288.52292061113576,True
batch2,33,75,2.8363363363363363,288.5221352013895,True
batch2,33,75,2.834834834834835,288.5213593815438,True
batch2,33,75,2.8333333333333335,288.52072729656453,True
batch2,33,75,2.831831831831832,288.5203730914176,True
batch2,33,75,2.83033033033033,288.520420532163,True
batch2,33,75,2.828828828828829,288.52085535853564,True
batch2,33,75,2.8273273273273274,288.5215652518564,True
batch2,33,75,2.825825825825826,288.5224358021634,True
batch2,33,75,2.8243243243243246,288.5233525994948,True
batch2,33,75,2.8228228228228227,288.52420123388873,True
batch2,33,75,2.8213213213213213,288.52486729538356,True
batch2,33,75,2.81981981981982,288.5252709623544,True
batch2,33,75,2.8183183183183185,288.52548866163124,True
batch2,33,75,2.816816816816817,288.52564091985835,True
batch2,33,75,2.815315315315315,288.52584826628276,True
batch2,33,75,2.813813813813814,288.5262312301514,True
batch2,33,75,2.8123123123123124,288.5269103407112,True
batch2,33,75,2.810810810810811,288.5280049037633,True
batch2,33,75,2.8093093093093096,288.52952900718225,True
batch2,33,75,2.8078078078078077,288.5313121262933,True
batch2,33,75,2.8063063063063063,288.53316504299727,True
batch2,33,75,2.804804804804805,288.53489853919524,True
batch2,33,75,2.8033033033033035,288.53632339678813,True
batch2,33,75,2.801801801801802,288.5372503976769,True
batch2,33,75,2.8003003003003,288.5375033223665,True
batch2,33,75,2.798798798798799,288.53711608655016,True
batch2,33,75,2.7972972972972974,288.53629275888215,True
batch2,33,75,2.795795795795796,288.53524229835205,True
batch2,33,75,2.7942942942942945,288.5341736639495,True
batch2,33,75,2.7927927927927927,288.533295814664,True
batch2,33,75,2.7912912912912913,288.5328177094852,True
batch2,33,75,2.78978978978979,288.5329040521678,True
batch2,33,75,2.7882882882882885,288.5334871951425,True
batch2,33,75,2.786786786786787,288.5344235007442,True
batch2,33,75,2.785285285285285,288.5355692881223,True
batch2,33,75,2.7837837837837838,288.5367808764263,True
batch2,33,75,2.7822822822822824,288.5379145848057,True
batch2,33,75,2.7807807807807805,288.538826946279,True
batch2,33,75,2.7792792792792795,288.5394363122533,True
batch2,33,75,2.7777777777777777,288.5398080940521,True
batch2,33,75,2.7762762762762763,288.5400290985426,True
batch2,33,75,2.774774774774775,288.54018613259217,True
batch2,33,75,2.773273273273273,288.5403660030681,True
batch2,33,75,2.771771771771772,288.5406555168376,True
batch2,33,75,2.77027027027027,288.5411385232524,True
batch2,33,75,2.7687687687687688,288.5418263693768,True
batch2,33,75,2.7672672672672673,288.54265532048817,True
batch2,33,75,2.7657657657657655,288.54355816825074,True
batch2,33,75,2.7642642642642645,288.5444677043288,True
batch2,33,75,2.7627627627627627,288.54531672038644,True
batch2,33,75,2.7612612612612613,288.5460380080879,True
batch2,33,75,2.75975975975976,288.54657634366754,True
batch2,33,75,2.758258258258258,288.5469587465187,True
batch2,33,75,2.756756756756757,288.5472467585492,True
batch2,33,75,2.755255255255255,288.54750204022486,True
batch2,33,75,2.7537537537537538,288.54778625201163,True
batch2,33,75,2.7522522522522523,288.54816105437544,True
batch2,33,75,2.7507507507507505,288.5486880781659,True
batch2,33,75,2.7492492492492495,288.5493998438219,True
batch2,33,75,2.7477477477477477,288.5502452679297,True
batch2,33,75,2.7462462462462462,288.5511583512049,True
batch2,33,75,2.744744744744745,288.55207309436327,True
batch2,33,75,2.743243243243243,288.55292349812044,True
batch2,33,75,2.741741741741742,288.5536435631921,True
batch2,33,75,2.74024024024024,288.5541683938202,True
batch2,33,75,2.7387387387387387,288.55447534947626,True
batch2,33,75,2.7372372372372373,288.55459631078406,True
batch2,33,75,2.7357357357357355,288.5545667651371,True
batch2,33,75,2.7342342342342345,288.5544221999291,True
batch2,33,75,2.7327327327327327,288.5541981025536,True
batch2,33,75,2.7312312312312312,288.5539299604042,True
batch2,33,75,2.72972972972973,288.5536528706382,True
batch2,33,75,2.728228228228228,288.5533966945672,True
batch2,33,75,2.726726726726727,288.553187550775,True
batch2,33,75,2.725225225225225,288.55305147682304,True
batch2,33,75,2.7237237237237237,288.55301451027276,True
batch2,33,75,2.7222222222222223,288.55310268868556,True
batch2,33,75,2.7207207207207205,288.5533420496228,True
batch2,33,75,2.7192192192192195,288.5537479272971,True
batch2,33,75,2.7177177177177176,288.5542807056736,True
batch2,33,75,2.7162162162162162,288.55488318293914,True
batch2,33,75,2.714714714714715,288.55549814938604,True
batch2,33,75,2.713213213213213,288.5560683953067,True
batch2,33,75,2.7117117117117115,288.55653671099344,True
batch2,33,75,2.71021021021021,288.5568462467994,True
batch2,33,75,2.7087087087087087,288.5569808409243,True
batch2,33,75,2.7072072072072073,288.557001850157,True
batch2,33,75,2.7057057057057055,288.5569793314035,True
batch2,33,75,2.704204204204204,288.5569833415701,True
batch2,33,75,2.7027027027027026,288.55708393756305,True
batch2,33,75,2.701201201201201,288.5573511762884,True
batch2,33,75,2.6996996996997,288.5578502937827,True
batch2,33,75,2.698198198198198,288.5585646965158,True
batch2,33,75,2.6966966966966965,288.55940943969716,True
batch2,33,75,2.695195195195195,288.5602974807293,True
batch2,33,75,2.6936936936936937,288.5611417770146,True
batch2,33,75,2.6921921921921923,288.5618552859557,True
batch2,33,75,2.6906906906906904,288.56235096495504,True
batch2,33,75,2.689189189189189,288.56255415240554,True
batch2,33,75,2.6876876876876876,288.56247873376924,True
batch2,33,75,2.686186186186186,288.5621771536116,True
batch2,33,75,2.684684684684685,288.56170201547536,True
batch2,33,75,2.683183183183183,288.56110592290327,True
batch2,33,75,2.6816816816816815,288.5604414794381,True
batch2,33,75,2.68018018018018,288.5597612833609,True
batch2,33,75,2.6786786786786787,288.5591138212444,True
batch2,33,75,2.6771771771771773,288.55853610610933,True
batch2,33,75,2.6756756756756754,288.5580631652782,True
batch2,33,75,2.674174174174174,288.5577300260737,True
batch2,33,75,2.6726726726726726,288.5575717158184,True
batch2,33,75,2.671171171171171,288.557623261835,True
batch2,33,75,2.66966966966967,288.55791812084453,True
batch2,33,75,2.668168168168168,288.558435169655,True
batch2,33,75,2.6666666666666665,288.55908591875345,True
batch2,33,75,2.665165165165165,288.5597777151769,True
batch2,33,75,2.6636636636636637,288.5604179059625,True
batch2,33,75,2.6621621621621623,288.5609138381474,True
batch2,33,75,2.6606606606606604,288.56117285876877,True
batch2,33,75,2.659159159159159,288.5611147415908,True
batch2,33,75,2.6576576576576576,288.56078945309196,True
batch2,33,75,2.656156156156156,288.56032464167976,True
batch2,33,75,2.6546546546546548,288.5598489942394,True
batch2,33,75,2.653153153153153,288.5594911976561,True
batch2,33,75,2.6516516516516515,288.5593799388149,True
batch2,33,75,2.65015015015015,288.55964390460116,True
batch2,33,75,2.6486486486486487,288.5603666302493,True
batch2,33,75,2.6471471471471473,288.56145004926094,True
batch2,33,75,2.6456456456456454,288.5627504445525,True
batch2,33,75,2.644144144144144,288.56412409904004,True
batch2,33,75,2.6426426426426426,288.5654272956397,True
batch2,33,75,2.641141141141141,288.56651631726766,True
batch2,33,75,2.6396396396396398,288.56724780826204,True
batch2,33,75,2.638138138138138,288.5675506964174,True
batch2,33,75,2.6366366366366365,288.567513103438,True
batch2,33,75,2.635135135135135,288.567244372285,True
batch2,33,75,2.6336336336336337,288.56685384591975,True
batch2,33,75,2.6321321321321323,288.56645086730333,True
batch2,33,75,2.6306306306306304,288.56614477939695,True
batch2,33,75,2.629129129129129,288.56604114048673,True
batch2,33,75,2.6276276276276276,288.5661519317039,True
batch2,33,75,2.626126126126126,288.56639177894755,True
batch2,33,75,2.6246246246246248,288.56667076745487,True
batch2,33,75,2.623123123123123,288.5668989824632,True
batch2,33,75,2.6216216216216215,288.5669865092098,True
batch2,33,75,2.62012012012012,288.56684343293205,True
batch2,33,75,2.6186186186186187,288.5663971757626,True
batch2,33,75,2.6171171171171173,288.56571725296925,True
batch2,33,75,2.6156156156156154,288.56494277224596,True
batch2,33,75,2.614114114114114,288.56421331798083,True
batch2,33,75,2.6126126126126126,288.5636684745621,True
batch2,33,75,2.611111111111111,288.56344782637797,True
batch2,33,75,2.6096096096096097,288.5636909578122,True
batch2,33,75,2.608108108108108,288.56448876039144,True
batch2,33,75,2.6066066066066065,288.56573994041383,True
batch2,33,75,2.605105105105105,288.5672957958582,True
batch2,33,75,2.6036036036036037,288.5690076247034,True
batch2,33,75,2.6021021021021022,288.5707267249282,True
batch2,33,75,2.6006006006006004,288.5723043945116,True
batch2,33,75,2.599099099099099,288.5735919888909,True
batch2,33,75,2.5975975975975976,288.5744835420586,True
batch2,33,75,2.596096096096096,288.5749913829361,True
batch2,33,75,2.5945945945945947,288.57514816786016,True
batch2,33,75,2.593093093093093,288.57498655316743,True
batch2,33,75,2.5915915915915915,288.57453919519475,True
batch2,33,75,2.59009009009009,288.5738387502788,True
batch2,33,75,2.5885885885885886,288.57291843570374,True
batch2,33,75,2.5870870870870872,288.5718384039872,True
batch2,33,75,2.5855855855855854,288.57069709241443,True
batch2,33,75,2.584084084084084,288.56959585746654,True
batch2,33,75,2.5825825825825826,288.5686360556247,True
batch2,33,75,2.581081081081081,288.56791904337007,True
batch2,33,75,2.5795795795795797,288.56754617718366,True
batch2,33,75,2.578078078078078,288.56760960529334,True
batch2,33,75,2.5765765765765765,288.5680824064937,True
batch2,33,75,2.575075075075075,288.5688547169419,True
batch2,33,75,2.5735735735735736,288.5698149872995,True
batch2,33,75,2.5720720720720722,288.5708516682279,True
batch2,33,75,2.5705705705705704,288.5718532103886,True
batch2,33,75,2.569069069069069,288.57270806444325,True
batch2,33,75,2.5675675675675675,288.5733244881607,True
batch2,33,75,2.566066066066066,288.5737203457953,True
batch2,33,75,2.5645645645645647,288.57395120346166,True
batch2,33,75,2.563063063063063,288.5740726618554,True
batch2,33,75,2.5615615615615615,288.57414032167225,True
batch2,33,75,2.56006006006006,288.57420978360796,True
batch2,33,75,2.5585585585585586,288.5743366338161,True
batch2,33,75,2.557057057057057,288.57456051613826,True
batch2,33,75,2.5555555555555554,288.5748746975621,True
batch2,33,75,2.554054054054054,288.57526405866633,True
batch2,33,75,2.5525525525525525,288.57571348002955,True
batch2,33,75,2.551051051051051,288.57620784223036,True
batch2,33,75,2.5495495495495497,288.57673202584743,True
batch2,33,75,2.548048048048048,288.5772708773989,True
batch2,33,75,2.5465465465465464,288.5778029270431,True
batch2,33,75,2.545045045045045,288.57829303251793,True
batch2,33,75,2.5435435435435436,288.57870426501427,True
batch2,33,75,2.542042042042042,288.57899969572287,True
batch2,33,75,2.5405405405405403,288.57914239583465,True
batch2,33,75,2.539039039039039,288.57909543654034,True
batch2,33,75,2.5375375375375375,288.5788251514746,True
batch2,33,75,2.536036036036036,288.5783664344125,True
batch2,33,75,2.5345345345345347,288.5778193235074,True
batch2,33,75,2.533033033033033,288.57728643564457,True
batch2,33,75,2.5315315315315314,288.5768703877093,True
batch2,33,75,2.53003003003003,288.5766737965867,True
batch2,33,75,2.5285285285285286,288.5767992791621,True
batch2,33,75,2.527027027027027,288.5773352738196,True
batch2,33,75,2.5255255255255253,288.5782301822102,True
batch2,33,75,2.524024024024024,288.57935258789723,True
batch2,33,75,2.5225225225225225,288.58057014613433,True
batch2,33,75,2.521021021021021,288.58175051217506,True
batch2,33,75,2.5195195195195197,288.5827613412729,True
batch2,33,75,2.518018018018018,288.5834702886814,True
batch2,33,75,2.5165165165165164,288.5837684787796,True
batch2,33,75,2.515015015015015,288.5836951545155,True
batch2,33,75,2.5135135135135136,288.5833471853051,True
batch2,33,75,2.512012012012012,288.58282156972933,True
batch2,33,75,2.5105105105105103,288.5822153063691,True
batch2,33,75,2.509009009009009,288.5816253938054,True
batch2,33,75,2.5075075075075075,288.58114878173177,True
batch2,33,75,2.506006006006006,288.5808484054578,True
batch2,33,75,2.5045045045045047,288.5806937516481,True
batch2,33,75,2.503003003003003,288.58063839966894,True
batch2,33,75,2.5015015015015014,288.5806359288869,True
batch2,33,75,2.5,288.58063991866834,True
batch2,33,75,2.4984984984984986,288.5806039483797,True
batch2,33,75,2.496996996996997,288.5804816637219,True
batch2,33,75,2.4954954954954953,288.580247610428,True
batch2,33,75,2.493993993993994,288.579926878284,True
batch2,33,75,2.4924924924924925,288.579552046758,True
batch2,33,75,2.490990990990991,288.5791556953181,True
batch2,33,75,2.4894894894894897,288.5787704034324,True
batch2,33,75,2.487987987987988,288.5784287505689,True
batch2,33,75,2.4864864864864864,288.5781628880239,True
batch2,33,75,2.484984984984985,288.5779900644741,True
batch2,33,75,2.4834834834834836,288.57790912134755,True
batch2,33,75,2.481981981981982,288.57791776115835,True
batch2,33,75,2.4804804804804803,288.57801368642083,True
batch2,33,75,2.478978978978979,288.578194599649,True
batch2,33,75,2.4774774774774775,288.5784582033571,True
batch2,33,75,2.475975975975976,288.5788018058569,True
batch2,33,75,2.4744744744744747,288.5792102741545,True
batch2,33,75,2.472972972972973,288.57965380804865,True
batch2,33,75,2.4714714714714714,288.5801017641716,True
batch2,33,75,2.46996996996997,288.58052349915556,True
batch2,33,75,2.4684684684684686,288.58088836963265,True
batch2,33,75,2.466966966966967,288.5811657322351,True
batch2,33,75,2.4654654654654653,288.5813263674117,True
batch2,33,75,2.463963963963964,288.5813731388606,True
batch2,33,75,2.4624624624624625,288.58134062863047,True
batch2,33,75,2.460960960960961,288.58126476960393,True
batch2,33,75,2.4594594594594597,288.5811814946635,True
batch2,33,75,2.457957957957958,288.5811267366918,True
batch2,33,75,2.4564564564564564,288.58113642857126,True
batch2,33,75,2.454954954954955,288.58123999097796,True
batch2,33,75,2.4534534534534536,288.5814205986588,True
batch2,33,75,2.451951951951952,288.58164141348476,True
batch2,33,75,2.4504504504504503,288.58186551726925,True
batch2,33,75,2.448948948948949,288.5820559918256,True
batch2,33,75,2.4474474474474475,288.582175918967,True
batch2,33,75,2.445945945945946,288.5821883805068,True
batch2,33,75,2.4444444444444446,288.5820645918263,True
batch2,33,75,2.442942942942943,288.5818189026867,True
batch2,33,75,2.4414414414414414,288.5814799072039,True
batch2,33,75,2.43993993993994,288.5810762084306,True
batch2,33,75,2.4384384384384385,288.58063640941936,True
batch2,33,75,2.436936936936937,288.5801891132228,True
batch2,33,75,2.4354354354354353,288.5797629054732,True
batch2,33,75,2.433933933933934,288.5793834177061,True
batch2,33,75,2.4324324324324325,288.57907002098824,True
batch2,33,75,2.4309309309309306,288.5788412882684,True
batch2,33,75,2.4294294294294296,288.57871579249525,True
batch2,33,75,2.4279279279279278,288.57871210661756,True
batch2,33,75,2.4264264264264264,288.5788488035841,True
batch2,33,75,2.424924924924925,288.57914388302424,True
batch2,33,75,2.423423423423423,288.5795943481962,True
batch2,33,75,2.421921921921922,288.5801706517668,True
batch2,33,75,2.4204204204204203,288.5808415430224,True
batch2,33,75,2.418918918918919,288.5815757712493,True
batch2,33,75,2.4174174174174174,288.58234208573384,True
batch2,33,75,2.4159159159159156,288.58310923576244,True
batch2,33,75,2.4144144144144146,288.5838465864125,True
batch2,33,75,2.4129129129129128,288.58453705899774,True
batch2,33,75,2.4114114114114114,288.5851768022034,True
batch2,33,75,2.40990990990991,288.58576251472084,True
batch2,33,75,2.408408408408408,288.5862908952412,True
batch2,33,75,2.406906906906907,288.58675864245566,True
batch2,33,75,2.4054054054054053,288.58716245505553,True
batch2,33,75,2.403903903903904,288.58749896025336,True
batch2,33,75,2.4024024024024024,288.5877616571772,True
batch2,33,75,2.4009009009009006,288.58793976694767,True
batch2,33,75,2.3993993993993996,288.5880222021326,True
batch2,33,75,2.3978978978978978,288.5879978753,True
batch2,33,75,2.3963963963963963,288.5878556990176,True
batch2,33,75,2.394894894894895,288.58758458585345,True
batch2,33,75,2.393393393393393,288.5871740722225,True
batch2,33,75,2.391891891891892,288.5866405575921,True
batch2,33,75,2.3903903903903903,288.586036927929,True
batch2,33,75,2.388888888888889,288.58541867448025,True
batch2,33,75,2.3873873873873874,288.58484128849284,True
batch2,33,75,2.3858858858858856,288.58436026121376,True
batch2,33,75,2.3843843843843846,288.58403108389,True
batch2,33,75,2.3828828828828827,288.5839058073142,True
batch2,33,75,2.3813813813813813,288.5839887581617,True
batch2,33,75,2.37987987987988,288.5842493556164,True
batch2,33,75,2.378378378378378,288.5846562205807,True
batch2,33,75,2.376876876876877,288.58517797395683,True
batch2,33,75,2.3753753753753752,288.58578323664716,True
batch2,33,75,2.373873873873874,288.58644062955403,True
batch2,33,75,2.3723723723723724,288.58711868082594,True
batch2,33,75,2.3708708708708706,288.587782727624,True
batch2,33,75,2.3693693693693696,288.58839418708584,True
batch2,33,75,2.3678678678678677,288.5889142358498,True
batch2,33,75,2.3663663663663663,288.5893040505544,True
batch2,33,75,2.364864864864865,288.5895248078381,True
batch2,33,75,2.363363363363363,288.58953768433935,True
batch2,33,75,2.361861861861862,288.58930528298777,True
batch2,33,75,2.3603603603603602,288.5888396037519,True
batch2,33,75,2.358858858858859,288.588213519237,True
batch2,33,75,2.3573573573573574,288.58750365489965,True
batch2,33,75,2.3558558558558556,288.5867866361966,True
batch2,33,75,2.3543543543543546,288.58613908858445,True
batch2,33,75,2.3528528528528527,288.58563763751994,True
batch2,33,75,2.3513513513513513,288.5853537651109,True
batch2,33,75,2.34984984984985,288.5852853316231,True
batch2,33,75,2.348348348348348,288.58537518315734,True
batch2,33,75,2.346846846846847,288.58556484331166,True
batch2,33,75,2.3453453453453452,288.58579583568417,True
batch2,33,75,2.343843843843844,288.58600968387276,True
batch2,33,75,2.3423423423423424,288.5861479114755,True
batch2,33,75,2.3408408408408405,288.586154146803,True
batch2,33,75,2.3393393393393396,288.586022773943,True
batch2,33,75,2.3378378378378377,288.5858002721644,True
batch2,33,75,2.3363363363363363,288.5855354933868,True
batch2,33,75,2.334834834834835,288.5852772895296,True
batch2,33,75,2.333333333333333,288.5850745125122,True
batch2,33,75,2.331831831831832,288.5849760142542,True
batch2,33,75,2.33033033033033,288.58503063917124,True
batch2,33,75,2.328828828828829,288.58526589170117,True
batch2,33,75,2.3273273273273274,288.5856412121699,True
batch2,33,75,2.3258258258258255,288.58610250037515,True
batch2,33,75,2.3243243243243246,288.58659565611487,True
batch2,33,75,2.3228228228228227,288.5870665791868,True
batch2,33,75,2.3213213213213213,288.5874611693887,True
batch2,33,75,2.31981981981982,288.58772543645034,True
batch2,33,75,2.318318318318318,288.5878276476359,True
batch2,33,75,2.316816816816817,288.58778522463473,True
batch2,33,75,2.315315315315315,288.5876221624727,True
batch2,33,75,2.313813813813814,288.5873624561755,True
batch2,33,75,2.3123123123123124,288.587030100769,True
batch2,33,75,2.3108108108108105,288.58664909127896,True
batch2,33,75,2.3093093093093096,288.5862432755692,True
batch2,33,75,2.3078078078078077,288.5858318514134,True
batch2,33,75,2.3063063063063063,288.58542853135054,True
batch2,33,75,2.304804804804805,288.585046712299,True
batch2,33,75,2.303303303303303,288.58469979117706,True
batch2,33,75,2.301801801801802,288.58440116490306,True
batch2,33,75,2.3003003003003,288.5841642303954,True
batch2,33,75,2.298798798798799,288.5840020464503,True
batch2,33,75,2.2972972972972974,288.5839159774825,True
batch2,33,75,2.2957957957957955,288.58389298590015,True
batch2,33,75,2.2942942942942945,288.5839191470912,True
batch2,33,75,2.2927927927927927,288.5839805364435,True
batch2,33,75,2.2912912912912913,288.5840632293449,True
batch2,33,75,2.28978978978979,288.58415330118333,True
batch2,33,75,2.288288288288288,288.58423689648987,True
batch2,33,75,2.286786786786787,288.58431206277885,True
batch2,33,75,2.285285285285285,288.5844021644051,True
batch2,33,75,2.2837837837837838,288.5845338069283,True
batch2,33,75,2.2822822822822824,288.58473359590806,True
batch2,33,75,2.2807807807807805,288.585028136904,True
batch2,33,75,2.2792792792792795,288.5854440354757,True
batch2,33,75,2.2777777777777777,288.5860076674985,True
batch2,33,75,2.2762762762762763,288.5867208636534,True
batch2,33,75,2.274774774774775,288.5875394376819,True
batch2,33,75,2.273273273273273,288.58841413995424,True
batch2,33,75,2.271771771771772,288.5892957208404,True
batch2,33,75,2.27027027027027,288.5901349307107,True
batch2,33,75,2.2687687687687688,288.590882519935,True
batch2,33,75,2.2672672672672673,288.59148925512415,True
batch2,33,75,2.2657657657657655,288.5919233832583,True
batch2,33,75,2.2642642642642645,288.5922038947297,True
batch2,33,75,2.2627627627627627,288.59235893556735,True
batch2,33,75,2.2612612612612613,288.59241665179985,True
batch2,33,75,2.25975975975976,288.59240518945614,True
batch2,33,75,2.258258258258258,288.59235269456497,True
batch2,33,75,2.256756756756757,288.5922873131551,True
batch2,33,75,2.255255255255255,288.5922346415321,True
batch2,33,75,2.2537537537537538,288.59219924821593,True
batch2,33,75,2.2522522522522523,288.59217534908475,True
batch2,33,75,2.2507507507507505,288.5921570876493,True
batch2,33,75,2.2492492492492495,288.59213860742034,True
batch2,33,75,2.2477477477477477,288.5921140519086,True
batch2,33,75,2.2462462462462462,288.5920775646248,True
batch2,33,75,2.244744744744745,288.59202377711523,True
batch2,33,75,2.243243243243243,288.59194982862266,True
batch2,33,75,2.241741741741742,288.5918536616005,True
batch2,33,75,2.24024024024024,288.59173321886635,True
batch2,33,75,2.2387387387387387,288.59158644323765,True
batch2,33,75,2.2372372372372373,288.5914112775319,True
batch2,33,75,2.2357357357357355,288.5912056645666,True
batch2,33,75,2.2342342342342345,288.5909681240333,True
batch2,33,75,2.2327327327327327,288.59070117106415,True
batch2,33,75,2.2312312312312312,288.5904090118079,True
batch2,33,75,2.22972972972973,288.59009585847116,True
batch2,33,75,2.228228228228228,288.5897659232604,True
batch2,33,75,2.226726726726727,288.5894234183823,True
batch2,33,75,2.225225225225225,288.58907255604333,True
batch2,33,75,2.2237237237237237,288.5887176259985,True
batch2,33,75,2.2222222222222223,288.5883638340931,True
batch2,33,75,2.2207207207207205,288.58801698419984,True
batch2,33,75,2.2192192192192195,288.5876828904781,True
batch2,33,75,2.2177177177177176,288.5873673670872,True
batch2,33,75,2.2162162162162162,288.58707622818645,True
batch2,33,75,2.214714714714715,288.5868152879352,True
batch2,33,75,2.213213213213213,288.5865903604928,True
batch2,33,75,2.211711711711712,288.5864071775749,True
batch2,33,75,2.21021021021021,288.58627107687164,True
batch2,33,75,2.2087087087087087,288.58618727849165,True
batch2,33,75,2.2072072072072073,288.5861610025233,True
batch2,33,75,2.2057057057057055,288.5861974690548,True
batch2,33,75,2.2042042042042045,288.58630189817455,True
batch2,33,75,2.2027027027027026,288.5864795099707,True
batch2,33,75,2.201201201201201,288.58673545482293,True
batch2,33,75,2.1996996996997,288.58706766448,True
batch2,33,75,2.198198198198198,288.58746066171875,True
batch2,33,75,2.196696696696697,288.58789751065126,True
batch2,33,75,2.195195195195195,288.5883612753894,True
batch2,33,75,2.1936936936936937,288.5888350200451,True
batch2,33,75,2.1921921921921923,288.58930180873034,True
batch2,33,75,2.1906906906906904,288.5897447467622,True
batch2,33,75,2.1891891891891895,288.5901528613953,True
batch2,33,75,2.1876876876876876,288.5905272225843,True
batch2,33,75,2.186186186186186,288.59087036259467,True
batch2,33,75,2.184684684684685,288.59118481369177,True
batch2,33,75,2.183183183183183,288.5914731081412,True
batch2,33,75,2.181681681681682,288.5917377782083,True
batch2,33,75,2.18018018018018,288.59198135615856,True
batch2,33,75,2.1786786786786787,288.59220660826566,True
batch2,33,75,2.1771771771771773,288.59241752838335,True
batch2,33,75,2.1756756756756754,288.5926185115205,True
batch2,33,75,2.1741741741741745,288.5928139529122,True
batch2,33,75,2.1726726726726726,288.59300824779325,True
batch2,33,75,2.171171171171171,288.5932057913987,True
batch2,33,75,2.16966966966967,288.59341097896356,True
batch2,33,75,2.168168168168168,288.59362755811975,True
batch2,33,75,2.166666666666667,288.5938522178379,True
batch2,33,75,2.165165165165165,288.59407730666794,True
batch2,33,75,2.1636636636636637,288.5942951098361,True
batch2,33,75,2.1621621621621623,288.5944979125685,True
batch2,33,75,2.1606606606606604,288.59467800009133,True
batch2,33,75,2.1591591591591595,288.5948276576308,True
batch2,33,75,2.1576576576576576,288.594939170413,True
batch2,33,75,2.156156156156156,288.59500593082214,True
batch2,33,75,2.1546546546546548,288.5950261386577,True
batch2,33,75,2.153153153153153,288.5949992982302,True
batch2,33,75,2.151651651651652,288.5949249138748,True
batch2,33,75,2.15015015015015,288.5948024899266,True
batch2,33,75,2.1486486486486487,288.5946315307207,True
batch2,33,75,2.1471471471471473,288.5944115405922,True
batch2,33,75,2.1456456456456454,288.59414202387626,True
batch2,33,75,2.1441441441441444,288.5938237820944,True
batch2,33,75,2.1426426426426426,288.5934691221161,True
batch2,33,75,2.141141141141141,288.5930963672387,True
batch2,33,75,2.1396396396396398,288.59272389330636,True
batch2,33,75,2.138138138138138,288.59237007616326,True
batch2,33,75,2.136636636636637,288.5920532916537,True
batch2,33,75,2.135135135135135,288.59179191375216,True
batch2,33,75,2.1336336336336337,288.59159786562844,True
batch2,33,75,2.1321321321321323,288.59146218519646,True
batch2,33,75,2.1306306306306304,288.5913716912931,True
batch2,33,75,2.1291291291291294,288.59131320275503,True
batch2,33,75,2.1276276276276276,288.5912735384191,True
batch2,33,75,2.126126126126126,288.591239517122,True
batch2,33,75,2.1246246246246248,288.5911979577005,True
batch2,33,75,2.123123123123123,288.59113774785675,True
batch2,33,75,2.121621621621622,288.591062091865,True
batch2,33,75,2.12012012012012,288.59098024860657,True
batch2,33,75,2.1186186186186187,288.5909014985672,True
batch2,33,75,2.1171171171171173,288.59083512223253,True
batch2,33,75,2.1156156156156154,288.5907904000884,True
batch2,33,75,2.1141141141141144,288.5907766126204,True
batch2,33,75,2.1126126126126126,288.5908005873535,True
batch2,33,75,2.111111111111111,288.59085411947507,True
batch2,33,75,2.1096096096096097,288.59092331244966,True
batch2,33,75,2.108108108108108,288.590994259,True
batch2,33,75,2.106606606606607,288.5910530518487,True
batch2,33,75,2.105105105105105,288.5910857837184,True
batch2,33,75,2.1036036036036037,288.59107854733185,True
batch2,33,75,2.1021021021021022,288.5910174921789,True
batch2,33,75,2.1006006006006004,288.5908965065496,True
batch2,33,75,2.0990990990990994,288.59072500086876,True
batch2,33,75,2.0975975975975976,288.5905142396291,True
batch2,33,75,2.096096096096096,288.5902754873234,True
batch2,33,75,2.0945945945945947,288.59002000844447,True
batch2,33,75,2.093093093093093,288.58975906748503,True
batch2,33,75,2.091591591591592,288.58950392893786,True
batch2,33,75,2.09009009009009,288.58926552748267,True
batch2,33,75,2.0885885885885886,288.5890488777056,True
batch2,33,75,2.0870870870870872,288.5888538738482,True
batch2,33,75,2.0855855855855854,288.5886802413458,True
batch2,33,75,2.0840840840840844,288.5885277056336,True
batch2,33,75,2.0825825825825826,288.588395992147,True
batch2,33,75,2.081081081081081,288.58828482632117,True
batch2,33,75,2.0795795795795797,288.58819393359147,True
batch2,33,75,2.078078078078078,288.58812307604484,True
batch2,33,75,2.076576576576577,288.5880723974517,True
batch2,33,75,2.075075075075075,288.5880422682685,True
batch2,33,75,2.0735735735735736,288.5880330619408,True
batch2,33,75,2.0720720720720722,288.58804515191406,True
batch2,33,75,2.0705705705705704,288.5880789116339,True
batch2,33,75,2.0690690690690694,288.58813471454573,True
batch2,33,75,2.0675675675675675,288.5882129340952,True
batch2,33,75,2.066066066066066,288.58831389226975,True
batch2,33,75,2.0645645645645647,288.5884347791977,True
batch2,33,75,2.063063063063063,288.58856790493377,True
batch2,33,75,2.0615615615615615,288.588705156724,True
batch2,33,75,2.06006006006006,288.5888384218146,True
batch2,33,75,2.0585585585585586,288.58895958745165,True
batch2,33,75,2.057057057057057,288.58906054088123,True
batch2,33,75,2.0555555555555554,288.5891331693495,True
batch2,33,75,2.054054054054054,288.5891693601962,True
batch2,33,75,2.0525525525525525,288.5891643565693,True
batch2,33,75,2.051051051051051,288.5891256242888,True
batch2,33,75,2.0495495495495497,288.5890634111103,True
batch2,33,75,2.048048048048048,288.5889879647896,True
batch2,33,75,2.0465465465465464,288.58890953308253,True
batch2,33,75,2.045045045045045,288.58883836374457,True
batch2,33,75,2.0435435435435436,288.58878470453163,True
batch2,33,75,2.042042042042042,288.5887588031993,True
batch2,33,75,2.0405405405405403,288.5887703149993,True
batch2,33,75,2.039039039039039,288.58881733034923,True
batch2,33,75,2.0375375375375375,288.58888741651447,True
batch2,33,75,2.036036036036036,288.58896775717466,True
batch2,33,75,2.0345345345345347,288.58904553600945,True
batch2,33,75,2.033033033033033,288.5891079366985,True
batch2,33,75,2.0315315315315314,288.5891421429214,True
batch2,33,75,2.03003003003003,288.5891374767712,True
batch2,33,75,2.0285285285285286,288.58909772869885,True
batch2,33,75,2.027027027027027,288.58903268574727,True
batch2,33,75,2.0255255255255253,288.5889521542285,True
batch2,33,75,2.024024024024024,288.58886594045447,True
batch2,33,75,2.0225225225225225,288.5887838507373,True
batch2,33,75,2.021021021021021,288.5887156913889,True
batch2,33,75,2.0195195195195197,288.5886708828841,True
batch2,33,75,2.018018018018018,288.58865191156275,True
batch2,33,75,2.0165165165165164,288.5886552618783,True
batch2,33,75,2.015015015015015,288.5886772201159,True
batch2,33,75,2.0135135135135136,288.588714072561,True
batch2,33,75,2.012012012012012,288.58876210549863,True
batch2,33,75,2.0105105105105103,288.58881760521416,True
batch2,33,75,2.009009009009009,288.5888768579927,True
batch2,33,75,2.0075075075075075,288.5889361501196,True
batch2,33,75,2.006006006006006,288.58899176788,True
batch2,33,75,2.0045045045045047,288.5890399975591,True
batch2,33,75,2.003003003003003,288.5890771254422,True
batch2,33,75,2.0015015015015014,288.5890994378145,True
batch2,33,75,2.0,288.58910322096125,True
batch2,33,100,3.5,-0.00024859998605066653,False
batch2,33,100,3.4984984984984986,-0.00021702716033320855,False
batch2,33,100,3.496996996996997,-0.00018508647449155653,False
batch2,33,100,3.4954954954954953,-0.00015283314787764896,False
batch2,33,100,3.493993993993994,-0.00012032239984345315,False
batch2,33,100,3.4924924924924925,-8.760944974090773e-05,False
batch2,33,100,3.490990990990991,-5.474951692196087e-05,False
batch2,33,100,3.4894894894894897,-2.1797820738560795e-05,False
batch2,33,100,3.487987987987988,1.1190419457354246e-05,False
batch2,33,100,3.4864864864864864,4.415998431381643e-05,False
batch2,33,100,3.484984984984985,7.70556544788874e-05,False
batch2,33,100,3.4834834834834836,0.00010982221060061898,False
batch2,33,100,3.481981981981982,0.00014240443332706306,False
batch2,33,100,3.4804804804804803,0.00017474710330628096,False
batch2,33,100,3.478978978978979,0.00020679500118630535,False
batch2,33,100,3.4774774774774775,0.0002385091713873166,False
batch2,33,100,3.475975975975976,0.00027006539327238644,False
batch2,33,100,3.4744744744744747,0.0003017912354601511,False
batch2,33,100,3.472972972972973,0.00033401746433263174,False
batch2,33,100,3.4714714714714714,0.0003670748462718212,False
batch2,33,100,3.46996996996997,0.0004012941476597406,False
batch2,33,100,3.4684684684684686,0.0004370061348784017,False
batch2,33,100,3.466966966966967,0.0004745414930510024,False
batch2,33,100,3.4654654654654653,0.0005140947904047255,False
batch2,33,100,3.463963963963964,0.0005554463799386476,False
batch2,33,100,3.4624624624624625,0.0005982981098051244,False
batch2,33,100,3.460960960960961,0.0006423518281565004,False
batch2,33,100,3.4594594594594597,0.0006873093831451198,False
batch2,33,100,3.457957957957958,0.0007328726229233406,False
batch2,33,100,3.4564564564564564,0.0007787474528312665,False
batch2,33,100,3.454954954954955,0.0008248340615594291,False
batch2,33,100,3.4534534534534536,0.0008713084773360959,False
batch2,33,100,3.451951951951952,0.0009183677275873319,False
batch2,33,100,3.4504504504504503,0.0009662088397392162,False
batch2,33,100,3.448948948948949,0.0010150288412177856,False
batch2,33,100,3.4474474474474475,0.0010650247594491187,False
batch2,33,100,3.445945945945946,0.0011163737223576062,False
batch2,33,100,3.4444444444444446,0.0011690334351731183,False
batch2,33,100,3.442942942942943,0.0012228254971675737,False
batch2,33,100,3.4414414414414414,0.0012775694722155868,False
batch2,33,100,3.43993993993994,0.0013330849241918199,False
batch2,33,100,3.4384384384384385,0.001389191416970919,False
batch2,33,100,3.436936936936937,0.0014457085144275311,False
batch2,33,100,3.4354354354354353,0.0015024929844711563,False
batch2,33,100,3.433933933933934,0.0015596780525147388,False
batch2,33,100,3.4324324324324325,0.001617521441033818,False
batch2,33,100,3.430930930930931,0.001676281472465685,False
batch2,33,100,3.4294294294294296,0.0017362164692476308,False
batch2,33,100,3.4279279279279278,0.0017975847538169647,False
batch2,33,100,3.4264264264264264,0.0018606446486109417,False
batch2,33,100,3.424924924924925,0.0019256065762201274,False
batch2,33,100,3.4234234234234235,0.00199236307000051,False
batch2,33,100,3.421921921921922,0.002060677185101268,False
batch2,33,100,3.4204204204204203,0.0021303115979933083,False
batch2,33,100,3.418918918918919,0.002201028985147479,False
batch2,33,100,3.4174174174174174,0.0022725920230346874,False
batch2,33,100,3.415915915915916,0.002344763388125822,False
batch2,33,100,3.4144144144144146,0.002417378107395591,False
batch2,33,100,3.4129129129129128,0.0024905929076436254,False
batch2,33,100,3.4114114114114114,0.0025646538963187324,False
batch2,33,100,3.40990990990991,0.002639807184396481,False
batch2,33,100,3.4084084084084085,0.002716298882852417,False
batch2,33,100,3.406906906906907,0.0027943751026620876,False
batch2,33,100,3.4054054054054053,0.002874280084268494,False
batch2,33,100,3.403903903903904,0.002956113534508891,False
batch2,33,100,3.4024024024024024,0.0030397302731748695,False
batch2,33,100,3.400900900900901,0.003124961412491208,False
batch2,33,100,3.3993993993993996,0.0032116380646826873,False
batch2,33,100,3.3978978978978978,0.003299591341974112,False
batch2,33,100,3.3963963963963963,0.00338865235659021,False
batch2,33,100,3.394894894894895,0.0034786542287850385,False
batch2,33,100,3.3933933933933935,0.0035695637089253164,False
batch2,33,100,3.391891891891892,0.00366156261044714,False
batch2,33,100,3.3903903903903903,0.0037548522065539536,False
batch2,33,100,3.388888888888889,0.0038496337704491193,False
batch2,33,100,3.3873873873873874,0.003946108575336081,False
batch2,33,100,3.385885885885886,0.004044477894418256,False
batch2,33,100,3.3843843843843846,0.004144926924254703,False
batch2,33,100,3.3828828828828827,0.004247391671319283,False
batch2,33,100,3.3813813813813813,0.004351611800055737,False
batch2,33,100,3.37987987987988,0.004457321656476674,False
batch2,33,100,3.3783783783783785,0.004564255586594671,False
batch2,33,100,3.376876876876877,0.004672147936422306,False
batch2,33,100,3.3753753753753752,0.004780733051972189,False
batch2,33,100,3.373873873873874,0.004889781837681525,False
batch2,33,100,3.3723723723723724,0.00499948225128888,False
batch2,33,100,3.370870870870871,0.005110287595070726,False
batch2,33,100,3.3693693693693696,0.005222655429454749,False
batch2,33,100,3.3678678678678677,0.00533704331486867,False
batch2,33,100,3.3663663663663663,0.005453908811740104,False
batch2,33,100,3.364864864864865,0.005573709480362155,False
batch2,33,100,3.3633633633633635,0.00569675621308738,False
batch2,33,100,3.361861861861862,0.00582279024886234,False
batch2,33,100,3.3603603603603602,0.005951414545155489,False
batch2,33,100,3.358858858858859,0.006082232059435168,False
batch2,33,100,3.3573573573573574,0.006214845749169832,False
batch2,33,100,3.355855855855856,0.0063488585718279,False
batch2,33,100,3.3543543543543546,0.006483874343912399,False
batch2,33,100,3.3528528528528527,0.006619678004303039,False
batch2,33,100,3.3513513513513513,0.006756458113275059,False
batch2,33,100,3.34984984984985,0.0068944577683973775,False
batch2,33,100,3.3483483483483485,0.007033920067238871,False
batch2,33,100,3.346846846846847,0.007175088107368415,False
batch2,33,100,3.3453453453453452,0.007318204986354929,False
batch2,33,100,3.343843843843844,0.007463511975110077,False
batch2,33,100,3.3423423423423424,0.007611155958542959,False
batch2,33,100,3.340840840840841,0.00776114565873481,False
batch2,33,100,3.3393393393393396,0.007913478815285063,False
batch2,33,100,3.3378378378378377,0.008068153167793192,False
batch2,33,100,3.3363363363363363,0.008225166455858541,False
batch2,33,100,3.334834834834835,0.008384516419080584,False
batch2,33,100,3.3333333333333335,0.008546200077273646,False
batch2,33,100,3.3318318318318316,0.008710198906144618,False
batch2,33,100,3.33033033033033,0.008876479379013601,False
batch2,33,100,3.328828828828829,0.009045007357802642,False
batch2,33,100,3.3273273273273274,0.009215748704433738,False
batch2,33,100,3.325825825825826,0.00938866928082889,False
batch2,33,100,3.324324324324324,0.009563734948910147,False
batch2,33,100,3.3228228228228227,0.009740922373754117,False
batch2,33,100,3.3213213213213213,0.009920308708409684,False
batch2,33,100,3.31981981981982,0.01010202571898768,False
batch2,33,100,3.3183183183183185,0.010286205716095488,False
batch2,33,100,3.3168168168168166,0.010472981010340538,False
batch2,33,100,3.315315315315315,0.010662483912330099,False
batch2,33,100,3.313813813813814,0.010854846732671605,False
batch2,33,100,3.3123123123123124,0.011050212302174794,False
batch2,33,100,3.310810810810811,0.011248778208992626,False
batch2,33,100,3.309309309309309,0.011450759800241487,False
batch2,33,100,3.3078078078078077,0.011656372432274513,False
batch2,33,100,3.3063063063063063,0.011865831461445014,False
batch2,33,100,3.304804804804805,0.012079352244106244,False
batch2,33,100,3.3033033033033035,0.012297149837906425,False
batch2,33,100,3.3018018018018016,0.012519262737250545,False
batch2,33,100,3.3003003003003,0.01274525543525393,False
batch2,33,100,3.298798798798799,0.012974613706419998,False
batch2,33,100,3.2972972972972974,0.013206823325252103,False
batch2,33,100,3.295795795795796,0.013441370066253594,False
batch2,33,100,3.294294294294294,0.0136777397039279,False
batch2,33,100,3.2927927927927927,0.013915433877117864,False
batch2,33,100,3.2912912912912913,0.01415456706976753,False
batch2,33,100,3.28978978978979,0.01439604763525362,False
batch2,33,100,3.2882882882882885,0.014640836758054445,False
batch2,33,100,3.2867867867867866,0.014889895622648398,False
batch2,33,100,3.285285285285285,0.015144185413513648,False
batch2,33,100,3.2837837837837838,0.015404667315128583,False
batch2,33,100,3.2822822822822824,0.015672234448118983,False
batch2,33,100,3.280780780780781,0.0159469681038497,False
batch2,33,100,3.279279279279279,0.01622841586870173,False
batch2,33,100,3.2777777777777777,0.01651611597634238,False
batch2,33,100,3.2762762762762763,0.01680960666043918,False
batch2,33,100,3.274774774774775,0.0171084261546596,False
batch2,33,100,3.2732732732732734,0.017412112692671098,False
batch2,33,100,3.2717717717717716,0.01772040018020709,False
batch2,33,100,3.27027027027027,0.018033846249455747,False
batch2,33,100,3.2687687687687688,0.018353225256034802,False
batch2,33,100,3.2672672672672673,0.018679311556579765,False
batch2,33,100,3.265765765765766,0.01901287950772615,False
batch2,33,100,3.264264264264264,0.01935470346610957,False
batch2,33,100,3.2627627627627627,0.01970555114567327,False
batch2,33,100,3.2612612612612613,0.02006564595350045,False
batch2,33,100,3.25975975975976,0.020434271043808173,False
batch2,33,100,3.2582582582582584,0.02081061624305789,False
batch2,33,100,3.2567567567567566,0.021193871377711147,False
batch2,33,100,3.255255255255255,0.021583226274229157,False
batch2,33,100,3.2537537537537538,0.021977870759073474,False
batch2,33,100,3.2522522522522523,0.022377119418102477,False
batch2,33,100,3.250750750750751,0.022782046945329565,False
batch2,33,100,3.249249249249249,0.02319503040883663,False
batch2,33,100,3.2477477477477477,0.02361847747808187,False
batch2,33,100,3.2462462462462462,0.02405479582252387,False
batch2,33,100,3.244744744744745,0.024506393111621064,False
batch2,33,100,3.2432432432432434,0.024975677014831908,False
batch2,33,100,3.2417417417417416,0.025464708180519748,False
batch2,33,100,3.24024024024024,0.025973531737957536,False
batch2,33,100,3.2387387387387387,0.026501466998458102,False
batch2,33,100,3.2372372372372373,0.02704783230960655,False
batch2,33,100,3.235735735735736,0.02761194601898797,False
batch2,33,100,3.234234234234234,0.02819312647418764,False
batch2,33,100,3.2327327327327327,0.028790695410717812,False
batch2,33,100,3.2312312312312312,0.02940503063933649,False
batch2,33,100,3.22972972972973,0.030039058821532502,False
batch2,33,100,3.2282282282282284,0.03069608346723683,False
batch2,33,100,3.2267267267267266,0.03137940808638066,False
batch2,33,100,3.225225225225225,0.03209233618889455,False
batch2,33,100,3.2237237237237237,0.03283817128470971,False
batch2,33,100,3.2222222222222223,0.033620214340625086,False
batch2,33,100,3.220720720720721,0.03444168797041965,False
batch2,33,100,3.219219219219219,0.03530572349751082,False
batch2,33,100,3.2177177177177176,0.036215447095757254,False
batch2,33,100,3.2162162162162162,0.03717398493901838,False
batch2,33,100,3.214714714714715,0.03818446320115337,False
batch2,33,100,3.2132132132132134,0.039250008056021385,False
batch2,33,100,3.2117117117117115,0.040374230237736,False
batch2,33,100,3.21021021021021,0.04156351800458072,False
batch2,33,100,3.2087087087087087,0.042825247491735156,False
batch2,33,100,3.2072072072072073,0.04416679602704512,False
batch2,33,100,3.205705705705706,0.04559554160456478,False
batch2,33,100,3.204204204204204,0.04712182428434729,False
batch2,33,100,3.2027027027027026,0.048765749204429686,False
batch2,33,100,3.201201201201201,0.05054943093869736,False
batch2,33,100,3.1996996996997,0.052494895995018116,False
batch2,33,100,3.198198198198198,0.054621330483254384,False
batch2,33,100,3.1966966966966965,0.05694453657491507,False
batch2,33,100,3.195195195195195,0.059480693205938864,False
batch2,33,100,3.1936936936936937,0.0622523977497981,False
batch2,33,100,3.1921921921921923,0.06528603370122132,False
batch2,33,100,3.1906906906906904,0.06860104482809588,False
batch2,33,100,3.189189189189189,0.07221379412488863,False
batch2,33,100,3.1876876876876876,0.07620938345824077,False
batch2,33,100,3.186186186186186,0.08069462296386848,False
batch2,33,100,3.184684684684685,0.08565826468355922,False
batch2,33,100,3.183183183183183,0.09107624345777063,False
batch2,33,100,3.1816816816816815,0.09693070789328913,False
batch2,33,100,3.18018018018018,0.10307256734549927,False
batch2,33,100,3.1786786786786787,0.10945928606991336,False
batch2,33,100,3.1771771771771773,0.11623813429861757,False
batch2,33,100,3.1756756756756754,0.12348702894358213,False
batch2,33,100,3.174174174174174,0.13122091421787072,False
batch2,33,100,3.1726726726726726,0.13923243480051956,False
batch2,33,100,3.171171171171171,0.1474294031612542,False
batch2,33,100,3.16966966966967,0.15611562136098886,False
batch2,33,100,3.168168168168168,0.16535183489879385,False
batch2,33,100,3.1666666666666665,0.17466255388338386,False
batch2,33,100,3.165165165165165,0.1840494065949517,False
batch2,33,100,3.1636636636636637,0.1936699976878648,False
batch2,33,100,3.1621621621621623,0.20335280472702885,False
batch2,33,100,3.1606606606606604,0.2130887744704371,False
batch2,33,100,3.159159159159159,0.22288604742231,False
batch2,33,100,3.1576576576576576,0.2327254325260201,False
batch2,33,100,3.156156156156156,0.24272709596572142,False
batch2,33,100,3.1546546546546548,0.2526860951453766,False
batch2,33,100,3.153153153153153,0.2624016496626505,False
batch2,33,100,3.1516516516516515,0.2719673029091834,False
batch2,33,100,3.15015015015015,0.2815067228093082,False
batch2,33,100,3.1486486486486487,0.2909293567488624,False
batch2,33,100,3.1471471471471473,0.3001843286743427,False
batch2,33,100,3.1456456456456454,0.30953362405840384,False
batch2,33,100,3.144144144144144,0.31890672669092623,False
batch2,33,100,3.1426426426426426,0.3279765899867684,False
batch2,33,100,3.141141141141141,0.336642269423573,False
batch2,33,100,3.1396396396396398,0.3451559780139577,False
batch2,33,100,3.138138138138138,0.35381671703678674,False
batch2,33,100,3.1366366366366365,0.36255048251029043,False
batch2,33,100,3.135135135135135,0.3710277419324786,False
batch2,33,100,3.1336336336336337,0.37924269926697807,False
batch2,33,100,3.1321321321321323,0.38735518608272906,False
batch2,33,100,3.1306306306306304,0.39543789112658234,False
batch2,33,100,3.129129129129129,0.4035121557424857,False
batch2,33,100,3.1276276276276276,0.4113277749011188,False
batch2,33,100,3.126126126126126,0.4190302136448623,False
batch2,33,100,3.1246246246246248,0.4267473473790228,False
batch2,33,100,3.123123123123123,0.4343105194315642,False
batch2,33,100,3.1216216216216215,0.4417105396998007,False
batch2,33,100,3.12012012012012,0.4490038249213246,False
batch2,33,100,3.1186186186186187,0.4562391720199188,False
batch2,33,100,3.1171171171171173,0.4634604862231455,False
batch2,33,100,3.1156156156156154,0.47075180734143274,False
batch2,33,100,3.114114114114114,0.47789552272772584,False
batch2,33,100,3.1126126126126126,0.48487331705111064,False
batch2,33,100,3.111111111111111,0.49183698873500437,False
batch2,33,100,3.1096096096096097,0.4987862444139306,False
batch2,33,100,3.108108108108108,0.5057927269796207,False
batch2,33,100,3.1066066066066065,0.5126827819631679,False
batch2,33,100,3.105105105105105,0.5194563394290481,False
batch2,33,100,3.1036036036036037,0.5261886915742149,False
batch2,33,100,3.1021021021021022,0.5329712092411043,False
batch2,33,100,3.1006006006006004,0.5397758438053978,False
batch2,33,100,3.099099099099099,0.5465174521118185,False
batch2,33,100,3.0975975975975976,0.5532122998693041,False
batch2,33,100,3.096096096096096,0.5599037064022533,False
batch2,33,100,3.0945945945945947,0.5665403176121782,False
batch2,33,100,3.093093093093093,0.5731605273429085,False
batch2,33,100,3.0915915915915915,0.5797348092708497,False
batch2,33,100,3.09009009009009,0.5863488645693636,False
batch2,33,100,3.0885885885885886,0.5929176016750389,False
batch2,33,100,3.0870870870870872,0.5993220261601969,False
batch2,33,100,3.0855855855855854,0.6056533597399264,False
batch2,33,100,3.084084084084084,0.6118524497956039,False
batch2,33,100,3.0825825825825826,0.6179544799745423,False
batch2,33,100,3.081081081081081,0.6240637902714794,False
batch2,33,100,3.0795795795795797,0.6300822865239414,False
batch2,33,100,3.078078078078078,0.6358843250497755,False
batch2,33,100,3.0765765765765765,0.6415939415344155,False
batch2,33,100,3.075075075075075,0.6473243344001007,False
batch2,33,100,3.0735735735735736,0.6531543173845875,False
batch2,33,100,3.0720720720720722,0.6588485893143147,False
batch2,33,100,3.0705705705705704,0.6642676114994038,False
batch2,33,100,3.069069069069069,0.6695540474142805,False
batch2,33,100,3.0675675675675675,0.6748552239600504,False
batch2,33,100,3.066066066066066,0.6801627732056192,False
batch2,33,100,3.0645645645645647,0.6853883717004944,False
batch2,33,100,3.063063063063063,0.690476491219045,False
batch2,33,100,3.0615615615615615,0.6954288360116365,False
batch2,33,100,3.06006006006006,0.7002860833101869,False
batch2,33,100,3.0585585585585586,0.7051117240874474,False
batch2,33,100,3.057057057057057,0.7098991753869163,False
batch2,33,100,3.0555555555555554,0.7146065133343394,False
batch2,33,100,3.054054054054054,0.7192278703502574,False
batch2,33,100,3.0525525525525525,0.7238084445307977,False
batch2,33,100,3.051051051051051,0.7283105211656801,False
batch2,33,100,3.0495495495495497,0.7327563164982129,False
batch2,33,100,3.048048048048048,0.7371774947432397,False
batch2,33,100,3.0465465465465464,0.7414939901698534,False
batch2,33,100,3.045045045045045,0.7457049711763537,False
batch2,33,100,3.0435435435435436,0.7498633286373811,False
batch2,33,100,3.042042042042042,0.7540189553821789,False
batch2,33,100,3.0405405405405403,0.7580962320822072,False
batch2,33,100,3.039039039039039,0.7620286249001419,False
batch2,33,100,3.0375375375375375,0.765819353765784,False
batch2,33,100,3.036036036036036,0.7695496688110556,False
batch2,33,100,3.0345345345345347,0.773271449227311,False
batch2,33,100,3.033033033033033,0.7769384764593156,False
batch2,33,100,3.0315315315315314,0.7805295596899492,False
batch2,33,100,3.03003003003003,0.7840540894435539,False
batch2,33,100,3.0285285285285286,0.7875473460473228,False
batch2,33,100,3.027027027027027,0.791042873830074,False
batch2,33,100,3.0255255255255253,0.7945515790565743,False
batch2,33,100,3.024024024024024,0.7980499664070292,False
batch2,33,100,3.0225225225225225,0.8014774217574079,False
batch2,33,100,3.021021021021021,0.8047826910818165,False
batch2,33,100,3.0195195195195197,0.8079379551582513,False
batch2,33,100,3.018018018018018,0.8110083412131648,False
batch2,33,100,3.0165165165165164,0.814075906856296,False
batch2,33,100,3.015015015015015,0.8171235744787313,False
batch2,33,100,3.0135135135135136,0.8201100109933906,False
batch2,33,100,3.012012012012012,0.8230702101425389,False
batch2,33,100,3.0105105105105103,0.8260531369356913,False
batch2,33,100,3.009009009009009,0.8290111644471839,False
batch2,33,100,3.0075075075075075,0.8318598728032935,False
batch2,33,100,3.006006006006006,0.8345932629176325,False
batch2,33,100,3.0045045045045047,0.8372443659259193,False
batch2,33,100,3.003003003003003,0.8398426331900777,False
batch2,33,100,3.0015015015015014,0.8424137210019742,False
batch2,33,100,3.0,0.8449677052894647,False
batch2,33,100,2.9984984984984986,0.8474733423589638,False
batch2,33,100,2.996996996996997,0.849896652334952,False
batch2,33,100,2.9954954954954953,0.8522414654142998,False
batch2,33,100,2.993993993993994,0.8545319758177783,False
batch2,33,100,2.9924924924924925,0.8567898286485074,False
batch2,33,100,2.990990990990991,0.8590284220911195,False
batch2,33,100,2.9894894894894897,0.86125926674043,False
batch2,33,100,2.987987987987988,0.8634761076203264,False
batch2,33,100,2.9864864864864864,0.8656467466209892,False
batch2,33,100,2.984984984984985,0.8677391087766742,False
batch2,33,100,2.9834834834834836,0.8697560583175136,False
batch2,33,100,2.981981981981982,0.8717286070627226,False
batch2,33,100,2.9804804804804803,0.8736876326761374,False
batch2,33,100,2.978978978978979,0.8756405074976252,False
batch2,33,100,2.9774774774774775,0.877569921061768,False
batch2,33,100,2.975975975975976,0.8794575961681693,False
batch2,33,100,2.9744744744744747,0.8812961074735467,False
batch2,33,100,2.972972972972973,0.8830941192994224,False
batch2,33,100,2.9714714714714714,0.8848615980088093,False
batch2,33,100,2.96996996996997,0.886606283667367,False
batch2,33,100,2.9684684684684686,0.8883257834551465,False
batch2,33,100,2.966966966966967,0.8900148232387476,False
batch2,33,100,2.9654654654654653,0.8916682242850774,False
batch2,33,100,2.963963963963964,0.8932853979765282,False
batch2,33,100,2.9624624624624625,0.8948722796536597,False
batch2,33,100,2.960960960960961,0.8964353020768688,False
batch2,33,100,2.9594594594594597,0.8979806698624894,False
batch2,33,100,2.957957957957958,0.8995094421050595,False
batch2,33,100,2.9564564564564564,0.9010175883008528,False
batch2,33,100,2.954954954954955,0.9025008609872065,False
batch2,33,100,2.9534534534534536,0.9039550738371865,False
batch2,33,100,2.951951951951952,0.905377946543162,False
batch2,33,100,2.9504504504504503,0.9067694324611044,False
batch2,33,100,2.948948948948949,0.9081296121288863,False
batch2,33,100,2.9474474474474475,0.909458566084381,False
batch2,33,100,2.945945945945946,0.9107575442955637,False
batch2,33,100,2.9444444444444446,0.9120326346005254,False
batch2,33,100,2.942942942942943,0.9132911757035926,False
batch2,33,100,2.9414414414414414,0.914540506310799,False
batch2,33,100,2.93993993993994,0.9157879567921587,False
batch2,33,100,2.9384384384384385,0.9170373486318334,False
batch2,33,100,2.936936936936937,0.9182835706402865,False
batch2,33,100,2.9354354354354353,0.919520111012694,False
batch2,33,100,2.933933933933934,0.9207404579442308,False
batch2,33,100,2.9324324324324325,0.9219381092668057,False
batch2,33,100,2.930930930930931,0.923108941099874,False
batch2,33,100,2.9294294294294296,0.9242543107960133,False
batch2,33,100,2.9279279279279278,0.9253763452504941,False
batch2,33,100,2.9264264264264264,0.9264771713585853,False
batch2,33,100,2.924924924924925,0.9275589160155572,False
batch2,33,100,2.9234234234234235,0.9286236257362934,False
batch2,33,100,2.921921921921922,0.9296726451707956,False
batch2,33,100,2.9204204204204203,0.9307069566240304,False
batch2,33,100,2.918918918918919,0.9317275393776304,False
batch2,33,100,2.9174174174174174,0.9327353727132291,False
batch2,33,100,2.915915915915916,0.9337314359124599,False
batch2,33,100,2.9144144144144146,0.9347166004604595,False
batch2,33,100,2.9129129129129128,0.9356909254435659,False
batch2,33,100,2.9114114114114114,0.9366540995868957,False
batch2,33,100,2.90990990990991,0.9376058097305712,False
batch2,33,100,2.9084084084084085,0.9385457427147141,False
batch2,33,100,2.906906906906907,0.9394735853794466,False
batch2,33,100,2.9054054054054053,0.9403890292496057,False
batch2,33,100,2.903903903903904,0.9412920048673933,False
batch2,33,100,2.9024024024024024,0.942182790898218,False
batch2,33,100,2.900900900900901,0.9430616934851918,False
batch2,33,100,2.8993993993993996,0.9439290187714261,False
batch2,33,100,2.8978978978978978,0.944785072900033,False
batch2,33,100,2.8963963963963963,0.9456301620141235,False
batch2,33,100,2.894894894894895,0.9464645925641436,False
batch2,33,100,2.8933933933933935,0.9472886748768833,False
batch2,33,100,2.891891891891892,0.9481027219321362,False
batch2,33,100,2.8903903903903903,0.9489070467612791,False
batch2,33,100,2.888888888888889,0.9497019623956888,False
batch2,33,100,2.8873873873873874,0.950487781866742,False
batch2,33,100,2.885885885885886,0.9512648182058155,False
batch2,33,100,2.8843843843843846,0.9520332302906825,False
batch2,33,100,2.8828828828828827,0.9527924965326016,False
batch2,33,100,2.8813813813813813,0.9535419076440771,False
batch2,33,100,2.87987987987988,0.9542807543315884,False
batch2,33,100,2.8783783783783785,0.9550083273016148,False
batch2,33,100,2.876876876876877,0.9557239172606351,False
batch2,33,100,2.8753753753753752,0.9564268233071611,False
batch2,33,100,2.873873873873874,0.9571171686615803,False
batch2,33,100,2.8723723723723724,0.9577965833251096,False
batch2,33,100,2.870870870870871,0.9584668580098715,False
batch2,33,100,2.8693693693693696,0.9591297834279886,False
batch2,33,100,2.8678678678678677,0.9597871502915836,False
batch2,33,100,2.8663663663663663,0.9604407493127785,False
batch2,33,100,2.864864864864865,0.9610923036050731,False
batch2,33,100,2.8633633633633635,0.9617420410341196,False
batch2,33,100,2.861861861861862,0.9623887265556704,False
batch2,33,100,2.8603603603603602,0.9630310639954144,False
batch2,33,100,2.858858858858859,0.9636677571790396,False
batch2,33,100,2.8573573573573574,0.9642975099322352,False
batch2,33,100,2.855855855855856,0.9649190260806897,False
batch2,33,100,2.8543543543543546,0.9655312167469972,False
batch2,33,100,2.8528528528528527,0.9661343107245438,False
batch2,33,100,2.8513513513513513,0.9667290528271829,False
batch2,33,100,2.84984984984985,0.9673161890723747,False
batch2,33,100,2.8483483483483485,0.9678964654775795,False
batch2,33,100,2.846846846846847,0.9684706280602573,False
batch2,33,100,2.8453453453453452,0.9690394226429948,False
batch2,33,100,2.843843843843844,0.9696034668970215,False
batch2,33,100,2.8423423423423424,0.9701630291640865,False
batch2,33,100,2.840840840840841,0.9707183188156253,False
batch2,33,100,2.8393393393393396,0.9712695452230733,False
batch2,33,100,2.8378378378378377,0.971816917757866,False
batch2,33,100,2.8363363363363363,0.9723606457914388,False
batch2,33,100,2.834834834834835,0.9729009325353426,False
batch2,33,100,2.8333333333333335,0.9734376609193753,False
batch2,33,100,2.831831831831832,0.9739702438877333,False
batch2,33,100,2.83033033033033,0.9744980568966684,False
batch2,33,100,2.828828828828829,0.9750204754024316,False
batch2,33,100,2.8273273273273274,0.975536874861275,False
batch2,33,100,2.825825825825826,0.9760466307294502,False
batch2,33,100,2.8243243243243246,0.976549202206251,False
batch2,33,100,2.8228228228228227,0.9770449562146212,False
batch2,33,100,2.8213213213213213,0.9775348155081502,False
batch2,33,100,2.81981981981982,0.9780197108530688,False
batch2,33,100,2.8183183183183185,0.9785005730156069,False
batch2,33,100,2.816816816816817,0.9789783327619948,False
batch2,33,100,2.815315315315315,0.9794539208584627,False
batch2,33,100,2.813813813813814,0.979928047492302,False
batch2,33,100,2.8123123123123124,0.9804003380676325,False
batch2,33,100,2.810810810810811,0.9808700850719806,False
batch2,33,100,2.8093093093093096,0.9813365809044319,False
batch2,33,100,2.8078078078078077,0.9817991179640723,False
batch2,33,100,2.8063063063063063,0.9822569886499872,False
batch2,33,100,2.804804804804805,0.982709487985059,False
batch2,33,100,2.8033033033033035,0.9831562620470136,False
batch2,33,100,2.801801801801802,0.9835976575633619,False
batch2,33,100,2.8003003003003,0.9840341044563448,False
batch2,33,100,2.798798798798799,0.9844660326482026,False
batch2,33,100,2.7972972972972974,0.9848938720611765,False
batch2,33,100,2.795795795795796,0.9853180526175072,False
batch2,33,100,2.7942942942942945,0.9857390014294645,False
batch2,33,100,2.7927927927927927,0.9861570764968707,False
batch2,33,100,2.7912912912912913,0.9865725641207366,False
batch2,33,100,2.78978978978979,0.9869857472746102,False
batch2,33,100,2.7882882882882885,0.9873969089320396,False
batch2,33,100,2.786786786786787,0.9878063320665729,False
batch2,33,100,2.785285285285285,0.9882142996517582,False
batch2,33,100,2.7837837837837838,0.9886210315696549,False
batch2,33,100,2.7822822822822824,0.9890262160183313,False
batch2,33,100,2.7807807807807805,0.9894292746580039,False
batch2,33,100,2.7792792792792795,0.9898296271527791,False
batch2,33,100,2.7777777777777777,0.9902266931667641,False
batch2,33,100,2.7762762762762763,0.9906198923640654,False
batch2,33,100,2.774774774774775,0.9910086444087899,False
batch2,33,100,2.773273273273273,0.991392524618572,False
batch2,33,100,2.771771771771772,0.991771740798872,False
batch2,33,100,2.77027027027027,0.992146661384556,False
batch2,33,100,2.7687687687687688,0.9925176548105125,False
batch2,33,100,2.7672672672672673,0.99288508951163,False
batch2,33,100,2.7657657657657655,0.9932493339227975,False
batch2,33,100,2.7642642642642645,0.9936107560532995,False
batch2,33,100,2.7627627627627627,0.9939696483994729,False
batch2,33,100,2.7612612612612613,0.9943261416880834,False
batch2,33,100,2.75975975975976,0.994680345760925,False
batch2,33,100,2.758258258258258,0.9950323704597913,False
batch2,33,100,2.756756756756757,0.9953823256264759,False
batch2,33,100,2.755255255255255,0.9957303211027726,False
batch2,33,100,2.7537537537537538,0.9960764645853076,False
batch2,33,100,2.7522522522522523,0.9964208054148727,False
batch2,33,100,2.7507507507507505,0.9967633290785305,False
batch2,33,100,2.7492492492492495,0.9971040178158019,False
batch2,33,100,2.7477477477477477,0.997442853866209,False
batch2,33,100,2.7462462462462462,0.9977798194692725,False
batch2,33,100,2.744744744744745,0.998114896864514,False
batch2,33,100,2.743243243243243,0.9984480400371158,False
batch2,33,100,2.741741741741742,0.9987789922040727,False
batch2,33,100,2.74024024024024,0.9991074013465989,False
batch2,33,100,2.7387387387387387,0.9994329149799577,False
batch2,33,100,2.7372372372372373,0.9997551806194128,False
batch2,33,100,2.7357357357357355,1.0000738457802278,False
batch2,33,100,2.7342342342342345,1.0003885579998057,False
batch2,33,100,2.7327327327327327,1.000699170619174,False
batch2,33,100,2.7312312312312312,1.0010062459627584,False
batch2,33,100,2.72972972972973,1.0013104989122708,False
batch2,33,100,2.728228228228228,1.0016126443494227,False
batch2,33,100,2.726726726726727,1.0019133971559253,False
batch2,33,100,2.725225225225225,1.0022134722134906,False
batch2,33,100,2.7237237237237237,1.0025135783245835,False
batch2,33,100,2.7222222222222223,1.0028139666712181,False
batch2,33,100,2.7207207207207205,1.0031141198445754,False
batch2,33,100,2.7192192192192195,1.0034134468713314,False
batch2,33,100,2.7177177177177176,1.0037113567781621,False
batch2,33,100,2.7162162162162162,1.0040072585917434,False
batch2,33,100,2.714714714714715,1.0043005613387515,False
batch2,33,100,2.713213213213213,1.004590686614089,False
batch2,33,100,2.7117117117117115,1.0048774907241957,False
batch2,33,100,2.71021021021021,1.005161365350214,False
batch2,33,100,2.7087087087087087,1.0054427351483328,False
batch2,33,100,2.7072072072072073,1.0057220247747412,False
batch2,33,100,2.7057057057057055,1.005999658885628,False
batch2,33,100,2.704204204204204,1.0062760621371822,False
batch2,33,100,2.7027027027027026,1.0065516253486986,False
batch2,33,100,2.701201201201201,1.0068263095716676,False
batch2,33,100,2.6996996996997,1.0070997802568098,False
batch2,33,100,2.698198198198198,1.0073716970350266,False
batch2,33,100,2.6966966966966965,1.0076417195372196,False
batch2,33,100,2.695195195195195,1.0079095073942903,False
batch2,33,100,2.6936936936936937,1.0081747202371407,False
batch2,33,100,2.6921921921921923,1.0084371373572463,False
batch2,33,100,2.6906906906906904,1.008697100465581,False
batch2,33,100,2.689189189189189,1.0089551163634012,False
batch2,33,100,2.6876876876876876,1.0092116918737997,False
batch2,33,100,2.686186186186186,1.0094673338198685,False
batch2,33,100,2.684684684684685,1.0097225490247002,False
batch2,33,100,2.683183183183183,1.009977840645391,False
batch2,33,100,2.6816816816816815,1.0102332920188002,False
batch2,33,100,2.68018018018018,1.0104881836079656,False
batch2,33,100,2.6786786786786787,1.0107417053489829,False
batch2,33,100,2.6771771771771773,1.0109930471779491,False
batch2,33,100,2.6756756756756754,1.0112413990309603,False
batch2,33,100,2.674174174174174,1.0114859508441132,False
batch2,33,100,2.6726726726726726,1.0117259378382928,False
batch2,33,100,2.671171171171171,1.011961465917482,False
batch2,33,100,2.66966966966967,1.0121934261532364,False
batch2,33,100,2.668168168168168,1.0124227377414734,False
batch2,33,100,2.6666666666666665,1.0126503198781107,False
batch2,33,100,2.665165165165165,1.012877091759066,False
batch2,33,100,2.6636636636636637,1.013103972580257,False
batch2,33,100,2.6621621621621623,1.013331770114223,False
batch2,33,100,2.6606606606606604,1.0135604379190213,False
batch2,33,100,2.659159159159159,1.0137895343285688,False
batch2,33,100,2.6576576576576576,1.0140186155317144,False
batch2,33,100,2.656156156156156,1.014247237717306,False
batch2,33,100,2.6546546546546548,1.0144749570741929,False
batch2,33,100,2.653153153153153,1.0147013298506071,False
batch2,33,100,2.6516516516516515,1.0149259927034582,False
batch2,33,100,2.65015015015015,1.0151488217275224,False
batch2,33,100,2.6486486486486487,1.0153697373853219,False
batch2,33,100,2.6471471471471473,1.0155886601393782,False
batch2,33,100,2.6456456456456454,1.0158055104522135,False
batch2,33,100,2.644144144144144,1.0160202087863495,False
batch2,33,100,2.6426426426426426,1.0162326776506128,False
batch2,33,100,2.641141141141141,1.0164429520255225,False
batch2,33,100,2.6396396396396398,1.0166512355413708,False
batch2,33,100,2.638138138138138,1.0168577456916723,False
batch2,33,100,2.6366366366366365,1.0170626999699413,False
batch2,33,100,2.635135135135135,1.0172663158696922,False
batch2,33,100,2.6336336336336337,1.0174688108844396,False
batch2,33,100,2.6321321321321323,1.0176703894133268,False
batch2,33,100,2.6306306306306304,1.017871087400239,False
batch2,33,100,2.629129129129129,1.0180708238679745,False
batch2,33,100,2.6276276276276276,1.018269515484589,False
batch2,33,100,2.626126126126126,1.0184670789181385,False
batch2,33,100,2.6246246246246248,1.0186634308366782,False
batch2,33,100,2.623123123123123,1.018858487908264,False
batch2,33,100,2.6216216216216215,1.019052173681853,False
batch2,33,100,2.62012012012012,1.01924444232665,False
batch2,33,100,2.6186186186186187,1.0194352565262457,False
batch2,33,100,2.6171171171171173,1.0196245789645735,False
batch2,33,100,2.6156156156156154,1.0198123723255674,False
batch2,33,100,2.614114114114114,1.0199985992931615,False
batch2,33,100,2.6126126126126126,1.020183223698111,False
batch2,33,100,2.611111111111111,1.0203663241445744,False
batch2,33,100,2.6096096096096097,1.0205481902804834,False
batch2,33,100,2.608108108108108,1.020729134423819,False
batch2,33,100,2.6066066066066065,1.0209094688925615,False
batch2,33,100,2.605105105105105,1.021089506004692,False
batch2,33,100,2.6036036036036037,1.0212695580781912,False
batch2,33,100,2.6021021021021022,1.0214499267637775,False
batch2,33,100,2.6006006006006004,1.0216305749530512,False
batch2,33,100,2.599099099099099,1.0218110649666634,False
batch2,33,100,2.5975975975975976,1.021990935986677,False
batch2,33,100,2.596096096096096,1.0221697271951544,False
batch2,33,100,2.5945945945945947,1.0223469777741583,False
batch2,33,100,2.593093093093093,1.022522226905751,False
batch2,33,100,2.5915915915915915,1.0226950547216496,False
batch2,33,100,2.59009009009009,1.0228654413355285,False
batch2,33,100,2.5885885885885886,1.0230335928609844,False
batch2,33,100,2.5870870870870872,1.0231997179687309,False
batch2,33,100,2.5855855855855854,1.0233640253294822,False
batch2,33,100,2.584084084084084,1.0235267236139518,False
batch2,33,100,2.5825825825825826,1.0236880214929183,False
batch2,33,100,2.581081081081081,1.023848132999173,False
batch2,33,100,2.5795795795795797,1.0240072921571504,False
batch2,33,100,2.578078078078078,1.0241657376495024,False
batch2,33,100,2.5765765765765765,1.0243237081588812,False
batch2,33,100,2.575075075075075,1.0244814423679394,False
batch2,33,100,2.5735735735735736,1.024639178959329,False
batch2,33,100,2.5720720720720722,1.024797153538992,False
batch2,33,100,2.5705705705705704,1.0249553644056053,False
batch2,33,100,2.569069069069069,1.0251134080227045,False
batch2,33,100,2.5675675675675675,1.0252708419822842,False
batch2,33,100,2.566066066066066,1.025427223876339,False
batch2,33,100,2.5645645645645647,1.0255821112968633,False
batch2,33,100,2.563063063063063,1.025735061835852,False
batch2,33,100,2.5615615615615615,1.0258856499286326,False
batch2,33,100,2.56006006006006,1.0260338434240397,False
batch2,33,100,2.5585585585585586,1.0261800069564238,False
batch2,33,100,2.557057057057057,1.0263245226778859,False
batch2,33,100,2.5555555555555554,1.0264677727405278,False
batch2,33,100,2.554054054054054,1.0266101392964502,False
batch2,33,100,2.5525525525525525,1.0267520044977543,False
batch2,33,100,2.551051051051051,1.0268937154602988,False
batch2,33,100,2.5495495495495497,1.0270352631862676,False
batch2,33,100,2.548048048048048,1.0271764311049352,False
batch2,33,100,2.5465465465465464,1.0273170000586,False
batch2,33,100,2.545045045045045,1.0274567508895613,False
batch2,33,100,2.5435435435435436,1.0275954644401175,False
batch2,33,100,2.542042042042042,1.027732921552568,False
batch2,33,100,2.5405405405405403,1.0278689689029632,False
batch2,33,100,2.539039039039039,1.0280038327220065,False
batch2,33,100,2.5375375375375375,1.0281378749761803,False
batch2,33,100,2.536036036036036,1.028271457802922,False
batch2,33,100,2.5345345345345347,1.0284049433396687,False
batch2,33,100,2.533033033033033,1.028538693723858,False
batch2,33,100,2.5315315315315314,1.0286730709308831,False
batch2,33,100,2.53003003003003,1.028808223145358,False
batch2,33,100,2.5285285285285286,1.0289436636956686,False
batch2,33,100,2.527027027027027,1.0290787886109762,False
batch2,33,100,2.5255255255255253,1.0292129939204424,False
batch2,33,100,2.524024024024024,1.029345675653228,False
batch2,33,100,2.5225225225225225,1.0294762298384945,False
batch2,33,100,2.521021021021021,1.0296040589041722,False
batch2,33,100,2.5195195195195197,1.0297289848038713,False
batch2,33,100,2.518018018018018,1.0298515010962803,False
batch2,33,100,2.5165165165165164,1.0299721616808137,False
batch2,33,100,2.515015015015015,1.0300915204568857,False
batch2,33,100,2.5135135135135136,1.0302101313239111,False
batch2,33,100,2.512012012012012,1.030328548181304,False
batch2,33,100,2.5105105105105103,1.0304473013092341,False
batch2,33,100,2.509009009009009,1.0305664245211381,False
batch2,33,100,2.5075075075075075,1.0306854798385587,False
batch2,33,100,2.506006006006006,1.0308040106027825,False
batch2,33,100,2.5045045045045047,1.0309215601550952,False
batch2,33,100,2.503003003003003,1.0310376718367829,False
batch2,33,100,2.5015015015015014,1.0311518889891313,False
batch2,33,100,2.5,1.0312638283108884,False
batch2,33,100,2.4984984984984986,1.031373698330111,False
batch2,33,100,2.496996996996997,1.031481993599857,False
batch2,33,100,2.4954954954954953,1.031589210532201,False
batch2,33,100,2.493993993993994,1.0316958455392182,False
batch2,33,100,2.4924924924924925,1.0318023950329827,False
batch2,33,100,2.490990990990991,1.0319093554255696,False
batch2,33,100,2.4894894894894897,1.0320171265502185,False
batch2,33,100,2.487987987987988,1.032125549086737,False
batch2,33,100,2.4864864864864864,1.0322342629582077,False
batch2,33,100,2.484984984984985,1.032342907827117,False
batch2,33,100,2.4834834834834836,1.0324511233559506,False
batch2,33,100,2.481981981981982,1.0325585492071945,False
batch2,33,100,2.4804804804804803,1.0326648250433343,False
batch2,33,100,2.478978978978979,1.0327696737115724,False
batch2,33,100,2.4774774774774775,1.0328731746078932,False
batch2,33,100,2.475975975975976,1.0329755026378116,False
batch2,33,100,2.4744744744744747,1.0330768327079318,False
batch2,33,100,2.472972972972973,1.033177339724858,False
batch2,33,100,2.4714714714714714,1.0332771985951945,False
batch2,33,100,2.46996996996997,1.0333765842255447,False
batch2,33,100,2.4684684684684686,1.0334756058377208,False
batch2,33,100,2.466966966966967,1.0335741118130581,False
batch2,33,100,2.4654654654654653,1.033671885794019,False
batch2,33,100,2.463963963963964,1.0337687114230665,False
batch2,33,100,2.4624624624624625,1.0338643723426624,False
batch2,33,100,2.460960960960961,1.0339586521952697,False
batch2,33,100,2.4594594594594597,1.034051337311495,False
batch2,33,100,2.457957957957958,1.0341424172770324,False
batch2,33,100,2.4564564564564564,1.034232223564665,False
batch2,33,100,2.454954954954955,1.0343211204343608,False
batch2,33,100,2.4534534534534536,1.034409472146087,False
batch2,33,100,2.451951951951952,1.0344976429598112,False
batch2,33,100,2.4504504504504503,1.0345859971355005,False
batch2,33,100,2.448948948948949,1.034674895550898,False
batch2,33,100,2.4474474474474475,1.0347644485998997,False
batch2,33,100,2.445945945945946,1.0348543482938801,False
batch2,33,100,2.4444444444444446,1.0349442468865033,False
batch2,33,100,2.442942942942943,1.0350337966314325,False
batch2,33,100,2.4414414414414414,1.0351226497823312,False
batch2,33,100,2.43993993993994,1.035210458592863,False
batch2,33,100,2.4384384384384385,1.0352968913127678,False
batch2,33,100,2.436936936936937,1.0353818770712833,False
batch2,33,100,2.4354354354354353,1.035465557438189,False
batch2,33,100,2.433933933933934,1.035548080163249,False
batch2,33,100,2.4324324324324325,1.0356295929962278,False
batch2,33,100,2.4309309309309306,1.0357102436868897,False
batch2,33,100,2.4294294294294296,1.0357901799849987,False
batch2,33,100,2.4279279279279278,1.035869551101255,False
batch2,33,100,2.4264264264264264,1.0359485223432567,False
batch2,33,100,2.424924924924925,1.0360272689976946,False
batch2,33,100,2.423423423423423,1.0361059665002526,False
batch2,33,100,2.421921921921922,1.0361847902866148,False
batch2,33,100,2.4204204204204203,1.0362639157924654,False
batch2,33,100,2.418918918918919,1.0363435184534884,False
batch2,33,100,2.4174174174174174,1.0364237226495934,False
batch2,33,100,2.4159159159159156,1.0365042804541957,False
batch2,33,100,2.4144144144144146,1.0365847790190457,False
batch2,33,100,2.4129129129129128,1.0366648047587899,False
batch2,33,100,2.4114114114114114,1.0367439440880757,False
batch2,33,100,2.40990990990991,1.0368217834215503,False
batch2,33,100,2.408408408408408,1.0368979091797315,False
batch2,33,100,2.406906906906907,1.0369720474009603,False
batch2,33,100,2.4054054054054053,1.0370444254633782,False
batch2,33,100,2.403903903903904,1.0371153832316538,False
batch2,33,100,2.4024024024024024,1.037185260570456,False
batch2,33,100,2.4009009009009006,1.0372543973444541,False
batch2,33,100,2.3993993993993996,1.0373231334183168,False
batch2,33,100,2.3978978978978978,1.0373918073063633,False
batch2,33,100,2.3963963963963963,1.037460619818957,False
batch2,33,100,2.394894894894895,1.0375295171354917,False
batch2,33,100,2.393393393393393,1.0375984178918756,False
batch2,33,100,2.391891891891892,1.0376672407240168,False
batch2,33,100,2.3903903903903903,1.0377359042678238,False
batch2,33,100,2.388888888888889,1.0378043271592043,False
batch2,33,100,2.3873873873873874,1.0378724285038048,False
batch2,33,100,2.3858858858858856,1.0379401680985414,False
batch2,33,100,2.3843843843843846,1.0380075773008168,False
batch2,33,100,2.3828828828828827,1.0380746947353707,False
batch2,33,100,2.3813813813813813,1.0381415590269425,False
batch2,33,100,2.37987987987988,1.0382082088002718,False
batch2,33,100,2.378378378378378,1.0382746826800981,False
batch2,33,100,2.376876876876877,1.038341018555668,False
batch2,33,100,2.3753753753753752,1.0384071632582577,False
batch2,33,100,2.373873873873874,1.0384728856502432,False
batch2,33,100,2.3723723723723724,1.0385379339892182,False
batch2,33,100,2.3708708708708706,1.0386020565327767,False
batch2,33,100,2.3693693693693696,1.0386650015385128,False
batch2,33,100,2.3678678678678677,1.0387265172640205,False
batch2,33,100,2.3663663663663663,1.038786360393339,False
batch2,33,100,2.364864864864865,1.0388445464399194,False
batch2,33,100,2.363363363363363,1.038901392034121,False
batch2,33,100,2.361861861861862,1.0389572307510073,False
batch2,33,100,2.3603603603603602,1.0390123961656426,False
batch2,33,100,2.358858858858859,1.0390672218530905,False
batch2,33,100,2.3573573573573574,1.0391220413884152,False
batch2,33,100,2.3558558558558556,1.0391771798475329,False
batch2,33,100,2.3543543543543546,1.0392328000364297,False
batch2,33,100,2.3528528528528527,1.039288919042782,False
batch2,33,100,2.3513513513513513,1.0393455487774588,False
batch2,33,100,2.34984984984985,1.0394027011513283,False
batch2,33,100,2.348348348348348,1.039460388075259,False
batch2,33,100,2.346846846846847,1.0395186214601195,False
batch2,33,100,2.3453453453453452,1.0395773918105604,False
batch2,33,100,2.343843843843844,1.039636317030066,False
batch2,33,100,2.3423423423423424,1.0396946988442655,False
batch2,33,100,2.3408408408408405,1.0397518289526975,False
batch2,33,100,2.3393393393393396,1.0398069990549001,False
batch2,33,100,2.3378378378378377,1.039859500850413,False
batch2,33,100,2.3363363363363363,1.039908626038774,False
batch2,33,100,2.334834834834835,1.039954040923589,False
batch2,33,100,2.333333333333333,1.0399977619180683,False
batch2,33,100,2.331831831831832,1.0400427147445312,False
batch2,33,100,2.33033033033033,1.0400918270955042,False
batch2,33,100,2.328828828828829,1.0401480266635121,False
batch2,33,100,2.3273273273273274,1.0402142411410815,False
batch2,33,100,2.3258258258258255,1.040293392445385,False
batch2,33,100,2.3243243243243246,1.0403866674084352,False
batch2,33,100,2.3228228228228227,1.040491094428932,False
batch2,33,100,2.3213213213213213,1.0406030918535663,False
batch2,33,100,2.31981981981982,1.0407190780290296,False
batch2,33,100,2.318318318318318,1.0408354713020131,False
batch2,33,100,2.316816816816817,1.040948690019208,False
batch2,33,100,2.315315315315315,1.0410551525273055,False
batch2,33,100,2.313813813813814,1.0411512771729972,False
batch2,33,100,2.3123123123123124,1.041233482302974,False
batch2,33,100,2.3108108108108105,1.041298186268168,False
batch2,33,100,2.3093093093093096,1.04134302829256,False
batch2,33,100,2.3078078078078077,1.0413703109840238,False
batch2,33,100,2.3063063063063063,1.041383450228011,False
batch2,33,100,2.304804804804805,1.0413858619099732,False
batch2,33,100,2.303303303303303,1.0413809619153616,False
batch2,33,100,2.301801801801802,1.041372166129628,False
batch2,33,100,2.3003003003003,1.0413628904382237,False
batch2,33,100,2.298798798798799,1.0413565507266007,False
batch2,33,100,2.2972972972972974,1.04135656288021,False
batch2,33,100,2.2957957957957955,1.0413662341794723,False
batch2,33,100,2.2942942942942945,1.0413864357935256,False
batch2,33,100,2.2927927927927927,1.0414156366292167,False
batch2,33,100,2.2912912912912913,1.0414522037585743,False
batch2,33,100,2.28978978978979,1.0414945042536277,False
batch2,33,100,2.288288288288288,1.041540905186406,False
batch2,33,100,2.286786786786787,1.041589773628938,False
batch2,33,100,2.285285285285285,1.0416394917383682,False
batch2,33,100,2.2837837837837838,1.0416889231189572,False
batch2,33,100,2.2822822822822824,1.0417375020442305,False
batch2,33,100,2.2807807807807805,1.0417846958791024,False
batch2,33,100,2.2792792792792795,1.0418299719884874,False
batch2,33,100,2.2777777777777777,1.0418727977372997,False
batch2,33,100,2.2762762762762763,1.0419126404904535,False
batch2,33,100,2.274774774774775,1.041948989736411,False
batch2,33,100,2.273273273273273,1.0419820171935352,False
batch2,33,100,2.271771771771772,1.042012689807096,False
batch2,33,100,2.27027027027027,1.0420420194118467,False
batch2,33,100,2.2687687687687688,1.0420710178425396,False
batch2,33,100,2.2672672672672673,1.042100696933928,False
batch2,33,100,2.2657657657657655,1.0421320685207647,False
batch2,33,100,2.2642642642642645,1.042166063530865,False
batch2,33,100,2.2627627627627627,1.0422026877177613,False
batch2,33,100,2.2612612612612613,1.0422413571659588,False
batch2,33,100,2.25975975975976,1.0422814784513856,False
batch2,33,100,2.258258258258258,1.04232245814997,False
batch2,33,100,2.256756756756757,1.04236370283764,False
batch2,33,100,2.255255255255255,1.0424046190903236,False
batch2,33,100,2.2537537537537538,1.0424446705812327,False
batch2,33,100,2.2522522522522523,1.0424838274167834,False
batch2,33,100,2.2507507507507505,1.0425223245343258,False
batch2,33,100,2.2492492492492495,1.0425603991843668,False
batch2,33,100,2.2477477477477477,1.0425982886174125,False
batch2,33,100,2.2462462462462462,1.0426362300839693,False
batch2,33,100,2.244744744744745,1.0426744608345433,False
batch2,33,100,2.243243243243243,1.0427131870903517,False
batch2,33,100,2.241741741741742,1.0427523445407023,False
batch2,33,100,2.24024024024024,1.0427917293836027,False
batch2,33,100,2.2387387387387387,1.0428311366583731,False
batch2,33,100,2.2372372372372373,1.042870361404334,False
batch2,33,100,2.2357357357357355,1.0429091986608057,False
batch2,33,100,2.2342342342342345,1.0429474434671084,False
batch2,33,100,2.2327327327327327,1.0429849067352435,False
batch2,33,100,2.2312312312312312,1.0430216190747577,False
batch2,33,100,2.22972972972973,1.0430577715514135,False
batch2,33,100,2.228228228228228,1.0430935588874297,False
batch2,33,100,2.226726726726727,1.0431291758050252,False
batch2,33,100,2.225225225225225,1.0431648170264194,False
batch2,33,100,2.2237237237237237,1.043200677273831,False
batch2,33,100,2.2222222222222223,1.0432369507761003,False
batch2,33,100,2.2207207207207205,1.0432737353479635,False
batch2,33,100,2.2192192192192195,1.0433109175773043,False
batch2,33,100,2.2177177177177176,1.0433483560643102,False
batch2,33,100,2.2162162162162162,1.0433859094091693,False
batch2,33,100,2.214714714714715,1.0434234362120693,False
batch2,33,100,2.213213213213213,1.0434607950731978,False
batch2,33,100,2.211711711711712,1.0434978459480617,False
batch2,33,100,2.21021021021021,1.0435345130398948,False
batch2,33,100,2.2087087087087087,1.0435708113930662,False
batch2,33,100,2.2072072072072073,1.043606762926779,False
batch2,33,100,2.2057057057057055,1.0436423895602365,False
batch2,33,100,2.2042042042042045,1.0436777132126425,False
batch2,33,100,2.2027027027027026,1.0437127558032,False
batch2,33,100,2.201201201201201,1.0437475392727982,False
batch2,33,100,2.1996996996997,1.0437820863731053,False
batch2,33,100,2.198198198198198,1.043816420890739,False
batch2,33,100,2.196696696696697,1.043850566679675,False
batch2,33,100,2.195195195195195,1.043884547593889,False
batch2,33,100,2.1936936936936937,1.0439183874873565,False
batch2,33,100,2.1921921921921923,1.0439521102140539,False
batch2,33,100,2.1906906906906904,1.0439857397280374,False
batch2,33,100,2.1891891891891895,1.0440193104622175,False
batch2,33,100,2.1876876876876876,1.0440528763779473,False
batch2,33,100,2.186186186186186,1.0440864935695193,False
batch2,33,100,2.184684684684685,1.0441202181312257,False
batch2,33,100,2.183183183183183,1.044154106157359,False
batch2,33,100,2.181681681681682,1.0441882137422116,False
batch2,33,100,2.18018018018018,1.0442225969800758,False
batch2,33,100,2.1786786786786787,1.044257284870904,False
batch2,33,100,2.1771771771771773,1.044292166195827,False
batch2,33,100,2.1756756756756754,1.0443270845118353,False
batch2,33,100,2.1741741741741745,1.044361883353775,False
batch2,33,100,2.1726726726726726,1.0443964062564928,False
batch2,33,100,2.171171171171171,1.0444304967548355,False
batch2,33,100,2.16966966966967,1.04446399838365,False
batch2,33,100,2.168168168168168,1.0444967774697618,False
batch2,33,100,2.166666666666667,1.0445289046848887,False
batch2,33,100,2.165165165165165,1.044560558502114,False
batch2,33,100,2.1636636636636637,1.0445919183655576,False
batch2,33,100,2.1621621621621623,1.0446231637193388,False
batch2,33,100,2.1606606606606604,1.0446544740075776,False
batch2,33,100,2.1591591591591595,1.0446860286743933,False
batch2,33,100,2.1576576576576576,1.0447179728239504,False
batch2,33,100,2.156156156156156,1.044750243945327,False
batch2,33,100,2.1546546546546548,1.044782701899975,False
batch2,33,100,2.153153153153153,1.0448152064146086,False
batch2,33,100,2.151651651651652,1.0448476172159404,False
batch2,33,100,2.15015015015015,1.0448797940306844,False
batch2,33,100,2.1486486486486487,1.0449115965855538,False
batch2,33,100,2.1471471471471473,1.044942888716841,False
batch2,33,100,2.1456456456456454,1.0449736474549125,False
batch2,33,100,2.1441441441441444,1.0450039744868171,False
batch2,33,100,2.1426426426426426,1.045033977908393,False
batch2,33,100,2.141141141141141,1.0450637658154789,False
batch2,33,100,2.1396396396396398,1.0450934463039134,False
batch2,33,100,2.138138138138138,1.045123127469535,False
batch2,33,100,2.136636636636637,1.0451529089383602,False
batch2,33,100,2.135135135135135,1.045182815549392,False
batch2,33,100,2.1336336336336337,1.045212833176747,False
batch2,33,100,2.1321321321321323,1.0452429473586107,False
batch2,33,100,2.1306306306306304,1.045273143633169,False
batch2,33,100,2.1291291291291294,1.0453034075386078,False
batch2,33,100,2.1276276276276276,1.0453337246131127,False
batch2,33,100,2.126126126126126,1.045364081752665,False
batch2,33,100,2.1246246246246248,1.0453944816921907,False
batch2,33,100,2.123123123123123,1.0454249374112599,False
batch2,33,100,2.121621621621622,1.0454554620613579,False
batch2,33,100,2.12012012012012,1.04548606879397,False
batch2,33,100,2.1186186186186187,1.0455167707605812,False
batch2,33,100,2.1171171171171173,1.0455475811126769,False
batch2,33,100,2.1156156156156154,1.0455785087389828,False
batch2,33,100,2.1141141141141144,1.0456095236832117,False
batch2,33,100,2.1126126126126126,1.0456405752242417,False
batch2,33,100,2.111111111111111,1.045671612445189,False
batch2,33,100,2.1096096096096097,1.04570258442917,False
batch2,33,100,2.108108108108108,1.0457334402593013,False
batch2,33,100,2.106606606606607,1.045764129018699,False
batch2,33,100,2.105105105105105,1.0457946104619527,False
batch2,33,100,2.1036036036036037,1.0458248935155143,False
batch2,33,100,2.1021021021021022,1.04585500125935,False
batch2,33,100,2.1006006006006004,1.045884956774713,False
batch2,33,100,2.0990990990990994,1.0459147831428577,False
batch2,33,100,2.0975975975975976,1.0459445034450379,False
batch2,33,100,2.096096096096096,1.0459741407625074,False
batch2,33,100,2.0945945945945947,1.0460037176086392,False
batch2,33,100,2.093093093093093,1.046033249191875,False
batch2,33,100,2.091591591591592,1.0460627456507992,False
batch2,33,100,2.09009009009009,1.0460922170219094,False
batch2,33,100,2.0885885885885886,1.046121673341702,False
batch2,33,100,2.0870870870870872,1.0461511246466744,False
batch2,33,100,2.0855855855855854,1.0461805809733233,False
batch2,33,100,2.0840840840840844,1.0462100523579416,False
batch2,33,100,2.0825825825825826,1.0462395439093075,False
batch2,33,100,2.081081081081081,1.0462690430327672,False
batch2,33,100,2.0795795795795797,1.0462985331593226,False
batch2,33,100,2.078078078078078,1.0463279977199753,False
batch2,33,100,2.076576576576577,1.0463574201457269,False
batch2,33,100,2.075075075075075,1.0463867838675789,False
batch2,33,100,2.0735735735735736,1.0464160723183809,False
batch2,33,100,2.0720720720720722,1.0464452703517109,False
batch2,33,100,2.0705705705705704,1.0464743667771672,False
batch2,33,100,2.0690690690690694,1.0465033510874546,False
batch2,33,100,2.0675675675675675,1.0465322127752785,False
batch2,33,100,2.066066066066066,1.0465609413333439,False
batch2,33,100,2.0645645645645647,1.0465895262543559,False
batch2,33,100,2.063063063063063,1.0466179570310195,False
batch2,33,100,2.0615615615615615,1.0466462216510688,False
batch2,33,100,2.06006006006006,1.0466742907012223,False
batch2,33,100,2.0585585585585586,1.0467021235863396,False
batch2,33,100,2.057057057057057,1.0467296795269099,False
batch2,33,100,2.0555555555555554,1.046756917743422,False
batch2,33,100,2.054054054054054,1.0467837974563647,False
batch2,33,100,2.0525525525525525,1.0468102778862272,False
batch2,33,100,2.051051051051051,1.046836333877881,False
batch2,33,100,2.0495495495495497,1.0468620375514364,False
batch2,33,100,2.048048048048048,1.046887498400931,False
batch2,33,100,2.0465465465465464,1.0469128259978917,False
batch2,33,100,2.045045045045045,1.0469381299138452,False
batch2,33,100,2.0435435435435436,1.0469635197203178,False
batch2,33,100,2.042042042042042,1.0469891049888362,False
batch2,33,100,2.0405405405405403,1.047014995290881,False
batch2,33,100,2.039039039039039,1.0470412737604338,False
batch2,33,100,2.0375375375375375,1.0470679215693048,False
batch2,33,100,2.036036036036036,1.047094895312036,False
batch2,33,100,2.0345345345345347,1.0471221515831695,False
batch2,33,100,2.033033033033033,1.0471496469772468,False
batch2,33,100,2.0315315315315314,1.0471773380888099,False
batch2,33,100,2.03003003003003,1.0472051815045467,False
batch2,33,100,2.0285285285285286,1.0472331243675326,False
batch2,33,100,2.027027027027027,1.0472610860604894,False
batch2,33,100,2.0255255255255253,1.047288980890972,False
batch2,33,100,2.024024024024024,1.047316723166536,False
batch2,33,100,2.0225225225225225,1.0473442271947364,False
batch2,33,100,2.021021021021021,1.0473714072831286,False
batch2,33,100,2.0195195195195197,1.047398179307692,False
batch2,33,100,2.018018018018018,1.047424521860557,False
batch2,33,100,2.0165165165165164,1.047450496027678,False
batch2,33,100,2.015015015015015,1.0474761685123677,False
batch2,33,100,2.0135135135135136,1.047501606017938,False
batch2,33,100,2.012012012012012,1.047526875247701,False
batch2,33,100,2.0105105105105103,1.0475520429049685,False
batch2,33,100,2.009009009009009,1.0475771756930532,False
batch2,33,100,2.0075075075075075,1.0476023403152668,False
batch2,33,100,2.006006006006006,1.0476276034749217,False
batch2,33,100,2.0045045045045047,1.0476530318753297,False
batch2,33,100,2.003003003003003,1.047678692219803,False
batch2,33,100,2.0015015015015014,1.047704651211654,False
batch2,33,100,2.0,1.0477309755541941,False
