batch,cell_id,cycle,cycle_life,QD,QD_analysis,QD_masked,smoothed_masked_11,slope_masked_31,slope_masked_75
batch1,11,10.0,788.0,1.0581003,1.0581003,1.0581003,,,
batch1,11,11.0,788.0,1.0582161,1.0582161,1.0582161,,,
batch1,11,12.0,788.0,1.063239,1.063239,1.063239,,,
batch1,11,13.0,788.0,1.0546725,1.0546725,1.0546725,,,
batch1,11,14.0,788.0,1.0581912,1.0581912,1.0581912,,,
batch1,11,15.0,788.0,1.0592513,1.0592513,1.0592513,1.0594341,,
batch1,11,16.0,788.0,1.0594341,1.0594341,1.0594341,1.0597637,,
batch1,11,17.0,788.0,1.0597637,1.0597637,1.0597637,1.0598733,,
batch1,11,18.0,788.0,1.0598733,1.0598733,1.0598733,1.0598733,,
batch1,11,19.0,788.0,1.0600343,1.0600343,1.0600343,1.0600343,,
batch1,11,20.0,788.0,1.0601169,1.0601169,1.0601169,1.0601169,,
batch1,11,21.0,788.0,1.060204,1.060204,1.060204,1.060204,,
batch1,11,22.0,788.0,1.0603255,1.0603255,1.0603255,1.0603255,,
batch1,11,23.0,788.0,1.0603709,1.0603709,1.0603709,1.0603709,,
batch1,11,24.0,788.0,1.060411,1.060411,1.060411,1.060411,,
batch1,11,25.0,788.0,1.0604973,1.0604973,1.0604973,1.0604973,7.9711895161283e-05,
batch1,11,26.0,788.0,1.0605817,1.0605817,1.0605817,1.0605817,7.074004032256895e-05,
batch1,11,27.0,788.0,1.0606208,1.0606208,1.0606208,1.0605912,6.173225806450618e-05,
batch1,11,28.0,788.0,1.0606647,1.0606647,1.0606647,1.0606208,8.389749999999383e-05,
batch1,11,29.0,788.0,1.0605912,1.0605912,1.0605912,1.0606567,5.2176532258049934e-05,
batch1,11,30.0,788.0,1.0606567,1.0606567,1.0606567,1.0606647,4.047697580646676e-05,
batch1,11,31.0,788.0,1.0607418,1.0607418,1.0607418,1.0607289,3.458504032257435e-05,
batch1,11,32.0,788.0,1.0607618,1.0607618,1.0607618,1.0607418,2.8992500000003033e-05,
batch1,11,33.0,788.0,1.0607289,1.0607289,1.0607289,1.0607618,2.490241935481316e-05,
batch1,11,34.0,788.0,1.0608156,1.0608156,1.0608156,1.0607618,2.0811209677423242e-05,
batch1,11,35.0,788.0,1.0607839,1.0607839,1.0607839,1.0607618,1.775181451613338e-05,
batch1,11,36.0,788.0,1.060778,1.060778,1.060778,1.060778,1.5079637096788288e-05,
batch1,11,37.0,788.0,1.0608572,1.0608572,1.0608572,1.0607802,1.2599435483877096e-05,
batch1,11,38.0,788.0,1.0607986,1.0607986,1.0607986,1.0607839,1.096161290322717e-05,
batch1,11,39.0,788.0,1.0607476,1.0607476,1.0607476,1.0607986,9.448749999994013e-06,
batch1,11,40.0,788.0,1.0607281,1.0607281,1.0607281,1.0607986,7.775645161290484e-06,
batch1,11,41.0,788.0,1.0607802,1.0607802,1.0607802,1.0607998,6.548104838708535e-06,
batch1,11,42.0,788.0,1.0608294,1.0608294,1.0608294,1.0608016,5.698266129030178e-06,
batch1,11,43.0,788.0,1.0607998,1.0607998,1.0607998,1.0607998,4.7574596774152655e-06,
batch1,11,44.0,788.0,1.0608656,1.0608656,1.0608656,1.0607998,4.138024193547108e-06,
batch1,11,45.0,788.0,1.0608354,1.0608354,1.0608354,1.0607998,2.740322580650291e-06,
batch1,11,46.0,788.0,1.0608411,1.0608411,1.0608411,1.0608016,1.8874193548321265e-06,
batch1,11,47.0,788.0,1.0608016,1.0608016,1.0608016,1.0608104,1.5073790322569596e-06,1.5540560455197436e-05
batch1,11,48.0,788.0,1.0607896,1.0607896,1.0607896,1.0608104,1.1580645161273023e-06,1.2741089615919793e-05
batch1,11,49.0,788.0,1.0607409,1.0607409,1.0607409,1.0608244,2.87298387098664e-07,9.947183499290144e-06
batch1,11,50.0,788.0,1.0607976,1.0607976,1.0607976,1.0608244,2.4112903226751426e-07,1.2455522048366069e-05
batch1,11,51.0,788.0,1.0608244,1.0608244,1.0608244,1.0608244,1.1326209677395018e-06,5.771581792322148e-06
batch1,11,52.0,788.0,1.0608104,1.0608104,1.0608104,1.0608244,3.456733870964326e-06,2.7162019914680645e-06
batch1,11,53.0,788.0,1.0608605,1.0608605,1.0608605,1.0608244,6.543387096779552e-06,7.453570412562696e-07
batch1,11,54.0,788.0,1.0608684,1.0608684,1.0608684,1.0608244,9.211935483869412e-06,-1.106295874829924e-06
batch1,11,55.0,788.0,1.0608323,1.0608323,1.0608323,1.0608244,9.134072580636726e-06,-2.6026458036991072e-06
batch1,11,56.0,788.0,1.060842,1.060842,1.060842,1.0608244,6.931532258078705e-06,-4.001963015643872e-06
batch1,11,57.0,788.0,1.0608374,1.0608374,1.0608374,1.0608158,4.941088709671141e-06,-5.254366998578489e-06
batch1,11,58.0,788.0,1.0607977,1.0607977,1.0607977,1.0608158,2.93657258064844e-06,-6.447539118067496e-06
batch1,11,59.0,788.0,1.0608158,1.0608158,1.0608158,1.0608081,9.590322580657572e-07,-7.532287339969391e-06
batch1,11,60.0,788.0,1.0607756,1.0607756,1.0607756,1.0608056,-9.231854838794531e-07,-8.493448079653596e-06
batch1,11,61.0,788.0,1.0608081,1.0608081,1.0608081,1.0608056,-2.923467741934351e-06,-9.427684210532938e-06
batch1,11,62.0,788.0,1.0608056,1.0608056,1.0608056,1.0608056,-4.856491935480872e-06,-1.0324896159318634e-05
batch1,11,63.0,788.0,1.0607936,1.0607936,1.0607936,1.0608056,-6.97112903226639e-06,-1.108972403982804e-05
batch1,11,64.0,788.0,1.0607446,1.0607446,1.0607446,1.0608081,-9.253346774193193e-06,-1.1806045519198557e-05
batch1,11,65.0,788.0,1.0607895,1.0607895,1.0607895,1.0608081,-1.1942338709678737e-05,-1.2537083926031701e-05
batch1,11,66.0,788.0,1.0609766,1.0609766,1.0609766,1.0608081,-1.4304919354830688e-05,-1.3248170697016796e-05
batch1,11,67.0,788.0,1.0612326,1.0612326,1.0612326,1.0608056,-1.653040322580334e-05,-1.3999320056902164e-05
batch1,11,68.0,788.0,1.0613045,1.0613045,1.0613045,1.0607936,-1.9021451612891126e-05,-1.4687593172126926e-05
batch1,11,69.0,788.0,1.0613277,1.0613277,1.0613277,1.0607895,-2.1274153225803773e-05,-1.5286597439543488e-05
batch1,11,70.0,788.0,1.0609633,1.0609633,1.0609633,1.0607895,-2.2872258064518005e-05,-1.5843439544811342e-05
batch1,11,71.0,788.0,1.0606472,1.0606472,1.0606472,1.0606472,-2.479290322580839e-05,-1.6381906116645774e-05
batch1,11,72.0,788.0,1.0606213,1.0606213,1.0606213,1.0606213,-2.6808508064515357e-05,-1.6841368421052706e-05
batch1,11,73.0,788.0,1.0605559,1.0605559,1.0605559,1.0605737,-2.868193548386512e-05,-1.734475391181074e-05
batch1,11,74.0,788.0,1.0605737,1.0605737,1.0605737,1.0605559,-3.0640120967745476e-05,-1.7894190611663e-05
batch1,11,75.0,788.0,1.0605042,1.0605042,1.0605042,1.0605042,-3.224213709678073e-05,-1.8346674253204135e-05
batch1,11,76.0,788.0,1.0604928,1.0604928,1.0604928,1.0604928,-3.412564516129353e-05,-1.8912136557613397e-05
batch1,11,77.0,788.0,1.060475,1.060475,1.060475,1.060475,-3.5410524193551265e-05,-1.949404267425226e-05
batch1,11,78.0,788.0,1.0604627,1.0604627,1.0604627,1.0604627,-3.6484475806454077e-05,-2.0191436699849266e-05
batch1,11,79.0,788.0,1.0604252,1.0604252,1.0604252,1.0604252,-3.745741935484225e-05,-2.076745376956311e-05
batch1,11,80.0,788.0,1.0603856,1.0603856,1.0603856,1.0603856,-3.861096774193828e-05,-2.129259459459787e-05
batch1,11,81.0,788.0,1.0603554,1.0603554,1.0603554,1.0603554,-3.9110967741940575e-05,-2.1872497866295414e-05
batch1,11,82.0,788.0,1.06032,1.06032,1.06032,1.06032,-3.8165161290320555e-05,-2.2387783783783052e-05
batch1,11,83.0,788.0,1.0602574,1.0602574,1.0602574,1.0602627,-3.535310483869968e-05,-2.2911166429588536e-05
batch1,11,84.0,788.0,1.0602065,1.0602065,1.0602065,1.0602574,-3.166858870967108e-05,-2.3452987197721036e-05
batch1,11,85.0,788.0,1.0602627,1.0602627,1.0602627,1.0602075,-2.7138346774184858e-05,-2.4100500711239445e-05
batch1,11,86.0,788.0,1.0602075,1.0602075,1.0602075,1.0602065,-2.4743830645158152e-05,-2.4734560455191646e-05
batch1,11,87.0,788.0,1.0601398,1.0601398,1.0601398,1.0601398,-2.4402903225807526e-05,-2.537669416784886e-05
batch1,11,88.0,788.0,1.0601214,1.0601214,1.0601214,1.0601214,-2.4190483870971533e-05,-2.5934335704118254e-05
batch1,11,89.0,788.0,1.060102,1.060102,1.060102,1.060102,-2.3983306451613127e-05,-2.6493752489334355e-05
batch1,11,90.0,788.0,1.0600952,1.0600952,1.0600952,1.0600952,-2.3534274193548148e-05,-2.700127453769459e-05
batch1,11,91.0,788.0,1.0600435,1.0600435,1.0600435,1.060059,-2.3373387096779677e-05,-2.7404392603126076e-05
batch1,11,92.0,788.0,1.060059,1.060059,1.060059,1.0600466,-2.3027741935498676e-05,-2.7862102418207035e-05
batch1,11,93.0,788.0,1.0600466,1.0600466,1.0600466,1.0600435,-2.235286290323007e-05,-2.8334705547649943e-05
batch1,11,94.0,788.0,1.0600255,1.0600255,1.0600255,1.0600255,-2.1715362903225745e-05,-2.8815152204842267e-05
batch1,11,95.0,788.0,1.0599967,1.0599967,1.0599967,1.060007,-2.1258266129040086e-05,-2.9233655761023637e-05
batch1,11,96.0,788.0,1.060007,1.060007,1.060007,1.0599967,-2.116834677419743e-05,-2.9620301564724694e-05
batch1,11,97.0,788.0,1.0599943,1.0599943,1.0599943,1.0599943,-2.109080645160049e-05,-2.9962068278813432e-05
batch1,11,98.0,788.0,1.0599643,1.0599643,1.0599643,1.0599719,-2.142971774193924e-05,-3.0322719772407863e-05
batch1,11,99.0,788.0,1.0599473,1.0599473,1.0599473,1.0599643,-2.1838387096778127e-05,-3.059863157895041e-05
batch1,11,100.0,788.0,1.0599719,1.0599719,1.0599719,1.0599473,-2.3023588709677303e-05,-3.0834173541967875e-05
batch1,11,101.0,788.0,1.0599171,1.0599171,1.0599171,1.0599171,-2.3366048387094105e-05,-3.1117357041256214e-05
batch1,11,102.0,788.0,1.059845,1.059845,1.059845,1.059845,-2.3963669354832843e-05,-3.1459135135137494e-05
batch1,11,103.0,788.0,1.0597979,1.0597979,1.0597979,1.0598119,-2.5035645161298625e-05,-3.1723672830729514e-05
batch1,11,104.0,788.0,1.0598119,1.0598119,1.0598119,1.0597979,-2.6178548387092632e-05,-3.179726884779231e-05
batch1,11,105.0,788.0,1.0597833,1.0597833,1.0597833,1.0597833,-2.7227499999995405e-05,-3.153196301564597e-05
batch1,11,106.0,788.0,1.0597571,1.0597571,1.0597571,1.0597739,-2.8381895161294677e-05,-3.1179450924611236e-05
batch1,11,107.0,788.0,1.05975,1.05975,1.05975,1.0597571,-3.013991935483483e-05,-3.074055476529093e-05
batch1,11,108.0,788.0,1.0597739,1.0597739,1.0597739,1.05975,-3.1543669354845455e-05,-3.068262873399355e-05
batch1,11,109.0,788.0,1.0597341,1.0597341,1.0597341,1.0597341,-3.265564516129934e-05,-3.09545234708401e-05
batch1,11,110.0,788.0,1.0596957,1.0596957,1.0596957,1.0596957,-3.365092741935551e-05,-3.1239980085347044e-05
batch1,11,111.0,788.0,1.0596286,1.0596286,1.0596286,1.0596286,-3.490141129032001e-05,-3.158560170696955e-05
batch1,11,112.0,788.0,1.0596083,1.0596083,1.0596083,1.0596083,-3.5590685483859e-05,-3.188623613086483e-05
batch1,11,113.0,788.0,1.0595274,1.0595274,1.0595274,1.0595298,-3.596044354837929e-05,-3.22635277382634e-05
batch1,11,114.0,788.0,1.0595298,1.0595298,1.0595298,1.0595274,-3.6786693548391396e-05,-3.2602264580372785e-05
batch1,11,115.0,788.0,1.0594072,1.0594072,1.0594072,1.0594333,-3.747100806451078e-05,-3.292893883356683e-05
batch1,11,116.0,788.0,1.0594333,1.0594333,1.0594333,1.0594072,-3.798254032259167e-05,-3.318271977239844e-05
batch1,11,117.0,788.0,1.0593947,1.0593947,1.0593947,1.0593947,-3.8318346774193916e-05,-3.341906685632894e-05
batch1,11,118.0,788.0,1.0593343,1.0593343,1.0593343,1.0593343,-3.856806451613127e-05,-3.3656230440972623e-05
batch1,11,119.0,788.0,1.0592885,1.0592885,1.0592885,1.0592885,-3.888092741935355e-05,-3.3948517780934896e-05
batch1,11,120.0,788.0,1.0592692,1.0592692,1.0592692,1.0592692,-3.888173387096121e-05,-3.427886201991574e-05
batch1,11,121.0,788.0,1.0592035,1.0592035,1.0592035,1.0592035,-3.868161290321869e-05,-3.464690753912052e-05
batch1,11,122.0,788.0,1.0590994,1.0590994,1.0590994,1.0590994,-3.8317540322577986e-05,-3.502285064011916e-05
batch1,11,123.0,788.0,1.0590785,1.0590785,1.0590785,1.0590785,-3.811947580645392e-05,-3.530800568989912e-05
batch1,11,124.0,788.0,1.0590746,1.0590746,1.0590746,1.0590746,-3.7699959677421785e-05,-3.56215732574653e-05
batch1,11,125.0,788.0,1.0590516,1.0590516,1.0590516,1.0590516,-3.723975806451202e-05,-3.6004017069703963e-05
batch1,11,126.0,788.0,1.0589752,1.0589752,1.0589752,1.0589889,-3.697560483871002e-05,-3.645010241820458e-05
batch1,11,127.0,788.0,1.0589889,1.0589889,1.0589889,1.0589874,-3.6699314516136146e-05,-3.680406258890551e-05
batch1,11,128.0,788.0,1.0589874,1.0589874,1.0589874,1.0589752,-3.647830645162259e-05,-3.708015078236098e-05
batch1,11,129.0,788.0,1.0588768,1.0588768,1.0588768,1.0588768,-3.6409798387104695e-05,-3.740066002844731e-05
batch1,11,130.0,788.0,1.0588459,1.0588459,1.0588459,1.0588459,-3.6265483870969746e-05,-3.768230725462669e-05
batch1,11,131.0,788.0,1.0587748,1.0587748,1.0587748,1.058798,-3.678112903225121e-05,-3.7955832147942674e-05
batch1,11,132.0,788.0,1.0587825,1.0587825,1.0587825,1.0587825,-3.696600806452248e-05,-3.8207103840680184e-05
batch1,11,133.0,788.0,1.058798,1.058798,1.058798,1.0587748,-3.7232822580656136e-05,-3.8457869132287395e-05
batch1,11,134.0,788.0,1.058768,1.058768,1.058768,1.058768,-3.7626290322585744e-05,-3.871460312944679e-05
batch1,11,135.0,788.0,1.058736,1.058736,1.058736,1.058736,-3.822624999999996e-05,-3.893658036984485e-05
batch1,11,136.0,788.0,1.058728,1.058728,1.058728,1.058728,-3.8551250000002475e-05,-3.921652631578986e-05
batch1,11,137.0,788.0,1.0587127,1.0587127,1.0587127,1.0587127,-3.9014475806452184e-05,-3.9503624466569394e-05
batch1,11,138.0,788.0,1.0586232,1.0586232,1.0586232,1.0586232,-3.956282258064992e-05,-3.969902418207482e-05
batch1,11,139.0,788.0,1.0585592,1.0585592,1.0585592,1.0585592,-3.9864919354842766e-05,-3.9896708392603175e-05
batch1,11,140.0,788.0,1.0585274,1.0585274,1.0585274,1.0585274,-3.990225806451167e-05,-4.0017214793739733e-05
batch1,11,141.0,788.0,1.0584555,1.0584555,1.0584555,1.0584555,-4.015717741935107e-05,-3.996672830725646e-05
batch1,11,142.0,788.0,1.0584464,1.0584464,1.0584464,1.0584464,-4.082713709676724e-05,-3.983371266002884e-05
batch1,11,143.0,788.0,1.0583801,1.0583801,1.0583801,1.0583801,-4.116862903225287e-05,-3.969812233285695e-05
batch1,11,144.0,788.0,1.0583593,1.0583593,1.0583593,1.0583593,-4.1155725806449645e-05,-3.9714489331435655e-05
batch1,11,145.0,788.0,1.0582914,1.0582914,1.0582914,1.0582914,-4.157721774193414e-05,-3.982201991465125e-05
batch1,11,146.0,788.0,1.0582305,1.0582305,1.0582305,1.0582305,-4.1956290322572795e-05,-3.9890839260312165e-05
batch1,11,147.0,788.0,1.0581789,1.0581789,1.0581789,1.0581789,-4.27009274193549e-05,-3.998884779516093e-05
batch1,11,148.0,788.0,1.0581229,1.0581229,1.0581229,1.0581229,-4.3580806451620076e-05,-3.992754480796786e-05
batch1,11,149.0,788.0,1.0580816,1.0580816,1.0580816,1.0580816,-4.3611612903229545e-05,-3.973922332858752e-05
batch1,11,150.0,788.0,1.0580128,1.0580128,1.0580128,1.0580128,-4.3246129032262514e-05,-3.9443237553341684e-05
batch1,11,151.0,788.0,1.0579938,1.0579938,1.0579938,1.0579938,-4.293451612903443e-05,-3.915291038406969e-05
batch1,11,152.0,788.0,1.057956,1.057956,1.057956,1.0579698,-4.245108870968061e-05,-3.888437553342799e-05
batch1,11,153.0,788.0,1.0579698,1.0579698,1.0579698,1.0579575,-4.1840201612902025e-05,-3.875767567567435e-05
batch1,11,154.0,788.0,1.0579575,1.0579575,1.0579575,1.057956,-4.143709677419564e-05,-3.860632432432246e-05
batch1,11,155.0,788.0,1.0579307,1.0579307,1.0579307,1.0579307,-4.1179758064517734e-05,-3.863838691322178e-05
batch1,11,156.0,788.0,1.057843,1.057843,1.057843,1.057843,-4.115124999999942e-05,-3.880789473684034e-05
batch1,11,157.0,788.0,1.0577753,1.0577753,1.0577753,1.0577753,-4.1226330645158295e-05,-3.897389473684541e-05
batch1,11,158.0,788.0,1.057735,1.057735,1.057735,1.057735,-4.1444798387095874e-05,-3.912073115220354e-05
batch1,11,159.0,788.0,1.0577116,1.0577116,1.0577116,1.0577116,-4.1938951612902706e-05,-3.931193741109369e-05
batch1,11,160.0,788.0,1.0576727,1.0576727,1.0576727,1.0576727,-4.21132661290368e-05,-3.957923186344257e-05
batch1,11,161.0,788.0,1.0576324,1.0576324,1.0576324,1.0576324,-4.232641129032769e-05,-3.9810972972974596e-05
batch1,11,162.0,788.0,1.0575669,1.0575669,1.0575669,1.0575669,-4.1981048387091944e-05,-4.006913798008308e-05
batch1,11,163.0,788.0,1.0574558,1.0574558,1.0574558,1.0575016,-4.0662177419352306e-05,-4.032470270270374e-05
batch1,11,164.0,788.0,1.0574912,1.0574912,1.0574912,1.0574912,-3.933125000000056e-05,-4.0665112375530266e-05
batch1,11,165.0,788.0,1.0575016,1.0575016,1.0575016,1.0574558,-3.8111169354835644e-05,-4.092262873399601e-05
batch1,11,166.0,788.0,1.0574424,1.0574424,1.0574424,1.0574424,-3.808439516128426e-05,-4.111899573257423e-05
batch1,11,167.0,788.0,1.0573931,1.0573931,1.0573931,1.0573931,-3.867677419355368e-05,-4.131741678520739e-05
batch1,11,168.0,788.0,1.0573415,1.0573415,1.0573415,1.0573415,-3.942483870967533e-05,-4.1347024182076333e-05
batch1,11,169.0,788.0,1.0573112,1.0573112,1.0573112,1.0573112,-3.9992701612901396e-05,-4.1272591749645745e-05
batch1,11,170.0,788.0,1.0572679,1.0572679,1.0572679,1.0572679,-3.9445282258064346e-05,-4.1144182076809384e-05
batch1,11,171.0,788.0,1.0571779,1.0571779,1.0571779,1.0571779,-3.7907500000000186e-05,-4.107473684210378e-05
batch1,11,172.0,788.0,1.0571475,1.0571475,1.0571475,1.0571475,-3.620008064516401e-05,-4.1105391180654255e-05
batch1,11,173.0,788.0,1.0570463,1.0570463,1.0570463,1.057133,-3.451201612902575e-05,-4.121132290185344e-05
batch1,11,174.0,788.0,1.0569781,1.0569781,1.0569781,1.057125,-3.3291572580643215e-05,-4.13136671408268e-05
batch1,11,175.0,788.0,1.0569597,1.0569597,1.0569597,1.0570842,-3.233681451613564e-05,-4.1183442389755615e-05
batch1,11,176.0,788.0,1.0569324,1.0569324,1.0569324,1.0570463,-3.1684193548385716e-05,-4.0864022759599944e-05
batch1,11,177.0,788.0,1.0569991,1.0569991,1.0569991,1.0569991,-3.213786290322727e-05,-4.044244096728086e-05
batch1,11,178.0,788.0,1.057133,1.057133,1.057133,1.0569781,-3.342020161290363e-05,-3.9945402560458375e-05
batch1,11,179.0,788.0,1.057125,1.057125,1.057125,1.0569597,-3.5086854838708204e-05,-3.946636415363115e-05
batch1,11,180.0,788.0,1.0570842,1.0570842,1.0570842,1.0569324,-3.629669354838668e-05,-3.8988426742532784e-05
batch1,11,181.0,788.0,1.0568938,1.0568938,1.0568938,1.0568938,-3.725959677419257e-05,-3.861456330014261e-05
batch1,11,182.0,788.0,1.0567371,1.0567371,1.0567371,1.0568588,-3.8339354838700266e-05,-3.834751066856325e-05
batch1,11,183.0,788.0,1.0566679,1.0566679,1.0566679,1.0568588,-3.9342540322576066e-05,-3.8404230440965904e-05
batch1,11,184.0,788.0,1.0565971,1.0565971,1.0565971,1.0568118,-4.075572580645958e-05,-3.8625843527742546e-05
batch1,11,185.0,788.0,1.0567031,1.0567031,1.0567031,1.056767,-4.215145161290544e-05,-3.8905211948790435e-05
batch1,11,186.0,788.0,1.0568118,1.0568118,1.0568118,1.0567371,-4.377866935483833e-05,-3.9191541963014795e-05
batch1,11,187.0,788.0,1.0568588,1.0568588,1.0568588,1.0567031,-4.5518387096782695e-05,-3.9488674253200045e-05
batch1,11,188.0,788.0,1.0568622,1.0568622,1.0568622,1.0566835,-4.704995967742968e-05,-3.9853029871980445e-05
batch1,11,189.0,788.0,1.056767,1.056767,1.056767,1.0566835,-4.8521008064518446e-05,-4.018993456614626e-05
batch1,11,190.0,788.0,1.0566835,1.0566835,1.0566835,1.0566835,-4.926032258064547e-05,-4.0523712660027675e-05
batch1,11,191.0,788.0,1.0566065,1.0566065,1.0566065,1.0566065,-4.911737903225846e-05,-4.084099004267412e-05
batch1,11,192.0,788.0,1.0563955,1.0563955,1.0563955,1.0563955,-4.894443548388302e-05,-4.107240398293091e-05
batch1,11,193.0,788.0,1.0562459,1.0562459,1.0562459,1.0562459,-4.88368548387096e-05,-4.1223669985777024e-05
batch1,11,194.0,788.0,1.0562128,1.0562128,1.0562128,1.0562128,-4.8254677419351844e-05,-4.138820199146159e-05
batch1,11,195.0,788.0,1.0561677,1.0561677,1.0561677,1.0561677,-4.786443548387441e-05,-4.1465078236130794e-05
batch1,11,196.0,788.0,1.0561092,1.0561092,1.0561092,1.0561092,-4.754205645160836e-05,-4.138416785206258e-05
batch1,11,197.0,788.0,1.0560602,1.0560602,1.0560602,1.0560602,-4.6888629032253994e-05,-4.1261846372692184e-05
batch1,11,198.0,788.0,1.0560333,1.0560333,1.0560333,1.0560333,-4.558467741935564e-05,-4.129761593171897e-05
batch1,11,199.0,788.0,1.0559299,1.0559299,1.0559299,1.0559299,-4.381754032259032e-05,-4.1521032716926076e-05
batch1,11,200.0,788.0,1.055871,1.055871,1.055871,1.055871,-4.198895161291377e-05,-4.185297012802454e-05
batch1,11,201.0,788.0,1.0557829,1.0557829,1.0557829,1.055871,-3.927697580645656e-05,-4.230823044096717e-05
batch1,11,202.0,788.0,1.0557613,1.0557613,1.0557613,1.055871,-3.589915322581405e-05,-4.26357041251799e-05
batch1,11,203.0,788.0,1.0557337,1.0557337,1.0557337,1.0558652,-3.242979838709789e-05,-4.275993456614769e-05
batch1,11,204.0,788.0,1.0557574,1.0557574,1.0557574,1.0557829,-2.9394274193552415e-05,-4.274397439545168e-05
batch1,11,205.0,788.0,1.0558652,1.0558652,1.0558652,1.0557745,-2.8341451612906328e-05,-4.265056614509282e-05
batch1,11,206.0,788.0,1.0559565,1.0559565,1.0559565,1.0557613,-2.8278467741938798e-05,-4.2618238975818556e-05
batch1,11,207.0,788.0,1.0559237,1.0559237,1.0559237,1.0557574,-2.858689516130153e-05,-4.2554361308674846e-05
batch1,11,208.0,788.0,1.0557745,1.0557745,1.0557745,1.0557574,-2.9813669354833822e-05,-4.2502526315790945e-05
batch1,11,209.0,788.0,1.0556285,1.0556285,1.0556285,1.0557637,-3.17433870967696e-05,-4.2560233285922385e-05
batch1,11,210.0,788.0,1.055505,1.055505,1.055505,1.0557745,-3.381842741935032e-05,-4.282222190611733e-05
batch1,11,211.0,788.0,1.0554293,1.0554293,1.0554293,1.0557745,-3.586455645160277e-05,-4.323999431010095e-05
batch1,11,212.0,788.0,1.0555768,1.0555768,1.0555768,1.0557745,-3.799641129032387e-05,-4.37112233285926e-05
batch1,11,213.0,788.0,1.0557637,1.0557637,1.0557637,1.0557637,-4.0402862903218196e-05,-4.4173732574680705e-05
batch1,11,214.0,788.0,1.0558492,1.0558492,1.0558492,1.0557016,-4.238201612903665e-05,-4.4643297297299916e-05
batch1,11,215.0,788.0,1.0558803,1.0558803,1.0558803,1.0557016,-4.437995967742454e-05,-4.5009556187769996e-05
batch1,11,216.0,788.0,1.0558655,1.0558655,1.0558655,1.0557016,-4.6308669354841585e-05,-4.519528307254812e-05
batch1,11,217.0,788.0,1.0558038,1.0558038,1.0558038,1.0557016,-4.7907580645157356e-05,-4.5370998577525425e-05
batch1,11,218.0,788.0,1.0557016,1.0557016,1.0557016,1.0557016,-4.8555201612908204e-05,-4.553543954480966e-05
batch1,11,219.0,788.0,1.0555491,1.0555491,1.0555491,1.0555491,-4.9091975806441206e-05,-4.582895590327263e-05
batch1,11,220.0,788.0,1.0552353,1.0552353,1.0552353,1.0552353,-5.0240524193547035e-05,-4.62003527738241e-05
batch1,11,221.0,788.0,1.0550586,1.0550586,1.0550586,1.0550586,-5.15581451612956e-05,-4.6598258890468704e-05
batch1,11,222.0,788.0,1.054971,1.054971,1.054971,1.054971,-5.243733870968014e-05,-4.69677667140853e-05
batch1,11,223.0,788.0,1.0549352,1.0549352,1.0549352,1.0549352,-5.340338709677654e-05,-4.7007644381224045e-05
batch1,11,224.0,788.0,1.0548812,1.0548812,1.0548812,1.0548812,-5.464733870967723e-05,-4.6760460881932275e-05
batch1,11,225.0,788.0,1.0548015,1.0548015,1.0548015,1.0548015,-5.5624717741926034e-05,-4.6526475106685664e-05
batch1,11,226.0,788.0,1.0547603,1.0547603,1.0547603,1.0547603,-5.6203064516123066e-05,-4.637579231863673e-05
batch1,11,227.0,788.0,1.0547147,1.0547147,1.0547147,1.0547147,-5.656161290323819e-05,-4.6414128022758254e-05
batch1,11,228.0,788.0,1.0546286,1.0546286,1.0546286,1.0547147,-5.6074354838715714e-05,-4.6485906116644885e-05
batch1,11,229.0,788.0,1.0546325,1.0546325,1.0546325,1.0547147,-5.399866935483986e-05,-4.6763371266001415e-05
batch1,11,230.0,788.0,1.0546463,1.0546463,1.0546463,1.0547011,-5.107322580646248e-05,-4.689997155049721e-05
batch1,11,231.0,788.0,1.054635,1.054635,1.054635,1.0546463,-4.786596774194418e-05,-4.69912119487895e-05
batch1,11,232.0,788.0,1.0547011,1.0547011,1.0547011,1.054635,-4.553802419354292e-05,-4.697399431009955e-05
batch1,11,233.0,788.0,1.0548093,1.0548093,1.0548093,1.0546325,-4.361588709677572e-05,-4.701110953057951e-05
batch1,11,234.0,788.0,1.0547936,1.0547936,1.0547936,1.0546325,-4.1954677419357485e-05,-4.698816500710955e-05
batch1,11,235.0,788.0,1.0546045,1.0546045,1.0546045,1.0546045,-4.084451612903464e-05,-4.697889331436769e-05
batch1,11,236.0,788.0,1.0543847,1.0543847,1.0543847,1.0543847,-4.140524193548077e-05,-4.697082788051245e-05
batch1,11,237.0,788.0,1.0542611,1.0542611,1.0542611,1.0543847,-4.2807862903223605e-05,-4.7128423897577637e-05
batch1,11,238.0,788.0,1.0541687,1.0541687,1.0541687,1.0543637,-4.451879032257872e-05,-4.7522742532006595e-05
batch1,11,239.0,788.0,1.0541649,1.0541649,1.0541649,1.0543189,-4.634500000000112e-05,-4.799169274537468e-05
batch1,11,240.0,788.0,1.0542574,1.0542574,1.0542574,1.0542983,-4.818649193547547e-05,-4.846069416785364e-05
batch1,11,241.0,788.0,1.0543637,1.0543637,1.0543637,1.0542611,-5.008967741935304e-05,-4.893573826458341e-05
batch1,11,242.0,788.0,1.0544047,1.0544047,1.0544047,1.0542574,-5.1715524193543595e-05,-4.934701849217375e-05
batch1,11,243.0,788.0,1.0543189,1.0543189,1.0543189,1.0542499,-5.332935483870412e-05,-4.9625217638689534e-05
batch1,11,244.0,788.0,1.0542983,1.0542983,1.0542983,1.0542499,-5.4862782258059196e-05,-4.9729368421054614e-05
batch1,11,245.0,788.0,1.0542499,1.0542499,1.0542499,1.0542499,-5.512741935483935e-05,-4.985653200569091e-05
batch1,11,246.0,788.0,1.0541567,1.0541567,1.0541567,1.0541567,-5.4363830645153966e-05,-5.010223613086527e-05
batch1,11,247.0,788.0,1.0539122,1.0539122,1.0539122,1.0539122,-5.410516129032958e-05,-5.04398492176369e-05
batch1,11,248.0,788.0,1.0537807,1.0537807,1.0537807,1.0537807,-5.395983870967383e-05,-5.0874790896162575e-05
batch1,11,249.0,788.0,1.0537117,1.0537117,1.0537117,1.0537117,-5.35821370967754e-05,-5.13630298719753e-05
batch1,11,250.0,788.0,1.0536506,1.0536506,1.0536506,1.0536506,-5.284701612902867e-05,-5.153539118065551e-05
batch1,11,251.0,788.0,1.0535825,1.0535825,1.0535825,1.0535825,-5.3883991935481486e-05,-5.1356196301567545e-05
batch1,11,252.0,788.0,1.0535216,1.0535216,1.0535216,1.0535216,-5.4078548387097044e-05,-5.100838975818023e-05
batch1,11,253.0,788.0,1.0534616,1.0534616,1.0534616,1.0534616,-5.385278225805876e-05,-5.070079089616176e-05
batch1,11,254.0,788.0,1.0533801,1.0533801,1.0533801,1.0533801,-5.3416411290326684e-05,-5.035506401137687e-05
batch1,11,255.0,788.0,1.0533315,1.0533315,1.0533315,1.0533668,-5.310233870968137e-05,-4.999297866287132e-05
batch1,11,256.0,788.0,1.053303,1.053303,1.053303,1.0533668,-5.1521129032265575e-05,-4.976030725462357e-05
batch1,11,257.0,788.0,1.0532929,1.0532929,1.0532929,1.0533315,-4.9026854838716125e-05,-4.956351635846589e-05
batch1,11,258.0,788.0,1.0532457,1.0532457,1.0532457,1.053303,-4.604431451611882e-05,-4.9615635846372176e-05
batch1,11,259.0,788.0,1.0532529,1.0532529,1.0532529,1.0532929,-4.3826532258071876e-05,-4.961382076813705e-05
batch1,11,260.0,788.0,1.0533668,1.0533668,1.0533668,1.0532857,-4.26226209677453e-05,-4.956351351351542e-05
batch1,11,261.0,788.0,1.0534377,1.0534377,1.0534377,1.0532529,-4.1437822580646925e-05,-4.942006258890361e-05
batch1,11,262.0,788.0,1.0532857,1.0532857,1.0532857,1.0532457,-4.053366935484621e-05,-4.926281081081045e-05
batch1,11,263.0,788.0,1.0531065,1.0531065,1.0531065,1.0531065,-4.090104838709567e-05,-4.912069416785623e-05
batch1,11,264.0,788.0,1.0529232,1.0529232,1.0529232,1.0530492,-4.180592741936389e-05,-4.8987126600284235e-05
batch1,11,265.0,788.0,1.0528733,1.0528733,1.0528733,1.0529999,-4.301245967742018e-05,-4.909600853485138e-05
batch1,11,266.0,788.0,1.052654,1.052654,1.052654,1.0529888,-4.415814516129911e-05,-4.946587482218922e-05
batch1,11,267.0,788.0,1.0528977,1.0528977,1.0528977,1.0529584,-4.568221774193426e-05,-4.975794594594552e-05
batch1,11,268.0,788.0,1.0529999,1.0529999,1.0529999,1.0529418,-4.7364153225807784e-05,-4.999703271692634e-05
batch1,11,269.0,788.0,1.0530492,1.0530492,1.0530492,1.0529232,-4.9049677419355e-05,-5.0234623044097116e-05
batch1,11,270.0,788.0,1.0529584,1.0529584,1.0529584,1.0528977,-5.103907258064475e-05,-5.032212802275768e-05
batch1,11,271.0,788.0,1.0529888,1.0529888,1.0529888,1.0528977,-5.316092741935923e-05,-5.029671977240362e-05
batch1,11,272.0,788.0,1.0529418,1.0529418,1.0529418,1.0528977,-5.454088709676665e-05,-5.031857752489103e-05
batch1,11,273.0,788.0,1.052884,1.052884,1.052884,1.052884,-5.5147620967737455e-05,-5.040741109530423e-05
batch1,11,274.0,788.0,1.0527477,1.0527477,1.0527477,1.0527477,-5.568625000000199e-05,-5.0697504978664095e-05
batch1,11,275.0,788.0,1.0524973,1.0524973,1.0524973,1.0524973,-5.6692943548378195e-05,-5.1084568990042976e-05
batch1,11,276.0,788.0,1.0524257,1.0524257,1.0524257,1.0524257,-5.670350806451083e-05,-5.150775533428336e-05
batch1,11,277.0,788.0,1.0523571,1.0523571,1.0523571,1.0523571,-5.576580645161634e-05,-5.192289046941458e-05
batch1,11,278.0,788.0,1.0522877,1.0522877,1.0522877,1.0522877,-5.585657258064287e-05,-5.232433570412512e-05
batch1,11,279.0,788.0,1.0522308,1.0522308,1.0522308,1.0522308,-5.631423387096301e-05,-5.241101564722667e-05
batch1,11,280.0,788.0,1.0521512,1.0521512,1.0521512,1.0521512,-5.743641129032026e-05,-5.266660028449728e-05
batch1,11,281.0,788.0,1.0521224,1.0521224,1.0521224,1.0521224,-5.74905645161306e-05,-5.2629180654338033e-05
batch1,11,282.0,788.0,1.0520306,1.0520306,1.0520306,1.0520306,-5.817665322580528e-05,-5.248027596017148e-05
batch1,11,283.0,788.0,1.051966,1.051966,1.051966,1.051966,-5.6656774193556087e-05,-5.233048079658763e-05
batch1,11,284.0,788.0,1.0519257,1.0519257,1.0519257,1.0519257,-5.4090685483868506e-05,-5.228551351351546e-05
batch1,11,285.0,788.0,1.05186,1.05186,1.05186,1.0518798,-5.077125000000131e-05,-5.238215362731371e-05
batch1,11,286.0,788.0,1.0517886,1.0517886,1.0517886,1.05186,-4.7765685483873265e-05,-5.249179516358284e-05
batch1,11,287.0,788.0,1.0518388,1.0518388,1.0518388,1.0518472,-4.562592741935722e-05,-5.259399715505052e-05
batch1,11,288.0,788.0,1.0518798,1.0518798,1.0518798,1.0518388,-4.462161290321721e-05,-5.267198577524787e-05
batch1,11,289.0,788.0,1.0518472,1.0518472,1.0518472,1.0517886,-4.3379112903221195e-05,-5.273996870555e-05
batch1,11,290.0,788.0,1.0516689,1.0516689,1.0516689,1.0516689,-4.2626169354841194e-05,-5.3386540540539405e-05
batch1,11,291.0,788.0,1.0516065,1.0516065,1.0516065,1.0516065,-4.328104838708658e-05,-5.3450924608820874e-05
batch1,11,292.0,788.0,1.0515703,1.0515703,1.0515703,1.0515909,-4.3895282258062516e-05,-5.3919371266005166e-05
batch1,11,293.0,788.0,1.0514379,1.0514379,1.0514379,1.0515909,-4.495754032258773e-05,-5.433180938833457e-05
batch1,11,294.0,788.0,1.0514452,1.0514452,1.0514452,1.0515909,-4.664286290322511e-05,-5.484156187766407e-05
batch1,11,295.0,788.0,1.0514201,1.0514201,1.0514201,1.0515828,-4.789854838710006e-05,-5.518894167852147e-05
batch1,11,296.0,788.0,1.0515497,1.0515497,1.0515497,1.0515703,-4.9447782258061295e-05,-5.5543058321477225e-05
batch1,11,297.0,788.0,1.0515909,1.0515909,1.0515909,1.0515497,-5.093943548387745e-05,-5.582982645803691e-05
batch1,11,298.0,788.0,1.0516248,1.0516248,1.0516248,1.05153,-5.2598669354837975e-05,-5.592368136557817e-05
batch1,11,299.0,788.0,1.0516039,1.0516039,1.0516039,1.05153,-5.455810483871133e-05,-5.5901038406829047e-05
batch1,11,300.0,788.0,1.0515828,1.0515828,1.0515828,1.05153,-5.723040322580193e-05,-5.61636187766692e-05
batch1,11,301.0,788.0,1.05153,1.05153,1.05153,1.05153,-5.9121774193547356e-05,-5.6359143669986146e-05
batch1,11,302.0,788.0,1.0512592,1.0512592,1.0512592,1.0512592,-6.270495967743362e-05,-5.66977041251794e-05
batch1,11,303.0,788.0,1.0510063,1.0510063,1.0510063,1.0510063,-6.371346774193658e-05,-5.702900995732456e-05
batch1,11,304.0,788.0,1.0509783,1.0509783,1.0509783,1.0509783,-6.367883064515811e-05,-5.7203533428163594e-05
batch1,11,305.0,788.0,1.0509157,1.0509157,1.0509157,1.0509157,-6.352193548387567e-05,-5.658366998577527e-05
batch1,11,306.0,788.0,1.0508279,1.0508279,1.0508279,1.0508279,-6.450221774195085e-05,-5.5539706970129206e-05
batch1,11,307.0,788.0,1.0507997,1.0507997,1.0507997,1.0507997,-6.517197580645824e-05,-5.4356005689899906e-05
batch1,11,308.0,788.0,1.0506904,1.0506904,1.0506904,1.0506904,-6.531096774193805e-05,-5.371180085348149e-05
batch1,11,309.0,788.0,1.0505503,1.0505503,1.0505503,1.0505662,-6.580741935484112e-05,-5.263572972973095e-05
batch1,11,310.0,788.0,1.0505662,1.0505662,1.0505662,1.0505503,-6.574875000000112e-05,-5.14922844950207e-05
batch1,11,311.0,788.0,1.0504916,1.0504916,1.0504916,1.0504916,-6.536528225806579e-05,-5.033318065433677e-05
batch1,11,312.0,788.0,1.0504212,1.0504212,1.0504212,1.0504212,-6.707955645161216e-05,-4.906343954480778e-05
batch1,11,313.0,788.0,1.050378,1.050378,1.050378,1.050378,-6.459479838709444e-05,-4.817779800853731e-05
batch1,11,314.0,788.0,1.0502871,1.0502871,1.0502871,1.0502871,-6.358516129031927e-05,-4.6823775248932035e-05
batch1,11,315.0,788.0,1.0501003,1.0501003,1.0501003,1.0501778,-6.184237903226553e-05,-4.53341394025641e-05
batch1,11,316.0,788.0,1.0501778,1.0501778,1.0501778,1.050119,-6.037306451613419e-05,-4.4087726884780875e-05
batch1,11,317.0,788.0,1.0498621,1.0498621,1.0498621,1.0501058,-5.7967137096777936e-05,-4.277527169274574e-05
batch1,11,318.0,788.0,1.0501058,1.0501058,1.0501058,1.0501003,-5.680504032258188e-05,-4.1370028449501685e-05
batch1,11,319.0,788.0,1.050119,1.050119,1.050119,1.0500566,-5.6769153225807386e-05,-4.016496159317173e-05
batch1,11,320.0,788.0,1.0500566,1.0500566,1.0500566,1.0499574,-5.644048387097277e-05,-3.9159778093884404e-05
batch1,11,321.0,788.0,1.0499394,1.0499394,1.0499394,1.049942,-5.6233588709672627e-05,-3.8472796586057805e-05
batch1,11,322.0,788.0,1.049942,1.049942,1.049942,1.0499394,-5.725314516128855e-05,-3.8527388335704934e-05
batch1,11,323.0,788.0,1.0499574,1.0499574,1.0499574,1.0499394,-5.687608870967003e-05,-3.8408890469416474e-05
batch1,11,324.0,788.0,1.049932,1.049932,1.049932,1.049932,-5.681987903225821e-05,-3.8581519203414476e-05
batch1,11,325.0,788.0,1.0499156,1.0499156,1.0499156,1.0499156,-5.724802419355291e-05,-3.8447704125179915e-05
batch1,11,326.0,788.0,1.0498941,1.0498941,1.0498941,1.0498941,-5.527870967741828e-05,-3.830646088193648e-05
batch1,11,327.0,788.0,1.0493073,1.0493073,1.0493073,1.0498081,-5.072951612902911e-05,-3.835158179232023e-05
batch1,11,328.0,788.0,1.0498081,1.0498081,1.0498081,1.0494092,-4.49898387096691e-05,-3.8307052631579546e-05
batch1,11,329.0,788.0,1.0494092,1.0494092,1.0494092,1.049405,-3.9284072580644205e-05,-3.829259459459459e-05
batch1,11,330.0,788.0,1.049405,1.049405,1.049405,1.0493073,-3.6976411290321495e-05,-3.8945985775248276e-05
batch1,11,331.0,788.0,1.0492357,1.0492357,1.0492357,1.0492904,-3.375665322580482e-05,-3.948837553342387e-05
batch1,11,332.0,788.0,1.0492904,1.0492904,1.0492904,1.0492357,-2.9680000000000285e-05,-3.989924608819213e-05
batch1,11,333.0,788.0,1.0492243,1.0492243,1.0492243,1.0492243,-2.747850806452587e-05,-4.02806258890443e-05
batch1,11,334.0,788.0,1.0491722,1.0491722,1.0491722,1.0491722,-2.262306451612877e-05,-3.9997812233285726e-05
batch1,11,335.0,788.0,1.0491282,1.0491282,1.0491282,1.0491282,-1.865084677418467e-05,-3.997407681365486e-05
batch1,11,336.0,788.0,1.0490515,1.0490515,1.0490515,1.049099,-1.216963709677079e-05,-3.9708733997154235e-05
batch1,11,337.0,788.0,1.0488181,1.0488181,1.0488181,1.049099,-5.581612903216942e-06,-3.9385550497865605e-05
batch1,11,338.0,788.0,1.0489451,1.0489451,1.0489451,1.049099,-3.5294354838998026e-07,-3.952476529160605e-05
batch1,11,339.0,788.0,1.048885,1.048885,1.048885,1.049099,5.364314516128946e-06,-3.9144722617351614e-05
batch1,11,340.0,788.0,1.048834,1.048834,1.048834,1.049099,1.1604354838722222e-05,-3.874672546230604e-05
batch1,11,341.0,788.0,1.049099,1.049099,1.049099,1.049099,1.640391129032858e-05,-3.85000227596037e-05
batch1,11,342.0,788.0,1.0495073,1.0495073,1.0495073,1.0491973,2.017407258064532e-05,-3.805272261735474e-05
batch1,11,343.0,788.0,1.0497136,1.0497136,1.0497136,1.049473,1.8463790322582012e-05,-3.780064864864732e-05
batch1,11,344.0,788.0,1.0497069,1.0497069,1.0497069,1.0494747,1.5552782258054414e-05,-3.756583214793826e-05
batch1,11,345.0,788.0,1.0491973,1.0491973,1.0491973,1.0494747,1.1435040322583344e-05,-3.721678520625619e-05
batch1,11,346.0,788.0,1.0494747,1.0494747,1.0494747,1.049492,5.841451612889385e-06,-3.6866935988619526e-05
batch1,11,347.0,788.0,1.049492,1.049492,1.049492,1.0495073,4.6459677419608555e-07,-3.7182694167854136e-05
batch1,11,348.0,788.0,1.049473,1.049473,1.049473,1.0496259,-5.023064516127311e-06,-3.7279135135136276e-05
batch1,11,349.0,788.0,1.0496259,1.0496259,1.0496259,1.0496259,-1.2011895161285032e-05,-3.7645257467995786e-05
batch1,11,350.0,788.0,1.0494338,1.0494338,1.0494338,1.0496259,-1.7884798387093118e-05,-3.822322617354181e-05
batch1,11,351.0,788.0,1.0498695,1.0498695,1.0498695,1.049714,-2.402959677420436e-05,-3.894435846372746e-05
batch1,11,352.0,788.0,1.0499997,1.0499997,1.0499997,1.049714,-3.447899193548007e-05,-4.0442381223328265e-05
batch1,11,353.0,788.0,1.0497762,1.0497762,1.0497762,1.049714,-4.5031250000004364e-05,-4.1327906116642926e-05
batch1,11,354.0,788.0,1.0498295,1.0498295,1.0498295,1.049714,-5.42155645161263e-05,-4.2719035561880286e-05
batch1,11,355.0,788.0,1.0499345,1.0499345,1.0499345,1.049714,-6.35779838709724e-05,-4.4080503556188776e-05
batch1,11,356.0,788.0,1.049714,1.049714,1.049714,1.049714,-7.038270161289928e-05,-4.522304978662906e-05
batch1,11,357.0,788.0,1.0495533,1.0495533,1.0495533,1.0495533,-7.74838306451604e-05,-4.617801137979967e-05
batch1,11,358.0,788.0,1.0492504,1.0492504,1.0492504,1.0492504,-8.084278225805549e-05,-4.706394310099953e-05
batch1,11,359.0,788.0,1.0485139,1.0485139,1.0485139,1.0486536,-8.234060483870981e-05,-4.8350628733998475e-05
batch1,11,360.0,788.0,1.0486536,1.0486536,1.0486536,1.0485139,-8.624633064516022e-05,-4.911657183499212e-05
batch1,11,361.0,788.0,1.0483637,1.0483637,1.0483637,1.0485107,-8.984116935484433e-05,-4.957291607396996e-05
batch1,11,362.0,788.0,1.0485107,1.0485107,1.0485107,1.0483857,-8.987391129032891e-05,-5.006333428164872e-05
batch1,11,363.0,788.0,1.0483857,1.0483857,1.0483857,1.0483637,-8.89958870967761e-05,-5.1078850640116384e-05
batch1,11,364.0,788.0,1.0481477,1.0481477,1.0481477,1.048316,-8.677379032258147e-05,-5.176356756756734e-05
batch1,11,365.0,788.0,1.048316,1.048316,1.048316,1.0482609,-8.419342741934674e-05,-5.34693598862062e-05
batch1,11,366.0,788.0,1.0482609,1.0482609,1.0482609,1.0481477,-8.218129032258591e-05,-5.460911806543998e-05
batch1,11,367.0,788.0,1.0475732,1.0475732,1.0475732,1.0480731,-7.636241935483117e-05,-5.6498742532004924e-05
batch1,11,368.0,788.0,1.0477066,1.0477066,1.0477066,1.04778,-6.868879032258308e-05,-5.7318022759602724e-05
batch1,11,369.0,788.0,1.0477232,1.0477232,1.0477232,1.0477525,-6.501782258064609e-05,-5.827519487908866e-05
batch1,11,370.0,788.0,1.0476764,1.0476764,1.0476764,1.0477232,-5.9379959677416373e-05,-5.9096566145090984e-05
batch1,11,371.0,788.0,1.0480731,1.0480731,1.0480731,1.0477066,-5.369548387096207e-05,-5.9905348506402444e-05
batch1,11,372.0,788.0,1.0476907,1.0476907,1.0476907,1.0477066,-4.9640241935481285e-05,-6.038397155049636e-05
batch1,11,373.0,788.0,1.04778,1.04778,1.04778,1.0477232,-4.662766129031469e-05,-6.112242674253721e-05
batch1,11,374.0,788.0,1.0477525,1.0477525,1.0477525,1.0477525,-4.893346774192702e-05,-6.179738833570511e-05
batch1,11,375.0,788.0,1.0472308,1.0472308,1.0472308,1.04778,-5.0705241935488865e-05,-6.297854907539282e-05
batch1,11,376.0,788.0,1.0476607,1.0476607,1.0476607,1.0477983,-5.4780725806457674e-05,-6.427631009957341e-05
batch1,11,377.0,788.0,1.0478513,1.0478513,1.0478513,1.0477983,-5.821330645160644e-05,-6.548537411095439e-05
batch1,11,378.0,788.0,1.0478752,1.0478752,1.0478752,1.0478085,-6.0694556451617916e-05,-6.734147937411258e-05
batch1,11,379.0,788.0,1.0480099,1.0480099,1.0480099,1.0478085,-6.267463709677837e-05,-6.849456614509192e-05
batch1,11,380.0,788.0,1.0478085,1.0478085,1.0478085,1.0478085,-6.516040322580281e-05,-6.919707254623526e-05
batch1,11,381.0,788.0,1.0477983,1.0477983,1.0477983,1.0478085,-6.79808467741871e-05,-6.958397439545022e-05
batch1,11,382.0,788.0,1.0478539,1.0478539,1.0478539,1.0478085,-6.785213709677722e-05,-7.03831123755324e-05
batch1,11,383.0,788.0,1.0478873,1.0478873,1.0478873,1.0477983,-7.026233870968377e-05,-7.151994310099558e-05
batch1,11,384.0,788.0,1.0473231,1.0473231,1.0473231,1.0474279,-7.195774193548591e-05,-7.228405689900558e-05
batch1,11,385.0,788.0,1.0474279,1.0474279,1.0474279,1.0473231,-7.648669354838101e-05,-7.289950213371167e-05
batch1,11,386.0,788.0,1.0471635,1.0471635,1.0471635,1.0471635,-7.916008064517516e-05,-7.328653485063647e-05
batch1,11,387.0,788.0,1.0469446,1.0469446,1.0469446,1.0469446,-8.144165322580764e-05,-7.365707539117798e-05
batch1,11,388.0,788.0,1.046759,1.046759,1.046759,1.046759,-8.562479838710283e-05,-7.405356187766532e-05
batch1,11,389.0,788.0,1.0460165,1.0460165,1.0460165,1.0466748,-9.085536290322682e-05,-7.404011664295895e-05
batch1,11,390.0,788.0,1.0466748,1.0466748,1.0466748,1.0462624,-8.967737903225961e-05,-7.327831009957475e-05
batch1,11,391.0,788.0,1.0460223,1.0460223,1.0460223,1.046203,-9.14225403225813e-05,-7.276430156472053e-05
batch1,11,392.0,788.0,1.0462624,1.0462624,1.0462624,1.046203,-8.994032258064679e-05,-7.251705547652718e-05
batch1,11,393.0,788.0,1.0461228,1.0461228,1.0461228,1.046203,-8.656302419354642e-05,-7.241972119487918e-05
batch1,11,394.0,788.0,1.0461798,1.0461798,1.0461798,1.046203,-8.053713709677576e-05,-7.224206258890654e-05
batch1,11,395.0,788.0,1.046203,1.046203,1.046203,1.046203,-7.463572580645012e-05,-7.213431294452309e-05
batch1,11,396.0,788.0,1.0458385,1.0458385,1.0458385,1.0461798,-6.883612903225953e-05,-7.18240455192009e-05
batch1,11,397.0,788.0,1.0462197,1.0462197,1.0462197,1.0461798,-6.428504032257666e-05,-7.216685633002042e-05
batch1,11,398.0,788.0,1.0463974,1.0463974,1.0463974,1.0461228,-6.0445201612905835e-05,-7.262828733997009e-05
batch1,11,399.0,788.0,1.0462949,1.0462949,1.0462949,1.0459374,-5.503685483871034e-05,-7.317412802275699e-05
batch1,11,400.0,788.0,1.0457146,1.0457146,1.0457146,1.0458612,-5.618665322581065e-05,-7.332280512091089e-05
batch1,11,401.0,788.0,1.0459374,1.0459374,1.0459374,1.0458385,-5.3844435483869385e-05,-7.406437553342836e-05
batch1,11,402.0,788.0,1.0454631,1.0454631,1.0454631,1.0458083,-5.2800846774185576e-05,-7.461493598862069e-05
batch1,11,403.0,788.0,1.0453826,1.0453826,1.0453826,1.0457885,-5.243076612902635e-05,-7.508947937410958e-05
batch1,11,404.0,788.0,1.0449603,1.0449603,1.0449603,1.0457885,-5.54903225806359e-05,-7.552718634423788e-05
batch1,11,405.0,788.0,1.0458612,1.0458612,1.0458612,1.0457737,-6.196891129032567e-05,-7.641080796586127e-05
batch1,11,406.0,788.0,1.0458083,1.0458083,1.0458083,1.0457885,-6.386443548387004e-05,-7.704495590327525e-05
batch1,11,407.0,788.0,1.0457885,1.0457885,1.0457885,1.0457737,-6.906939516128818e-05,-7.810794310099713e-05
batch1,11,408.0,788.0,1.0457737,1.0457737,1.0457737,1.0457737,-7.140225806450903e-05,-7.887273399715358e-05
batch1,11,409.0,788.0,1.0460476,1.0460476,1.0460476,1.0457737,-7.552008064515446e-05,-7.92153655761026e-05
batch1,11,410.0,788.0,1.0457615,1.0457615,1.0457615,1.0457737,-7.826842741935154e-05,-8.046692176387088e-05
batch1,11,411.0,788.0,1.0458096,1.0458096,1.0458096,1.0457615,-8.121060483871586e-05,-8.097911806543457e-05
batch1,11,412.0,788.0,1.0454808,1.0454808,1.0454808,1.0454808,-8.301786290322313e-05,-8.152967283072363e-05
batch1,11,413.0,788.0,1.0451494,1.0451494,1.0451494,1.0451928,-8.267282258064491e-05,-8.252145092460753e-05
batch1,11,414.0,788.0,1.0451928,1.0451928,1.0451928,1.0451494,-8.308713709678066e-05,-8.296063726884862e-05
batch1,11,415.0,788.0,1.0445307,1.0445307,1.0445307,1.0448101,-8.554383064516164e-05,-8.351669985775242e-05
batch1,11,416.0,788.0,1.0448101,1.0448101,1.0448101,1.0447029,-8.973810483870324e-05,-8.418047226173613e-05
batch1,11,417.0,788.0,1.0447029,1.0447029,1.0447029,1.044661,-9.194951612903607e-05,-8.444961593172246e-05
batch1,11,418.0,788.0,1.044661,1.044661,1.044661,1.0445307,-9.409213709677358e-05,-8.43828079658612e-05
batch1,11,419.0,788.0,1.0441397,1.0441397,1.0441397,1.0441955,-9.60688709677388e-05,-8.433029587482219e-05
batch1,11,420.0,788.0,1.0441918,1.0441918,1.0441918,1.0441918,-0.00010236383064515597,-8.428276244665847e-05
batch1,11,421.0,788.0,1.0441257,1.0441257,1.0441257,1.0441397,-0.0001016738306451495,-8.385898435277833e-05
batch1,11,422.0,788.0,1.0441046,1.0441046,1.0441046,1.044134,-9.970439516129828e-05,-8.45987254623058e-05
batch1,11,423.0,788.0,1.0441955,1.0441955,1.0441955,1.0441257,-0.00010030673387097091,-8.493842958748285e-05
batch1,11,424.0,788.0,1.0439115,1.0439115,1.0439115,1.0441046,-9.809116935483261e-05,-8.517406258890518e-05
batch1,11,425.0,788.0,1.0439297,1.0439297,1.0439297,1.0439696,-9.441149193547794e-05,-8.513327738264891e-05
batch1,11,426.0,788.0,1.0437229,1.0437229,1.0437229,1.0439297,-9.15768145161198e-05,-8.532139687055511e-05
batch1,11,427.0,788.0,1.044134,1.044134,1.044134,1.0439115,-8.636677419355022e-05,-8.625420483641293e-05
batch1,11,428.0,788.0,1.0439696,1.0439696,1.0439696,1.0437229,-8.221697580644953e-05,-8.605996017069459e-05
batch1,11,429.0,788.0,1.0435045,1.0435045,1.0435045,1.0435045,-8.246302419354808e-05,-8.689646372688727e-05
batch1,11,430.0,788.0,1.0430833,1.0430833,1.0430833,1.0434532,-8.011745967742455e-05,-8.771189189189165e-05
batch1,11,431.0,788.0,1.0432009,1.0432009,1.0432009,1.0434325,-8.179250000000056e-05,-8.823034423897444e-05
batch1,11,432.0,788.0,1.0431235,1.0431235,1.0431235,1.0432009,-8.451806451612788e-05,-8.897713798008505e-05
batch1,11,433.0,788.0,1.0434532,1.0434532,1.0434532,1.043189,-8.392100806452806e-05,-8.929586059744043e-05
batch1,11,434.0,788.0,1.0434325,1.0434325,1.0434325,1.0431235,-8.348741935483487e-05,-8.992284779516386e-05
batch1,11,435.0,788.0,1.043039,1.043039,1.043039,1.0431048,-8.552782258063483e-05,-9.051405405405372e-05
batch1,11,436.0,788.0,1.0431048,1.0431048,1.0431048,1.0431048,-8.665786290323236e-05,-9.088221052631553e-05
batch1,11,437.0,788.0,1.043189,1.043189,1.043189,1.043039,-9.003407258064183e-05,-9.110444096728173e-05
batch1,11,438.0,788.0,1.0426103,1.0426103,1.0426103,1.0428801,-9.422342741935899e-05,-9.196888762446705e-05
batch1,11,439.0,788.0,1.0428801,1.0428801,1.0428801,1.0427042,-9.624415322581196e-05,-9.233899004267348e-05
batch1,11,440.0,788.0,1.0426371,1.0426371,1.0426371,1.0426726,-9.67612096774138e-05,-9.282608819345584e-05
batch1,11,441.0,788.0,1.0425752,1.0425752,1.0425752,1.0426371,-9.718709677419244e-05,-9.337782930298647e-05
batch1,11,442.0,788.0,1.0427042,1.0427042,1.0427042,1.0426103,-9.927661290323134e-05,-9.477253200568882e-05
batch1,11,443.0,788.0,1.0426726,1.0426726,1.0426726,1.0425752,-9.674919354839445e-05,-9.588893029871965e-05
batch1,11,444.0,788.0,1.0421121,1.0421121,1.0421121,1.0422918,-9.832483870967683e-05,-9.643929160739947e-05
batch1,11,445.0,788.0,1.0422918,1.0422918,1.0422918,1.0421399,-0.00010091846774193847,-9.61953598862026e-05
batch1,11,446.0,788.0,1.0421399,1.0421399,1.0421399,1.0421121,-0.00010387842741935755,-9.635079374111203e-05
batch1,11,447.0,788.0,1.0415088,1.0415088,1.0415088,1.0419524,-0.0001031906048387152,-9.601497866287481e-05
batch1,11,448.0,788.0,1.0419524,1.0419524,1.0419524,1.0417867,-0.00010321427419354717,-9.654224182076908e-05
batch1,11,449.0,788.0,1.0417867,1.0417867,1.0417867,1.0417421,-0.00010078225806451575,-9.672188335704082e-05
batch1,11,450.0,788.0,1.0417421,1.0417421,1.0417421,1.0416772,-9.582120967742354e-05,-9.730421906116479e-05
batch1,11,451.0,788.0,1.0416772,1.0416772,1.0416772,1.0415088,-9.516762096774515e-05,-9.720658890469392e-05
batch1,11,452.0,788.0,1.0412087,1.0412087,1.0412087,1.0412856,-9.529907258064234e-05,-9.726189473684301e-05
batch1,11,453.0,788.0,1.0409023,1.0409023,1.0409023,1.0412087,-9.207443548387872e-05,-9.742701564722812e-05
batch1,11,454.0,788.0,1.0409504,1.0409504,1.0409504,1.0411062,-9.401455645162226e-05,-9.773549644381218e-05
batch1,11,455.0,788.0,1.0412856,1.0412856,1.0412856,1.0409977,-9.180185483871435e-05,-9.833225889046914e-05
batch1,11,456.0,788.0,1.0411062,1.0411062,1.0411062,1.0409504,-9.051262096774062e-05,-9.734506970128136e-05
batch1,11,457.0,788.0,1.0408635,1.0408635,1.0408635,1.0409023,-9.165141129033272e-05,-9.736877667140934e-05
batch1,11,458.0,788.0,1.0409977,1.0409977,1.0409977,1.0408635,-9.160951612904357e-05,-9.764748506401369e-05
batch1,11,459.0,788.0,1.0402856,1.0402856,1.0402856,1.040856,-9.006540322581804e-05,-9.800017638691366e-05
batch1,11,460.0,788.0,1.0403678,1.0403678,1.0403678,1.040802,-9.199991935483866e-05,-9.879418207681607e-05
batch1,11,461.0,788.0,1.0405474,1.0405474,1.0405474,1.0406646,-9.117794354838016e-05,-9.875125746799452e-05
batch1,11,462.0,788.0,1.040856,1.040856,1.040856,1.040555,-8.889991935483509e-05,-9.995308392603016e-05
batch1,11,463.0,788.0,1.0406646,1.0406646,1.0406646,1.0405474,-9.043262096775122e-05,-0.00010095732859174969
batch1,11,464.0,788.0,1.040555,1.040555,1.040555,1.0403678,-9.139810483871515e-05,-0.00010200001706970014
batch1,11,465.0,788.0,1.040802,1.040802,1.040802,1.0403678,-9.712798387096924e-05,-0.00010203542532005612
batch1,11,466.0,788.0,1.0403342,1.0403342,1.0403342,1.0403342,-9.927749999999841e-05,-0.00010307211664295897
batch1,11,467.0,788.0,1.0399539,1.0399539,1.0399539,1.0402089,-9.697080645162879e-05,-0.00010430556472261985
batch1,11,468.0,788.0,1.0402089,1.0402089,1.0402089,1.0399833,-9.98608870967703e-05,-0.0001074270412517783
batch1,11,469.0,788.0,1.0397736,1.0397736,1.0397736,1.0399539,-0.00010363145161290877,-0.00011167642105263371
batch1,11,470.0,788.0,1.0399833,1.0399833,1.0399833,1.0398967,-0.00011046237903225297,-0.00011320282219061226
batch1,11,471.0,788.0,1.0398967,1.0398967,1.0398967,1.0397736,-0.00011337750000000312,-0.00011497540540540558
batch1,11,472.0,788.0,1.0393786,1.0393786,1.0393786,1.0393786,-0.00011755298387096724,-0.00011642198577524686
batch1,11,473.0,788.0,1.0392231,1.0392231,1.0392231,1.0393224,-0.00011711411290321948,-0.00011816339402560743
batch1,11,474.0,788.0,1.0392731,1.0392731,1.0392731,1.0392731,-0.00011697000000000779,-0.00011941747083926153
batch1,11,475.0,788.0,1.0390692,1.0390692,1.0390692,1.0392231,-0.00011781149193549168,-0.00012096418776671365
batch1,11,476.0,788.0,1.0391304,1.0391304,1.0391304,1.0391777,-0.00012082306451611931,-0.0001229550270270264
batch1,11,477.0,788.0,1.0393224,1.0393224,1.0393224,1.0391304,-0.00012367616935483183,-0.0001236384893314395
batch1,11,478.0,788.0,1.0391777,1.0391777,1.0391777,1.0390692,-0.00011500903225806111,-0.00012511626458036796
batch1,11,479.0,788.0,1.0386429,1.0386429,1.0386429,1.0387547,-0.00011016939516128749,-0.00012682172403982804
batch1,11,480.0,788.0,1.0378113,1.0378113,1.0378113,1.0386429,-0.00010769725806451154,-0.00012804759886201952
batch1,11,481.0,788.0,1.0381858,1.0381858,1.0381858,1.0382004,-0.0001034580645161211,-0.00012907182645803403
batch1,11,482.0,788.0,1.0387547,1.0387547,1.0387547,1.0381858,-0.00010429794354839386,-0.00012965167283072513
batch1,11,483.0,788.0,1.0382004,1.0382004,1.0382004,1.0381811,-0.0001030477016128994,-0.00013066208534850794
batch1,11,484.0,788.0,1.0381811,1.0381811,1.0381811,1.0379922,-0.00010552834677419708,-0.00013133547652916026
batch1,11,485.0,788.0,1.0374424,1.0374424,1.0374424,1.0379796,-0.00010937366935483428,-0.00013280912944523495
batch1,11,486.0,788.0,1.0374984,1.0374984,1.0374984,1.0379796,-0.00011054818548386048,-0.00013318813940255988
batch1,11,487.0,788.0,1.0372289,1.0372289,1.0372289,1.0376089,-0.00010866475806451446,-0.0001338277951635856
batch1,11,488.0,788.0,1.0379922,1.0379922,1.0379922,1.0376089,-0.00011465270161290892,-0.00013445724324324325
batch1,11,489.0,788.0,1.0376089,1.0376089,1.0376089,1.0376089,-0.0001196247580645118,-0.00013528207681365577
batch1,11,490.0,788.0,1.0379796,1.0379796,1.0379796,1.0374984,-0.00013224512096773674,-0.00013688586913228803
batch1,11,491.0,788.0,1.0373794,1.0373794,1.0373794,1.0374984,-0.00015266209677418716,-0.0001384243100995739
batch1,11,492.0,788.0,1.0370148,1.0370148,1.0370148,1.0373794,-0.0001555813306451577,-0.0001401318862019919
batch1,11,493.0,788.0,1.0383548,1.0383548,1.0383548,1.0373794,-0.00016027903225805442,-0.00014112980369843683
batch1,11,494.0,788.0,1.0377594,1.0377594,1.0377594,1.0372912,-0.00016324673387097265,-0.0001429077183499303
batch1,11,495.0,788.0,1.0372912,1.0372912,1.0372912,1.0371023,-0.00016832411290320642,-0.00014445870270270072
batch1,11,496.0,788.0,1.0371023,1.0371023,1.0371023,1.0370148,-0.00017590358870967643,-0.00014634145661450752
batch1,11,497.0,788.0,1.0365149,1.0365149,1.0365149,1.0370115,-0.00018318008064515287,-0.0001482536984352761
batch1,11,498.0,788.0,1.0370115,1.0370115,1.0370115,1.0365149,-0.00018536717741935978,-0.0001495936187766714
batch1,11,499.0,788.0,1.0359265,1.0359265,1.0359265,1.0361596,-0.00018457068548386168,-0.00015050138833570372
batch1,11,500.0,788.0,1.0358797,1.0358797,1.0358797,1.0359265,-0.0001866671774193555,-0.00015118347652916
batch1,11,501.0,788.0,1.035838,1.035838,1.035838,1.0358797,-0.00019395532258065,-0.00015167694736842015
batch1,11,502.0,788.0,1.0361596,1.0361596,1.0361596,1.035838,-0.00019861903225805658,-0.0001525531920341419
batch1,11,503.0,788.0,1.0351617,1.0351617,1.0351617,1.0352144,-0.000203369395161301,-0.0001524582503556195
batch1,11,504.0,788.0,1.0352144,1.0352144,1.0352144,1.0351617,-0.00019695544354838228,-0.00015319697012802105
batch1,11,505.0,788.0,1.0336293,1.0336293,1.0336293,1.03455,-0.00019617500000000256,-0.00015382285348506628
batch1,11,506.0,788.0,1.0321815,1.0321815,1.0321815,1.0338209,-0.00018967826612903058,-0.00015417834708392523
batch1,11,507.0,788.0,1.03455,1.03455,1.03455,1.0338144,-0.00018716399193548594,-0.000154963041251777
batch1,11,508.0,788.0,1.0337458,1.0337458,1.0337458,1.0337458,-0.00018295129032258283,-0.00015547048933143757
batch1,11,509.0,788.0,1.0338144,1.0338144,1.0338144,1.0337458,-0.00017034596774193346,-0.00015591273684210366
batch1,11,510.0,788.0,1.0336785,1.0336785,1.0336785,1.0336785,-0.00016038479838709723,-0.00015630004551920543
batch1,11,511.0,788.0,1.0338209,1.0338209,1.0338209,1.0336785,-0.00015348778225805822,-0.0001568638975817938
batch1,11,512.0,788.0,1.0332055,1.0332055,1.0332055,1.0336785,-0.00014878705645162012,-0.00015798978947368617
batch1,11,513.0,788.0,1.0331081,1.0331081,1.0331081,1.0332055,-0.00014488298387096965,-0.00015868727453769585
batch1,11,514.0,788.0,1.0338162,1.0338162,1.0338162,1.0332055,-0.00013854451612903797,-0.00015881320341394243
batch1,11,515.0,788.0,1.0330662,1.0330662,1.0330662,1.0331081,-0.00013640532258065002,-0.0001587445803698439
batch1,11,516.0,788.0,1.0326548,1.0326548,1.0326548,1.0330662,-0.00013763693548386649,-0.00015858395732574684
batch1,11,517.0,788.0,1.0327098,1.0327098,1.0327098,1.0327749,-0.00013581705645160843,-0.0001588618691322888
batch1,11,518.0,788.0,1.0326637,1.0326637,1.0326637,1.0327481,-0.00013417120967741886,-0.00016023229587482018
batch1,11,519.0,788.0,1.033391,1.033391,1.033391,1.0327098,-0.00013393391129032863,-0.00016164827596017102
batch1,11,520.0,788.0,1.0325617,1.0325617,1.0325617,1.0326637,-0.00013018411290322392,-0.00016203631863442674
batch1,11,521.0,788.0,1.0327749,1.0327749,1.0327749,1.0326548,-0.00013493451612903404,-0.00016260916358463648
batch1,11,522.0,788.0,1.0324097,1.0324097,1.0324097,1.0325617,-0.00014994387096773688,-0.00016345387766714093
batch1,11,523.0,788.0,1.0327481,1.0327481,1.0327481,1.0324219,-0.00014824024193547418,-0.00016500110668563514
batch1,11,524.0,788.0,1.0324219,1.0324219,1.0324219,1.0324097,-0.00015311592741935843,-0.00016625363869132218
batch1,11,525.0,788.0,1.0322243,1.0322243,1.0322243,1.0322243,-0.0001535513709677286,-0.00016766236699857732
batch1,11,526.0,788.0,1.0318481,1.0318481,1.0318481,1.0318481,-0.00015689649193548552,-0.0001683836870554789
batch1,11,527.0,788.0,1.0313236,1.0313236,1.0313236,1.0314332,-0.00015629229838709443,-0.00016904023613086494
batch1,11,528.0,788.0,1.0314332,1.0314332,1.0314332,1.0313236,-0.00015959560483871192,-0.00016917956472262057
batch1,11,529.0,788.0,1.0309672,1.0309672,1.0309672,1.0310273,-0.00016341552419355516,-0.00016974940825035514
batch1,11,530.0,788.0,1.0310273,1.0310273,1.0310273,1.0309672,-0.00016240733870967453,-0.00017063245234708222
batch1,11,531.0,788.0,1.0301933,1.0301933,1.0301933,1.0303632,-0.00016504443548387036,-0.00016961814509245906
batch1,11,532.0,788.0,1.0303632,1.0303632,1.0303632,1.0302043,-0.0001667704838709664,-0.0001695365803698422
batch1,11,533.0,788.0,1.0296264,1.0296264,1.0296264,1.0301933,-0.0001683049596774173,-0.00016978847795163596
batch1,11,534.0,788.0,1.0300224,1.0300224,1.0300224,1.0301557,-0.00017367201612903004,-0.00016963409388335814
batch1,11,535.0,788.0,1.0302043,1.0302043,1.0302043,1.0300224,-0.0001704290322580718,-0.00017014977809388197
batch1,11,536.0,788.0,1.0301557,1.0301557,1.0301557,1.0298485,-0.00016918685483871597,-0.00017073420768136437
batch1,11,537.0,788.0,1.0297723,1.0297723,1.0297723,1.0297723,-0.00016658403225807333,-0.0001718868278805101
batch1,11,538.0,788.0,1.0298485,1.0298485,1.0298485,1.02967,-0.00016471915322580175,-0.000172722523470843
batch1,11,539.0,788.0,1.0293051,1.0293051,1.0293051,1.02967,-0.00015978173387096547,-0.00017330774395448071
batch1,11,540.0,788.0,1.02967,1.02967,1.02967,1.0293051,-0.00015770540322580722,-0.0001735324665718353
batch1,11,541.0,788.0,1.0290576,1.0290576,1.0290576,1.0292506,-0.0001590144758064551,-0.0001744155817923185
batch1,11,542.0,788.0,1.0292506,1.0292506,1.0292506,1.0290576,-0.00015986721774193457,-0.00017543363584637264
batch1,11,543.0,788.0,1.0289563,1.0289563,1.0289563,1.0289563,-0.00016147157258065392,-0.00017777841536273034
batch1,11,544.0,788.0,1.0286915,1.0286915,1.0286915,1.0286915,-0.0001636934274193616,-0.00018152361593172164
batch1,11,545.0,788.0,1.02844,1.02844,1.02844,1.0285492,-0.00016806935483871017,-0.00018302346230440877
batch1,11,546.0,788.0,1.0282789,1.0282789,1.0282789,1.02844,-0.0001704191532258107,-0.00018577254907539218
batch1,11,547.0,788.0,1.0285492,1.0285492,1.0285492,1.0282789,-0.00017703983870968003,-0.00018823218776671462
batch1,11,548.0,788.0,1.0282485,1.0282485,1.0282485,1.0282485,-0.00018326641129032072,-0.00019128974395447957
batch1,11,549.0,788.0,1.0273666,1.0273666,1.0273666,1.027833,-0.00019134947580645348,-0.00019355731152204852
batch1,11,550.0,788.0,1.0276612,1.0276612,1.0276612,1.0276612,-0.00019632116935484615,-0.00019687076813656014
batch1,11,551.0,788.0,1.027833,1.027833,1.027833,1.0275153,-0.00019882084677419424,-0.00020018761024182192
batch1,11,552.0,788.0,1.0275153,1.0275153,1.0275153,1.0274322,-0.00020091540322579878,-0.00020249407965860803
batch1,11,553.0,788.0,1.0274322,1.0274322,1.0274322,1.0273666,-0.00020254520161289673,-0.00020528917780938998
batch1,11,554.0,788.0,1.0272474,1.0272474,1.0272474,1.0272474,-0.00020537564516128536,-0.0002082338890469422
batch1,11,555.0,788.0,1.0267556,1.0267556,1.0267556,1.0267556,-0.0002104642741935481,-0.0002114319886201985
batch1,11,556.0,788.0,1.0260289,1.0260289,1.0260289,1.0261441,-0.0002095243145161336,-0.00021450411379800934
batch1,11,557.0,788.0,1.0260926,1.0260926,1.0260926,1.0260926,-0.0002124396774193578,-0.00021603604267425488
batch1,11,558.0,788.0,1.0261441,1.0261441,1.0261441,1.0260289,-0.00021734661290322523,-0.0002183913968705546
batch1,11,559.0,788.0,1.0255798,1.0255798,1.0255798,1.0255798,-0.00022021169354839438,-0.00022014812802275606
batch1,11,560.0,788.0,1.0253305,1.0253305,1.0253305,1.0253305,-0.00022218979838709767,-0.00022198095874822205
batch1,11,561.0,788.0,1.0252256,1.0252256,1.0252256,1.0252256,-0.0002237024193548411,-0.00022377502418207895
batch1,11,562.0,788.0,1.0250223,1.0250223,1.0250223,1.0250223,-0.00022586395161289786,-0.0002255099231863457
batch1,11,563.0,788.0,1.0245615,1.0245615,1.0245615,1.0246537,-0.0002235804032258043,-0.00022751640967283177
batch1,11,564.0,788.0,1.0246537,1.0246537,1.0246537,1.0245615,-0.00022378411290322126,-0.000230061914651491
batch1,11,565.0,788.0,1.0244142,1.0244142,1.0244142,1.0244142,-0.00022689802419355252,-0.0002328611977240413
batch1,11,566.0,788.0,1.024255,1.024255,1.024255,1.024255,-0.00022670181451613238,-0.00023552990042674526
batch1,11,567.0,788.0,1.0239772,1.0239772,1.0239772,1.0240511,-0.0002263468548387173,-0.0002380514253200591
batch1,11,568.0,788.0,1.0240511,1.0240511,1.0240511,1.0239772,-0.0002295362500000027,-0.00024058114082503503
batch1,11,569.0,788.0,1.0233899,1.0233899,1.0233899,1.0233899,-0.0002311552419354822,-0.0002436564238975777
batch1,11,570.0,788.0,1.0231656,1.0231656,1.0231656,1.0233638,-0.00023569076612901587,-0.0002463152290184919
batch1,11,571.0,788.0,1.0233638,1.0233638,1.0233638,1.0231656,-0.00023873395161290735,-0.0002496240796586039
batch1,11,572.0,788.0,1.0229592,1.0229592,1.0229592,1.0229592,-0.0002479108870967829,-0.00025239451209103524
batch1,11,573.0,788.0,1.0220175,1.0220175,1.0220175,1.0221868,-0.0002553584677419379,-0.00025494937411094944
batch1,11,574.0,788.0,1.0221868,1.0221868,1.0221868,1.0221646,-0.0002602176209677419,-0.00025709091038406975
batch1,11,575.0,788.0,1.0221646,1.0221646,1.0221646,1.0220747,-0.00026606830645161387,-0.0002604835192034135
batch1,11,576.0,788.0,1.0220747,1.0220747,1.0220747,1.0220175,-0.00027110677419355607,-0.00026349825604552065
batch1,11,577.0,788.0,1.0217149,1.0217149,1.0217149,1.0217239,-0.0002778942338709653,-0.0002666059032716933
batch1,11,578.0,788.0,1.0217239,1.0217239,1.0217239,1.0217149,-0.0002841383064516116,-0.00026972537126600124
batch1,11,579.0,788.0,1.0211784,1.0211784,1.0211784,1.0211784,-0.0002881885483871056,-0.0002728308620199139
batch1,11,580.0,788.0,1.0211666,1.0211666,1.0211666,1.0211666,-0.00029075971774194934,-0.00027561108961593066
batch1,11,581.0,788.0,1.0209863,1.0209863,1.0209863,1.0209863,-0.00029203177419354065,-0.0002783687795163583
batch1,11,582.0,788.0,1.0203843,1.0203843,1.0203843,1.0203843,-0.0002918800403225826,-0.0002812257069701284
batch1,11,583.0,788.0,1.0196406,1.0196406,1.0196406,1.0196406,-0.0002947495564516104,-0.0002844793684210525
batch1,11,584.0,788.0,1.0194639,1.0194639,1.0194639,1.0194639,-0.0002941120564516179,-0.00028719911522048737
batch1,11,585.0,788.0,1.0186476,1.0186476,1.0186476,1.0188456,-0.0002973066129032311,-0.00028997252062588994
batch1,11,586.0,788.0,1.0188456,1.0188456,1.0188456,1.0186476,-0.00030205088709677223,-0.0002927783783783784
batch1,11,587.0,788.0,1.0180793,1.0180793,1.0180793,1.0180793,-0.00030294362903225534,-0.00029624669132290355
batch1,11,588.0,788.0,1.0177673,1.0177673,1.0177673,1.0177673,-0.0003053944758064562,-0.00029911656045519054
batch1,11,589.0,788.0,1.0175853,1.0175853,1.0175853,1.0175853,-0.0003092681854838744,-0.00030106207965860534
batch1,11,590.0,788.0,1.0174527,1.0174527,1.0174527,1.0174527,-0.0003118926209677435,-0.00030311919203413916
batch1,11,591.0,788.0,1.0173111,1.0173111,1.0173111,1.0173111,-0.0003118487500000085,-0.00030556541394025457
batch1,11,592.0,788.0,1.0165992,1.0165992,1.0165992,1.0166056,-0.0003101182258064473,-0.00030770295874822196
batch1,11,593.0,788.0,1.0163308,1.0163308,1.0163308,1.0165992,-0.00030894270161289705,-0.00030983166714083026
batch1,11,594.0,788.0,1.0166056,1.0166056,1.0166056,1.0163308,-0.00030609342741936125,-0.00031316422190611506
batch1,11,595.0,788.0,1.0162214,1.0162214,1.0162214,1.0162214,-0.00030564641129031986,-0.00031620519772403746
batch1,11,596.0,788.0,1.0161295,1.0161295,1.0161295,1.0161295,-0.0003017266129032268,-0.00031846272261735646
batch1,11,597.0,788.0,1.0159824,1.0159824,1.0159824,1.0159824,-0.00030288596774192444,-0.0003212724637268856
batch1,11,598.0,788.0,1.0152277,1.0152277,1.0152277,1.0152277,-0.00030503766129033106,-0.0003243569160739683
batch1,11,599.0,788.0,1.0151454,1.0151454,1.0151454,1.0151454,-0.0003081466129032221,-0.0003275589587482195
batch1,11,600.0,788.0,1.0146234,1.0146234,1.0146234,1.0146234,-0.0003139245967741834,-0.0003306025206258886
batch1,11,601.0,788.0,1.014022,1.014022,1.014022,1.014022,-0.00032019024193548183,-0.0003337127709815088
batch1,11,602.0,788.0,1.0138378,1.0138378,1.0138378,1.0138378,-0.0003238616935483774,-0.00033713767482219096
batch1,11,603.0,788.0,1.0133767,1.0133767,1.0133767,1.0135071,-0.0003297200000000089,-0.0003394055413940271
batch1,11,604.0,788.0,1.0135071,1.0135071,1.0135071,1.0133767,-0.0003359206451612827,-0.0003419506961593161
batch1,11,605.0,788.0,1.0129657,1.0129657,1.0129657,1.0129657,-0.00034340741935485173,-0.0003448556654338547
batch1,11,606.0,788.0,1.0128158,1.0128158,1.0128158,1.0128158,-0.0003469441129032201,-0.0003474696099573266
batch1,11,607.0,788.0,1.0125673,1.0125673,1.0125673,1.0125673,-0.0003526949596774263,-0.0003504339718349928
batch1,11,608.0,788.0,1.0122255,1.0122255,1.0122255,1.0122255,-0.00036055645161290164,-0.0003534577194879064
batch1,11,609.0,788.0,1.01186,1.01186,1.01186,1.01186,-0.00036783737903225484,-0.0003565620543385499
batch1,11,610.0,788.0,1.0113871,1.0113871,1.0113871,1.0113871,-0.00037098245967741176,-0.00035943460512091166
batch1,11,611.0,788.0,1.0113211,1.0113211,1.0113211,1.0113211,-0.00037146830645161345,-0.00036302744096728204
batch1,11,612.0,788.0,1.0100173,1.0100173,1.0100173,1.0100173,-0.000370527500000002,-0.00036634224352774004
batch1,11,613.0,788.0,1.0097641,1.0097641,1.0097641,1.0097641,-0.00037146088709678025,-0.000370313331721193
batch1,11,614.0,788.0,1.0096911,1.0096911,1.0096911,1.0096911,-0.0003733792741935512,-0.00037337133940256096
batch1,11,615.0,788.0,1.008775,1.008775,1.008775,1.0088525,-0.00037199955645160693,-0.0003765378907539138
batch1,11,616.0,788.0,1.0088525,1.0088525,1.0088525,1.008775,-0.000375592741935489,-0.00037918732460881803
batch1,11,617.0,788.0,1.0084172,1.0084172,1.0084172,1.0084172,-0.00038083661290322856,-0.0003824408275960152
batch1,11,618.0,788.0,1.0081778,1.0081778,1.0081778,1.0081778,-0.0003822911693548383,-0.00038566968819345854
batch1,11,619.0,788.0,1.0077939,1.0077939,1.0077939,1.0077939,-0.0003856877016128931,-0.00038847034879089577
batch1,11,620.0,788.0,1.0071105,1.0071105,1.0071105,1.0072067,-0.0003875260887096676,-0.00039199952631579024
batch1,11,621.0,788.0,1.0072067,1.0072067,1.0072067,1.0071105,-0.0003918870161290357,-0.00039617587994310104
batch1,11,622.0,788.0,1.0063086,1.0063086,1.0063086,1.0063086,-0.00039409161290321197,-0.00040029970867709873
batch1,11,623.0,788.0,1.0059855,1.0059855,1.0059855,1.0059855,-0.00039442435483870306,-0.0004057330423897609
batch1,11,624.0,788.0,1.0056602,1.0056602,1.0056602,1.0056602,-0.0003983103427419483,-0.0004102781610241804
batch1,11,625.0,788.0,1.0053395,1.0053395,1.0053395,1.0054379,-0.00039528562096772976,-0.00041579959487908805
batch1,11,626.0,788.0,1.0054379,1.0054379,1.0054379,1.0053395,-0.0003950481733870834,-0.00042132036073968827
batch1,11,627.0,788.0,1.0050529,1.0050529,1.0050529,1.0050529,-0.0003946907338709682,-0.0004271076059743937
batch1,11,628.0,788.0,1.0041615,1.0041615,1.0041615,1.0041615,-0.0004004475443548464,-0.0004329883738264575
batch1,11,629.0,788.0,1.0040156,1.0040156,1.0040156,1.0040156,-0.0004050785766128992,-0.0004384947120910359
batch1,11,630.0,788.0,1.0039012,1.0039012,1.0039012,1.0039012,-0.00040836903225806146,-0.0004445378916073965
batch1,11,631.0,788.0,1.0028862,1.0028862,1.0028862,1.0028862,-0.00041837005241934935,-0.0004506604082503541
batch1,11,632.0,788.0,1.0024723,1.0024723,1.0024723,1.0025253,-0.0004232955604838728,-0.0004565084733997147
batch1,11,633.0,788.0,1.0025253,1.0025253,1.0025253,1.0024723,-0.00042846441532257736,-0.00046271630099573285
batch1,11,634.0,788.0,1.0019419,1.0019419,1.0019419,1.0019419,-0.00043369040322581084,-0.0004687286486486498
batch1,11,635.0,788.0,1.0012981,1.0012981,1.0012981,1.0012981,-0.0004440569637096743,-0.0004746602890469425
batch1,11,636.0,788.0,1.0006446,1.0006446,1.0006446,1.0006446,-0.00045188657258064395,-0.0004813082463726872
batch1,11,637.0,788.0,1.0003396,1.0003396,1.0003396,1.0003396,-0.0004566467177419309,-0.0004877384716927482
batch1,11,638.0,788.0,1.0000824,1.0000824,1.0000824,1.0000824,-0.0004632286935483903,-0.0004945673041251774
batch1,11,639.0,788.0,0.99902719,0.99902719,0.99902719,0.99967974,-0.0004712131491935432,-0.0005018603166429579
batch1,11,640.0,788.0,0.99967974,0.99967974,0.99967974,0.99902719,-0.00048016617741935343,-0.0005089189891891878
batch1,11,641.0,788.0,0.99891132,0.99891132,0.99891132,0.99891132,-0.000486640024193551,-0.0005163656443812232
batch1,11,642.0,788.0,0.99816984,0.99816984,0.99816984,0.99816984,-0.0004920043588709601,-0.000523327094452348
batch1,11,643.0,788.0,0.99767292,0.99767292,0.99767292,0.99767292,-0.0004976790887096803,-0.0005310051425320091
batch1,11,644.0,788.0,0.99730617,0.99730617,0.99730617,0.99730617,-0.0005063050887096758,-0.0005384280688477964
batch1,11,645.0,788.0,0.99677515,0.99677515,0.99677515,0.99677515,-0.000517114959677428,-0.0005454837376955918
batch1,11,646.0,788.0,0.99578178,0.99578178,0.99578178,0.99578178,-0.0005232067661290279,-0.0005531173149359899
batch1,11,647.0,788.0,0.99567205,0.99567205,0.99567205,0.99567205,-0.0005351440887096802,-0.0005603149180654387
batch1,11,648.0,788.0,0.99521744,0.99521744,0.99521744,0.99521744,-0.0005463026935483823,-0.0005681092236130859
batch1,11,649.0,788.0,0.99458337,0.99458337,0.99458337,0.99458337,-0.0005559994475806422,-0.000574993683641535
batch1,11,650.0,788.0,0.99323666,0.99323666,0.99323666,0.99341458,-0.0005673784354838669,-0.0005832920039829286
batch1,11,651.0,788.0,0.99341458,0.99341458,0.99341458,0.99323666,-0.0005780968588709608,-0.000591535394310097
batch1,11,652.0,788.0,0.99290639,0.99290639,0.99290639,0.99290639,-0.0005900501814516229,-0.000599379584637269
batch1,11,653.0,788.0,0.9926098,0.9926098,0.9926098,0.9926098,-0.0006010973911290442,-0.0006080168042674256
batch1,11,654.0,788.0,0.99180931,0.99180931,0.99180931,0.99180931,-0.0006121798467741941,-0.0006160595638691302
batch1,11,655.0,788.0,0.99105108,0.99105108,0.99105108,0.99105108,-0.0006279183548387007,-0.0006236961029871962
batch1,11,656.0,788.0,0.99082911,0.99082911,0.99082911,0.99082911,-0.0006360661814516199,-0.0006311448230440966
batch1,11,657.0,788.0,0.98994023,0.98994023,0.98994023,0.98994023,-0.0006456634999999987,-0.0006384369362731152
batch1,11,658.0,788.0,0.9892664,0.9892664,0.9892664,0.9892664,-0.0006574454072580601,-0.0006464736477951678
batch1,11,659.0,788.0,0.98867685,0.98867685,0.98867685,0.98867685,-0.0006686014032258004,-0.00065362944068279
batch1,11,660.0,788.0,0.9874391,0.9874391,0.9874391,0.9874391,-0.0006791167379032298,-0.0006610942833570387
batch1,11,661.0,788.0,0.98723608,0.98723608,0.98723608,0.98723608,-0.0006897891290322542,-0.0006686517960170688
batch1,11,662.0,788.0,0.98624128,0.98624128,0.98624128,0.98624128,-0.0007020893749999935,-0.0006759108116642949
batch1,11,663.0,788.0,0.98570186,0.98570186,0.98570186,0.98570186,-0.0007123916733871007,-0.0006827011118065422
batch1,11,664.0,788.0,0.98476899,0.98476899,0.98476899,0.98476899,-0.0007213193548387146,-0.0006890121800853442
batch1,11,665.0,788.0,0.9839294,0.9839294,0.9839294,0.9839294,-0.0007327897459677389,-0.0006950465180654362
batch1,11,666.0,788.0,0.9835245,0.9835245,0.9835245,0.9835245,-0.0007481247096774198,-0.0007014351143669968
batch1,11,667.0,788.0,0.98283249,0.98283249,0.98283249,0.98283249,-0.000756578729838714,-0.0007073777980085358
batch1,11,668.0,788.0,0.98212016,0.98212016,0.98212016,0.98212016,-0.0007671925564516067,-0.0007126982167852053
batch1,11,669.0,788.0,0.98117405,0.98117405,0.98117405,0.98117405,-0.0007724583185483967,-0.0007184475396870531
batch1,11,670.0,788.0,0.98026925,0.98026925,0.98026925,0.98026925,-0.0007808649717741947,-0.000724270195732572
batch1,11,671.0,788.0,0.97957766,0.97957766,0.97957766,0.97957766,-0.0007859591572580621,-0.0007292558588904695
batch1,11,672.0,788.0,0.97881752,0.97881752,0.97881752,0.97881752,-0.0007901797499999882,-0.0007343656685633012
batch1,11,673.0,788.0,0.97790766,0.97790766,0.97790766,0.97790766,-0.0007955074395161332,-0.0007395796341394007
batch1,11,674.0,788.0,0.97719038,0.97719038,0.97719038,0.97719038,-0.0007998047620967716,-0.0007451356916074
batch1,11,675.0,788.0,0.976322,0.976322,0.976322,0.976322,-0.0008042228104838778,-0.0007498797197724045
batch1,11,676.0,788.0,0.97546351,0.97546351,0.97546351,0.97546351,-0.0008109845927419245,-0.0007540764571835012
batch1,11,677.0,788.0,0.97483319,0.97483319,0.97483319,0.97483319,-0.0008116464838709653,-0.0007584135573257463
batch1,11,678.0,788.0,0.97388399,0.97388399,0.97388399,0.97388399,-0.0008137015282258138,-0.0007615315988620197
batch1,11,679.0,788.0,0.97314364,0.97314364,0.97314364,0.97314364,-0.0008136599637096819,-0.0007646537726884747
batch1,11,680.0,788.0,0.971928,0.971928,0.971928,0.971928,-0.0008173619596774149,-0.0007681413852062631
batch1,11,681.0,788.0,0.97121519,0.97121519,0.97121519,0.97121519,-0.0008196682862903115,-0.0007710932275960165
batch1,11,682.0,788.0,0.97069496,0.97069496,0.97069496,0.97069496,-0.0008186598467741871,-0.0007740044364153603
batch1,11,683.0,788.0,0.9693653,0.9693653,0.9693653,0.9693653,-0.0008183735967742069,-0.0007761259541963016
batch1,11,684.0,788.0,0.96899647,0.96899647,0.96899647,0.96899647,-0.0008166544112903289,-0.0007787249280227591
batch1,11,685.0,788.0,0.96775681,0.96775681,0.96775681,0.96775681,-0.0008141289072580652,-0.0007806799066856316
batch1,11,686.0,788.0,0.96750975,0.96750975,0.96750975,0.96750975,-0.000813271657258073,-0.0007822876324324303
batch1,11,687.0,788.0,0.96632153,0.96632153,0.96632153,0.96632153,-0.0008110155846774192,-0.0007840511120910355
batch1,11,688.0,788.0,0.96545279,0.96545279,0.96545279,0.96545279,-0.0008083315927419251,-0.0007864206423897591
batch1,11,689.0,788.0,0.9647094,0.9647094,0.9647094,0.9647094,-0.0008061912983870972,-0.0007880384073968697
batch1,11,690.0,788.0,0.96368116,0.96368116,0.96368116,0.96368116,-0.0008026887177419406,-0.0007893773712660011
batch1,11,691.0,788.0,0.96294755,0.96294755,0.96294755,0.96294755,-0.0007993541290322601,-0.000790067954480796
batch1,11,692.0,788.0,0.96253985,0.96253985,0.96253985,0.96253985,-0.0007978168709677384,-0.0007905664412517756
batch1,11,693.0,788.0,0.96172422,0.96172422,0.96172422,0.96172422,-0.0007943056975806543,-0.000790946940256046
batch1,11,694.0,788.0,0.96101177,0.96101177,0.96101177,0.96101177,-0.0007925512500000006,-0.0007909333886201999
batch1,11,695.0,788.0,0.95974189,0.95974189,0.95974189,0.95974189,-0.000790777645161302,-0.000791016791180651
batch1,11,696.0,788.0,0.95919973,0.95919973,0.95919973,0.95919973,-0.0007933428024193597,-0.0007911276250355628
batch1,11,697.0,788.0,0.95853102,0.95853102,0.95853102,0.95853102,-0.0007926573508064587,-0.0007911820261735468
batch1,11,698.0,788.0,0.95748353,0.95748353,0.95748353,0.95748353,-0.0007894467782257898,-0.0007918673863442393
batch1,11,699.0,788.0,0.95679033,0.95679033,0.95679033,0.95679033,-0.0007879348548387147,-0.0007917568617354239
batch1,11,700.0,788.0,0.95624417,0.95624417,0.95624417,0.95624417,-0.0007849605201613026,-0.0007917978904694172
batch1,11,701.0,788.0,0.95527148,0.95527148,0.95527148,0.95527148,-0.000784368629032251,-0.0007918561348506412
batch1,11,702.0,788.0,0.95457393,0.95457393,0.95457393,0.95457393,-0.0007822034475806472,-0.0007922054130867671
batch1,11,703.0,788.0,0.95378858,0.95378858,0.95378858,0.95378858,-0.0007805981975806421,-0.0007925124267425343
batch1,11,704.0,788.0,0.95300061,0.95300061,0.95300061,0.95300061,-0.000781428076612897,-0.0007923230583214779
batch1,11,705.0,788.0,0.95233047,0.95233047,0.95233047,0.95233047,-0.000778590350806446,-0.0007920473783783767
batch1,11,706.0,788.0,0.95157164,0.95157164,0.95157164,0.95157164,-0.0007784911693548493,-0.000791578972119488
batch1,11,707.0,788.0,0.95054018,0.95054018,0.95054018,0.95054018,-0.0007783008951612912,-0.0007915553806543426
batch1,11,708.0,788.0,0.94987732,0.94987732,0.94987732,0.94987732,-0.0007755694032258025,-0.0007916972378378339
batch1,11,709.0,788.0,0.94893563,0.94893563,0.94893563,0.94893563,-0.0007746189435483851,-0.0007916495169274484
batch1,11,710.0,788.0,0.94806528,0.94806528,0.94806528,0.94806528,-0.0007729223588709698,-0.0007918924216216242
batch1,11,711.0,788.0,0.94697273,0.94697273,0.94697273,0.94697273,-0.0007756349758064598,-0.0007922922085348494
batch1,11,712.0,788.0,0.94660681,0.94660681,0.94660681,0.94660681,-0.0007768194274193407,-0.000792581158463728
batch1,11,713.0,788.0,0.94593865,0.94593865,0.94593865,0.94593865,-0.0007764329919354796,-0.0007932612443812223
batch1,11,714.0,788.0,0.94542569,0.94542569,0.94542569,0.94542569,-0.0007764770120967717,-0.0007936487610241813
batch1,11,715.0,788.0,0.94446492,0.94446492,0.94446492,0.94446492,-0.0007755082862903179,-0.0007939130395448068
batch1,11,716.0,788.0,0.94375789,0.94375789,0.94375789,0.94375789,-0.0007743155322580679,-0.0007945566990042681
batch1,11,717.0,788.0,0.94268161,0.94268161,0.94268161,0.94268161,-0.0007742812540322602,-0.0007952669479374108
batch1,11,718.0,788.0,0.94220126,0.94220126,0.94220126,0.94220126,-0.0007746294112903221,-0.0007967034862019862
batch1,11,719.0,788.0,0.94111729,0.94111729,0.94111729,0.94111729,-0.0007759186572580702,-0.000798096559032719
batch1,11,720.0,788.0,0.94089425,0.94089425,0.94089425,0.94089425,-0.0007780855806451602,-0.0007991265456614513
batch1,11,721.0,788.0,0.93995059,0.93995059,0.93995059,0.93995059,-0.0007784913749999893,-0.0008005181886201974
batch1,11,722.0,788.0,0.93916613,0.93916613,0.93916613,0.93916613,-0.0007783199798387112,-0.0008013831382645787
batch1,11,723.0,788.0,0.93843573,0.93843573,0.93843573,0.93843573,-0.0007813561129032342,-0.0008024493889046959
batch1,11,724.0,788.0,0.93740433,0.93740433,0.93740433,0.93740433,-0.0007844245362903265,-0.0008030504221906127
batch1,11,725.0,788.0,0.93666631,0.93666631,0.93666631,0.93666631,-0.0007878801975806552,-0.0008041258611664322
batch1,11,726.0,788.0,0.93566883,0.93566883,0.93566883,0.93566883,-0.000791426092741934,-0.0008053344833570374
batch1,11,727.0,788.0,0.93489492,0.93489492,0.93489492,0.93489492,-0.0007971804354838724,-0.0008065970725462287
batch1,11,728.0,788.0,0.93424761,0.93424761,0.93424761,0.93424761,-0.0007998474193548481,-0.0008078317743954494
batch1,11,729.0,788.0,0.93367487,0.93367487,0.93367487,0.93367487,-0.0008034499395161172,-0.000809422856045519
batch1,11,730.0,788.0,0.93299448,0.93299448,0.93299448,0.93299448,-0.0008054960161290406,-0.0008106381132290197
batch1,11,731.0,788.0,0.9320277,0.9320277,0.9320277,0.9320277,-0.0008080139516129025,-0.0008123321311522051
batch1,11,732.0,788.0,0.93125927,0.93125927,0.93125927,0.93125927,-0.0008117990040322577,-0.0008140548108108099
batch1,11,733.0,788.0,0.93033928,0.93033928,0.93033928,0.93033928,-0.0008174275080645126,-0.0008167276403982947
batch1,11,734.0,788.0,0.92940575,0.92940575,0.92940575,0.92940575,-0.0008207947499999937,-0.0008193990714082505
batch1,11,735.0,788.0,0.92847562,0.92847562,0.92847562,0.92847562,-0.0008276279314516082,-0.0008219467169274586
batch1,11,736.0,788.0,0.92784661,0.92784661,0.92784661,0.92784661,-0.0008285338225806517,-0.0008249875442389798
batch1,11,737.0,788.0,0.9271192,0.9271192,0.9271192,0.9271192,-0.000830386358870967,-0.0008282883550497827
batch1,11,738.0,788.0,0.92605895,0.92605895,0.92605895,0.92605895,-0.0008331356532258002,-0.000830866196301564
batch1,11,739.0,788.0,0.92512858,0.92512858,0.92512858,0.92512858,-0.0008358491975806652,-0.0008342458250355649
batch1,11,740.0,788.0,0.92441911,0.92441911,0.92441911,0.92441911,-0.000841255008064501,-0.0008371591857752496
batch1,11,741.0,788.0,0.92369813,0.92369813,0.92369813,0.92369813,-0.0008461178830645077,-0.0008406220159317218
batch1,11,742.0,788.0,0.92287391,0.92287391,0.92287391,0.92287391,-0.0008514448145161194,-0.000844103611095305
batch1,11,743.0,788.0,0.92216808,0.92216808,0.92216808,0.92216808,-0.0008550634919354873,-0.0008476640819345676
batch1,11,744.0,788.0,0.92109686,0.92109686,0.92109686,0.92109686,-0.0008569652298386977,-0.0008510983627311508
batch1,11,745.0,788.0,0.92024523,0.92024523,0.92024523,0.92024523,-0.0008554627782257982,-0.0008548893832147872
batch1,11,746.0,788.0,0.91951334,0.91951334,0.91951334,0.91951334,-0.000853480741935484,-0.0008585498318634428
batch1,11,747.0,788.0,0.91839457,0.91839457,0.91839457,0.91839457,-0.000852430951612905,-0.000862766637553343
batch1,11,748.0,788.0,0.91754693,0.91754693,0.91754693,0.91754693,-0.0008510440483871014,-0.0008668541695590313
batch1,11,749.0,788.0,0.91675752,0.91675752,0.91675752,0.91675752,-0.0008505810725806654,-0.000871391643527738
batch1,11,750.0,788.0,0.91564447,0.91564447,0.91564447,0.91564447,-0.0008489181370967708,-0.0008757179118065466
batch1,11,751.0,788.0,0.91516417,0.91516417,0.91516417,0.91516417,-0.0008501465564516139,
batch1,11,752.0,788.0,0.91429889,0.91429889,0.91429889,0.91429889,-0.0008501057500000064,
batch1,11,753.0,788.0,0.91327727,0.91327727,0.91327727,0.91327727,-0.0008517871048387048,
batch1,11,754.0,788.0,0.91233635,0.91233635,0.91233635,0.91233635,-0.0008552486370967746,
batch1,11,755.0,788.0,0.91125143,0.91125143,0.91125143,0.91125143,-0.0008615658104838606,
batch1,11,756.0,788.0,0.91038489,0.91038489,0.91038489,0.91038489,-0.000868229907258071,
batch1,11,757.0,788.0,0.90962005,0.90962005,0.90962005,0.90962005,-0.0008737568024193362,
batch1,11,758.0,788.0,0.9089914,0.9089914,0.9089914,0.9089914,-0.0008799749677419206,
batch1,11,759.0,788.0,0.90823883,0.90823883,0.90823883,0.90823883,-0.000886882786290322,
batch1,11,760.0,788.0,0.90767866,0.90767866,0.90767866,0.90767866,-0.0008919801491935481,
batch1,11,761.0,788.0,0.90675062,0.90675062,0.90675062,0.90675062,-0.0009001947620967646,
batch1,11,762.0,788.0,0.90587813,0.90587813,0.90587813,0.90587813,-0.0009050098225806468,
batch1,11,763.0,788.0,0.90501022,0.90501022,0.90501022,0.90501022,-0.0009142596814516354,
batch1,11,764.0,788.0,0.90408885,0.90408885,0.90408885,0.90408885,-0.0009231096048387199,
batch1,11,765.0,788.0,0.90353298,0.90353298,0.90353298,0.90353298,-0.000932249028225795,
batch1,11,766.0,788.0,0.90232223,0.90232223,0.90232223,0.90232223,-0.000941976592741937,
batch1,11,767.0,788.0,0.90145946,0.90145946,0.90145946,0.90145946,-0.0009494128951612887,
batch1,11,768.0,788.0,0.90019149,0.90019149,0.90019149,0.90019149,-0.0009563096370967864,
batch1,11,769.0,788.0,0.89923292,0.89923292,0.89923292,0.89923292,-0.0009659045645161251,
batch1,11,770.0,788.0,0.89796478,0.89796478,0.89796478,0.89796478,-0.000974122487903218,
batch1,11,771.0,788.0,0.89685327,0.89685327,0.89685327,0.89685327,-0.0009838975120967763,
batch1,11,772.0,788.0,0.89597261,0.89597261,0.89597261,0.89597261,-0.0009945380201612905,
batch1,11,773.0,788.0,0.89488912,0.89488912,0.89488912,0.89488912,,
batch1,11,774.0,788.0,0.89366233,0.89366233,0.89366233,0.89366233,,
batch1,11,775.0,788.0,0.89320391,0.89320391,0.89320391,0.89320391,,
batch1,11,776.0,788.0,0.8917374,0.8917374,0.8917374,0.8917374,,
batch1,11,777.0,788.0,0.89117962,0.89117962,0.89117962,0.89117962,,
batch1,11,778.0,788.0,0.88975084,0.88975084,0.88975084,0.88975084,,
batch1,11,779.0,788.0,0.88881153,0.88881153,0.88881153,0.88881153,,
batch1,11,780.0,788.0,0.88769001,0.88769001,0.88769001,0.88769001,,
batch1,11,781.0,788.0,0.88684219,0.88684219,0.88684219,0.88684219,,
batch1,11,782.0,788.0,0.88581318,0.88581318,0.88581318,0.88581318,,
batch1,11,783.0,788.0,0.88486862,0.88486862,0.88486862,,,
batch1,11,784.0,788.0,0.88355023,0.88355023,0.88355023,,,
batch1,11,785.0,788.0,0.88279974,0.88279974,0.88279974,,,
batch1,11,786.0,788.0,0.88173044,0.88173044,0.88173044,,,
batch1,11,787.0,788.0,0.88054359,0.88054359,0.88054359,,,
batch1,2,10.0,1177.0,1.0837817,1.0837817,1.0837817,,,
batch1,2,11.0,1177.0,1.0839587,1.0839587,1.0839587,,,
batch1,2,12.0,1177.0,1.0880535,1.0880535,1.0880535,,,
batch1,2,13.0,1177.0,1.0858102,1.0858102,1.0858102,,,
batch1,2,14.0,1177.0,1.0857648,1.0857648,1.0857648,,,
batch1,2,15.0,1177.0,1.0855526,1.0855526,1.0855526,1.0855571,,
batch1,2,16.0,1177.0,1.0855418,1.0855418,1.0855418,1.0855571,,
batch1,2,17.0,1177.0,1.085543,1.085543,1.085543,1.0855669,,
batch1,2,18.0,1177.0,1.0856423,1.0856423,1.0856423,1.0855669,,
batch1,2,19.0,1177.0,1.0855848,1.0855848,1.0855848,1.0855669,,
batch1,2,20.0,1177.0,1.0855571,1.0855571,1.0855571,1.0855669,,
batch1,2,21.0,1177.0,1.0855353,1.0855353,1.0855353,1.0855838,,
batch1,2,22.0,1177.0,1.0855669,1.0855669,1.0855669,1.0855848,,
batch1,2,23.0,1177.0,1.0855838,1.0855838,1.0855838,1.0856423,,
batch1,2,24.0,1177.0,1.0857264,1.0857264,1.0857264,1.0857264,,
batch1,2,25.0,1177.0,1.0858061,1.0858061,1.0858061,1.0857626,1.4889112903233553e-05,
batch1,2,26.0,1177.0,1.0858525,1.0858525,1.0858525,1.0857804,3.7454435483960524e-06,
batch1,2,27.0,1177.0,1.0858128,1.0858128,1.0858128,1.0857939,-6.862661290329117e-06,
batch1,2,28.0,1177.0,1.0857804,1.0857804,1.0857804,1.0857949,8.254475806445551e-06,
batch1,2,29.0,1177.0,1.0857626,1.0857626,1.0857626,1.0858061,1.002322580642863e-05,
batch1,2,30.0,1177.0,1.0857949,1.0857949,1.0857949,1.0858061,1.1954838709690915e-05,
batch1,2,31.0,1177.0,1.0858704,1.0858704,1.0858704,1.0857949,1.195266129030823e-05,
batch1,2,32.0,1177.0,1.0857939,1.0857939,1.0857939,1.0857939,1.1625887096780646e-05,
batch1,2,33.0,1177.0,1.0858334,1.0858334,1.0858334,1.0857804,1.161161290320501e-05,
batch1,2,34.0,1177.0,1.0858121,1.0858121,1.0858121,1.0857704,1.1316653225806234e-05,
batch1,2,35.0,1177.0,1.085746,1.085746,1.085746,1.0857872,1.0318548387107082e-05,
batch1,2,36.0,1177.0,1.0857704,1.0857704,1.0857704,1.0857872,8.941653225812508e-06,
batch1,2,37.0,1177.0,1.0857365,1.0857365,1.0857365,1.0857872,7.07395161291161e-06,
batch1,2,38.0,1177.0,1.0857095,1.0857095,1.0857095,1.0857872,4.960040322591197e-06,
batch1,2,39.0,1177.0,1.0857694,1.0857694,1.0857694,1.0857872,3.0138709677346316e-06,
batch1,2,40.0,1177.0,1.0857872,1.0857872,1.0857872,1.0857872,1.6201612903239363e-06,
batch1,2,41.0,1177.0,1.0858465,1.0858465,1.0858465,1.0858465,8.919758064471024e-07,
batch1,2,42.0,1177.0,1.0858839,1.0858839,1.0858839,1.0858839,1.1898387096708617e-06,
batch1,2,43.0,1177.0,1.0858977,1.0858977,1.0858977,1.0858977,1.4430241935450799e-06,
batch1,2,44.0,1177.0,1.0859399,1.0859399,1.0859399,1.0858977,1.4243145161320573e-06,
batch1,2,45.0,1177.0,1.0860239,1.0860239,1.0860239,1.0858977,1.4591129032339931e-06,
batch1,2,46.0,1177.0,1.0859478,1.0859478,1.0859478,1.0858977,1.166209677407575e-06,
batch1,2,47.0,1177.0,1.085932,1.085932,1.085932,1.0858977,1.0106451612877317e-06,1.2314366999375557e-07
batch1,2,48.0,1177.0,1.0860084,1.0860084,1.0860084,1.0858977,5.887096782143944e-09,-2.536432432434374e-06
batch1,2,49.0,1177.0,1.0858871,1.0858871,1.0858871,1.0858871,5.729435483836037e-07,-5.029357041247556e-06
batch1,2,50.0,1177.0,1.0858485,1.0858485,1.0858485,1.0858485,2.242661290324495e-06,-3.1030184921686857e-06
batch1,2,51.0,1177.0,1.085833,1.085833,1.085833,1.085833,3.9452419354734915e-06,-3.54009103840539e-06
batch1,2,52.0,1177.0,1.0857935,1.0857935,1.0857935,1.085833,5.509112903221567e-06,-3.923886201981829e-06
batch1,2,53.0,1177.0,1.0857363,1.0857363,1.0857363,1.085833,3.4089516129025912e-06,-4.5103214793676025e-06
batch1,2,54.0,1177.0,1.0857573,1.0857573,1.0857573,1.085833,4.651209677383288e-07,-5.154165007112808e-06
batch1,2,55.0,1177.0,1.0857081,1.0857081,1.0857081,1.085833,-2.2460887096765896e-06,-5.659109530583469e-06
batch1,2,56.0,1177.0,1.0857319,1.0857319,1.0857319,1.0858313,-4.773991935467e-06,-6.188349928878181e-06
batch1,2,57.0,1177.0,1.0858471,1.0858471,1.0858471,1.0857935,-6.126733870975824e-06,-6.7836216216222195e-06
batch1,2,58.0,1177.0,1.0858817,1.0858817,1.0858817,1.0857759,-6.930040322579281e-06,-7.400563300142919e-06
batch1,2,59.0,1177.0,1.0858759,1.0858759,1.0858759,1.0858313,-7.129032258058565e-06,-8.174270270268637e-06
batch1,2,60.0,1177.0,1.0859101,1.0859101,1.0859101,1.0858471,-7.487096774194077e-06,-8.86546230440945e-06
batch1,2,61.0,1177.0,1.0858313,1.0858313,1.0858313,1.0858759,-6.944838709676698e-06,-9.643254623053508e-06
batch1,2,62.0,1177.0,1.0857759,1.0857759,1.0857759,1.0858817,-7.129717741939201e-06,-1.0312310099574835e-05
batch1,2,63.0,1177.0,1.0857108,1.0857108,1.0857108,1.0858817,-7.701854838718376e-06,-1.0887220483646375e-05
batch1,2,64.0,1177.0,1.085923,1.085923,1.085923,1.0858759,-7.87911290323002e-06,-1.1382813655768005e-05
batch1,2,65.0,1177.0,1.086134,1.086134,1.086134,1.0858313,-9.163911290328573e-06,-1.1881709815082824e-05
batch1,2,66.0,1177.0,1.0862314,1.0862314,1.0862314,1.0857759,-1.0923991935483707e-05,-1.2376571834994819e-05
batch1,2,67.0,1177.0,1.0862148,1.0862148,1.0862148,1.0857108,-1.2839838709675487e-05,-1.2857988620199476e-05
batch1,2,68.0,1177.0,1.0856748,1.0856748,1.0856748,1.0856748,-1.5150524193538462e-05,-1.3150776671410566e-05
batch1,2,69.0,1177.0,1.08556,1.08556,1.08556,1.0856748,-1.8498185483870493e-05,-1.3499604551923905e-05
batch1,2,70.0,1177.0,1.0855246,1.0855246,1.0855246,1.0856695,-2.118842741935598e-05,-1.3956293029879261e-05
batch1,2,71.0,1177.0,1.0855196,1.0855196,1.0855196,1.0856695,-2.3877298387094084e-05,-1.4359283072547455e-05
batch1,2,72.0,1177.0,1.0856328,1.0856328,1.0856328,1.0856586,-2.604749999999773e-05,-1.4780375533432712e-05
batch1,2,73.0,1177.0,1.0856695,1.0856695,1.0856695,1.0856384,-2.7377096774189366e-05,-1.5343283072552088e-05
batch1,2,74.0,1177.0,1.0857404,1.0857404,1.0857404,1.0856328,-2.7735483870970677e-05,-1.5915214793740712e-05
batch1,2,75.0,1177.0,1.0856586,1.0856586,1.0856586,1.0856328,-2.781568548387188e-05,-1.660954196301803e-05
batch1,2,76.0,1177.0,1.0856991,1.0856991,1.0856991,1.0856328,-2.774685483870445e-05,-1.731927738265032e-05
batch1,2,77.0,1177.0,1.0856384,1.0856384,1.0856384,1.0856328,-2.717697580645286e-05,-1.7986014224749495e-05
batch1,2,78.0,1177.0,1.0855706,1.0855706,1.0855706,1.0855706,-2.756358870968454e-05,-1.864601137979897e-05
batch1,2,79.0,1177.0,1.0855303,1.0855303,1.0855303,1.0855303,-2.8242540322591243e-05,-1.9157564722618165e-05
batch1,2,80.0,1177.0,1.0854447,1.0854447,1.0854447,1.0854447,-2.7368387096780536e-05,-1.9620162162164273e-05
batch1,2,81.0,1177.0,1.0853778,1.0853778,1.0853778,1.0853778,-2.5671249999999962e-05,-2.0108955903279225e-05
batch1,2,82.0,1177.0,1.0853372,1.0853372,1.0853372,1.0853372,-2.2719717741936872e-05,-2.054289900426716e-05
batch1,2,83.0,1177.0,1.085281,1.085281,1.085281,1.085281,-2.0103709677418276e-05,-2.0649678520624857e-05
batch1,2,84.0,1177.0,1.0851364,1.0851364,1.0851364,1.085281,-2.084112903225261e-05,-2.0687513513508785e-05
batch1,2,85.0,1177.0,1.0851827,1.0851827,1.0851827,1.085281,-2.2108870967732315e-05,-2.073763015647424e-05
batch1,2,86.0,1177.0,1.0851971,1.0851971,1.0851971,1.0852487,-2.332915322581152e-05,-2.069923470839216e-05
batch1,2,87.0,1177.0,1.0852234,1.0852234,1.0852234,1.0852487,-2.426862903225936e-05,-2.0813598862017934e-05
batch1,2,88.0,1177.0,1.0852056,1.0852056,1.0852056,1.0852418,-2.4166572580643992e-05,-2.102618492175732e-05
batch1,2,89.0,1177.0,1.0852865,1.0852865,1.0852865,1.0852273,-2.3505564516124784e-05,-2.1217746799430445e-05
batch1,2,90.0,1177.0,1.085299,1.085299,1.085299,1.0852273,-2.1354072580651923e-05,-2.1392335704126977e-05
batch1,2,91.0,1177.0,1.0852487,1.0852487,1.0852487,1.0852273,-2.0378104838710708e-05,-2.1644267425318972e-05
batch1,2,92.0,1177.0,1.0853715,1.0853715,1.0853715,1.0852273,-1.9151693548396532e-05,-2.1838068278802906e-05
batch1,2,93.0,1177.0,1.0852418,1.0852418,1.0852418,1.0852273,-1.8079516129031127e-05,-2.2086381223326525e-05
batch1,2,94.0,1177.0,1.0852273,1.0852273,1.0852273,1.0852273,-1.7269959677418588e-05,-2.2229920341397707e-05
batch1,2,95.0,1177.0,1.0852255,1.0852255,1.0852255,1.0852255,-1.6997056451615057e-05,-2.2250139402559634e-05
batch1,2,96.0,1177.0,1.08509,1.08509,1.08509,1.0851239,-1.733556451613155e-05,-2.2285576102416658e-05
batch1,2,97.0,1177.0,1.0851239,1.0851239,1.0851239,1.08509,-1.847830645160283e-05,-2.2437675675678455e-05
batch1,2,98.0,1177.0,1.0850123,1.0850123,1.0850123,1.0850123,-1.967883064516164e-05,-2.2466247510670147e-05
batch1,2,99.0,1177.0,1.0849537,1.0849537,1.0849537,1.084981,-2.124979838710338e-05,-2.2601004267428878e-05
batch1,2,100.0,1177.0,1.0849404,1.0849404,1.0849404,1.084981,-2.372862903226914e-05,-2.276471977240802e-05
batch1,2,101.0,1177.0,1.0849447,1.0849447,1.0849447,1.0849718,-2.537770161289859e-05,-2.2942910384068104e-05
batch1,2,102.0,1177.0,1.0849578,1.0849578,1.0849578,1.0849578,-2.6840322580646867e-05,-2.2787172119487625e-05
batch1,2,103.0,1177.0,1.0849718,1.0849718,1.0849718,1.0849565,-2.8318750000000668e-05,-2.2417348506401803e-05
batch1,2,104.0,1177.0,1.084981,1.084981,1.084981,1.0849537,-2.978165322580125e-05,-2.1885086770977168e-05
batch1,2,105.0,1177.0,1.0851059,1.0851059,1.0851059,1.0849447,-2.9293951612904388e-05,-2.1367308677099496e-05
batch1,2,106.0,1177.0,1.0849565,1.0849565,1.0849565,1.0849447,-2.7811169354839436e-05,-2.145409103840538e-05
batch1,2,107.0,1177.0,1.0849079,1.0849079,1.0849079,1.0849079,-2.6587459677415647e-05,-2.1702310099569788e-05
batch1,2,108.0,1177.0,1.0848944,1.0848944,1.0848944,1.0848944,-2.4510322580646945e-05,-2.203028165006897e-05
batch1,2,109.0,1177.0,1.0848737,1.0848737,1.0848737,1.0848737,-2.332318548387567e-05,-2.2280950213369997e-05
batch1,2,110.0,1177.0,1.0847815,1.0847815,1.0847815,1.0847815,-2.2501854838711953e-05,-2.2350059743952733e-05
batch1,2,111.0,1177.0,1.0847218,1.0847218,1.0847218,1.0847218,-2.1400927419356638e-05,-2.228976671408183e-05
batch1,2,112.0,1177.0,1.084612,1.084612,1.084612,1.084612,-2.0755201612891906e-05,-2.2101792318635547e-05
batch1,2,113.0,1177.0,1.0845947,1.0845947,1.0845947,1.0845947,-1.995685483871045e-05,-2.195105263158149e-05
batch1,2,114.0,1177.0,1.0845439,1.0845439,1.0845439,1.0845442,-1.9617096774197097e-05,-2.187988335704247e-05
batch1,2,115.0,1177.0,1.0844989,1.0844989,1.0844989,1.0845442,-1.965342741934976e-05,-2.1993792318636584e-05
batch1,2,116.0,1177.0,1.0845442,1.0845442,1.0845442,1.0845442,-1.9318709677427434e-05,-2.210349075390834e-05
batch1,2,117.0,1177.0,1.0845171,1.0845171,1.0845171,1.0845442,-1.8979556451612953e-05,-2.2239203413938137e-05
batch1,2,118.0,1177.0,1.0844411,1.0844411,1.0844411,1.0845442,-1.888318548386715e-05,-2.242025889047564e-05
batch1,2,119.0,1177.0,1.0844105,1.0844105,1.0844105,1.0845442,-1.9334959677425423e-05,-2.2645522048360423e-05
batch1,2,120.0,1177.0,1.0845937,1.0845937,1.0845937,1.0845442,-1.9192499999998895e-05,-2.2865496443809224e-05
batch1,2,121.0,1177.0,1.0846987,1.0846987,1.0846987,1.0845442,-1.8338064516118647e-05,-2.3097416785207295e-05
batch1,2,122.0,1177.0,1.0846695,1.0846695,1.0846695,1.0845171,-1.8164072580644156e-05,-2.3341263157897826e-05
batch1,2,123.0,1177.0,1.084641,1.084641,1.084641,1.0845144,-1.7924193548384117e-05,-2.3525999999998423e-05
batch1,2,124.0,1177.0,1.0845835,1.0845835,1.0845835,1.0845144,-1.7123790322574632e-05,-2.3696022759600646e-05
batch1,2,125.0,1177.0,1.0844946,1.0844946,1.0844946,1.0845144,-1.654439516129204e-05,-2.3781061166433238e-05
batch1,2,126.0,1177.0,1.0844939,1.0844939,1.0844939,1.0844946,-1.6267016129037093e-05,-2.3900238975817933e-05
batch1,2,127.0,1177.0,1.0845144,1.0845144,1.0845144,1.0844939,-1.6443750000000976e-05,-2.397550782361464e-05
batch1,2,128.0,1177.0,1.0844651,1.0844651,1.0844651,1.0844687,-1.7545846774193308e-05,-2.4023539118061693e-05
batch1,2,129.0,1177.0,1.0844644,1.0844644,1.0844644,1.0844651,-1.9009274193554818e-05,-2.413263157894856e-05
batch1,2,130.0,1177.0,1.0844282,1.0844282,1.0844282,1.0844644,-2.104310483871219e-05,-2.414862304410155e-05
batch1,2,131.0,1177.0,1.0844687,1.0844687,1.0844687,1.0844334,-2.2891169354840242e-05,-2.433605974395595e-05
batch1,2,132.0,1177.0,1.0844334,1.0844334,1.0844334,1.0844282,-2.4131532258068332e-05,-2.4462591749643885e-05
batch1,2,133.0,1177.0,1.0843452,1.0843452,1.0843452,1.0843452,-2.5059032258068245e-05,-2.4522455192033094e-05
batch1,2,134.0,1177.0,1.0841988,1.0841988,1.0841988,1.0842357,-2.6237741935491336e-05,-2.467634139402601e-05
batch1,2,135.0,1177.0,1.0842357,1.0842357,1.0842357,1.0842218,-2.7416572580647714e-05,-2.45526429587479e-05
batch1,2,136.0,1177.0,1.0841705,1.0841705,1.0841705,1.0841988,-2.821822580645269e-05,-2.445824466571502e-05
batch1,2,137.0,1177.0,1.084155,1.084155,1.084155,1.0841705,-2.9018467741940187e-05,-2.4435539118060747e-05
batch1,2,138.0,1177.0,1.0841643,1.0841643,1.0841643,1.0841643,-2.945955645161935e-05,-2.4545684210523823e-05
batch1,2,139.0,1177.0,1.0842218,1.0842218,1.0842218,1.0841635,-2.9886814516140917e-05,-2.471973541963037e-05
batch1,2,140.0,1177.0,1.0841625,1.0841625,1.0841625,1.0841625,-3.0313467741930094e-05,-2.4846159317210604e-05
batch1,2,141.0,1177.0,1.0841635,1.0841635,1.0841635,1.084155,-3.1059274193553566e-05,-2.4940170697012343e-05
batch1,2,142.0,1177.0,1.0841109,1.0841109,1.0841109,1.0841109,-3.145358870966907e-05,-2.4846028449501515e-05
batch1,2,143.0,1177.0,1.0840343,1.0840343,1.0840343,1.0840343,-3.1354999999997114e-05,-2.439448648648605e-05
batch1,2,144.0,1177.0,1.0839545,1.0839545,1.0839545,1.0839593,-3.064689516129652e-05,-2.4012958748221404e-05
batch1,2,145.0,1177.0,1.0838717,1.0838717,1.0838717,1.0839593,-2.9811532258064642e-05,-2.3643009957325333e-05
batch1,2,146.0,1177.0,1.0839056,1.0839056,1.0839056,1.0839571,-2.9135322580640152e-05,-2.3272617354194397e-05
batch1,2,147.0,1177.0,1.0839182,1.0839182,1.0839182,1.0839545,-2.7800362903228876e-05,-2.3004139402560176e-05
batch1,2,148.0,1177.0,1.0839571,1.0839571,1.0839571,1.0839182,-2.6696733870969195e-05,-2.28698236130876e-05
batch1,2,149.0,1177.0,1.0839593,1.0839593,1.0839593,1.0839056,-2.6327862903224668e-05,-2.2974452347083202e-05
batch1,2,150.0,1177.0,1.0839598,1.0839598,1.0839598,1.0838717,-2.6768306451617133e-05,-2.3096463726885068e-05
batch1,2,151.0,1177.0,1.0837967,1.0837967,1.0837967,1.0837967,-2.700516129032213e-05,-2.31739487908987e-05
batch1,2,152.0,1177.0,1.0836318,1.0836318,1.0836318,1.0836512,-2.7849879032262413e-05,-2.331893883357176e-05
batch1,2,153.0,1177.0,1.0836512,1.0836512,1.0836512,1.0836318,-2.895858870967541e-05,-2.3548119487909674e-05
batch1,2,154.0,1177.0,1.083616,1.083616,1.083616,1.0836318,-2.9516249999998598e-05,-2.3704879089619077e-05
batch1,2,155.0,1177.0,1.0836091,1.0836091,1.0836091,1.0836318,-2.925576612902787e-05,-2.3925709815071e-05
batch1,2,156.0,1177.0,1.0835862,1.0835862,1.0835862,1.083616,-2.9002620967742566e-05,-2.426223897581845e-05
batch1,2,157.0,1177.0,1.0835845,1.0835845,1.0835845,1.0836121,-2.7285604838695334e-05,-2.4639217638693782e-05
batch1,2,158.0,1177.0,1.0835835,1.0835835,1.0835835,1.0836091,-2.5357983870968682e-05,-2.4816967283069303e-05
batch1,2,159.0,1177.0,1.0836748,1.0836748,1.0836748,1.0836015,-2.3960040322576818e-05,-2.4830668563303563e-05
batch1,2,160.0,1177.0,1.0836439,1.0836439,1.0836439,1.0835862,-2.3754475806455118e-05,-2.4774793741110227e-05
batch1,2,161.0,1177.0,1.0836015,1.0836015,1.0836015,1.0835845,-2.4466733870974955e-05,-2.4592657183501155e-05
batch1,2,162.0,1177.0,1.0836121,1.0836121,1.0836121,1.0835835,-2.4765161290322997e-05,-2.428069985775316e-05
batch1,2,163.0,1177.0,1.0835544,1.0835544,1.0835544,1.0835544,-2.4864516129033512e-05,-2.4037610241820655e-05
batch1,2,164.0,1177.0,1.0834684,1.0834684,1.0834684,1.0834684,-2.365959677419138e-05,-2.3901470839257533e-05
batch1,2,165.0,1177.0,1.0834323,1.0834323,1.0834323,1.0834323,-2.114754032257585e-05,-2.3873049786628355e-05
batch1,2,166.0,1177.0,1.0833755,1.0833755,1.0833755,1.0833755,-1.8149919354834173e-05,-2.3912876244664898e-05
batch1,2,167.0,1177.0,1.0832872,1.0832872,1.0832872,1.0833755,-1.5997500000012093e-05,-2.403358179232034e-05
batch1,2,168.0,1177.0,1.0832012,1.0832012,1.0832012,1.0833755,-1.4907903225815562e-05,-2.3908822190612856e-05
batch1,2,169.0,1177.0,1.0832188,1.0832188,1.0832188,1.0833755,-1.4293427419353456e-05,-2.348572403983129e-05
batch1,2,170.0,1177.0,1.0832297,1.0832297,1.0832297,1.0832872,-1.4208266129030953e-05,-2.2917687055472086e-05
batch1,2,171.0,1177.0,1.0832256,1.0832256,1.0832256,1.0832394,-1.5254556451622229e-05,-2.232211664295836e-05
batch1,2,172.0,1177.0,1.0834041,1.0834041,1.0834041,1.0832297,-1.5894112903230805e-05,-2.1806992887623882e-05
batch1,2,173.0,1177.0,1.0834444,1.0834444,1.0834444,1.0832256,-1.621201612902311e-05,-2.1301567567569404e-05
batch1,2,174.0,1177.0,1.0833941,1.0833941,1.0833941,1.0832256,-1.664129032257868e-05,-2.0928799431009513e-05
batch1,2,175.0,1177.0,1.0832394,1.0832394,1.0832394,1.0832297,-1.669745967742986e-05,-2.0803593172120333e-05
batch1,2,176.0,1177.0,1.0831283,1.0831283,1.0831283,1.0832394,-1.676754032258416e-05,-2.0954304409671735e-05
batch1,2,177.0,1177.0,1.083111,1.083111,1.083111,1.0833586,-1.7275120967746657e-05,-2.1037294452342746e-05
batch1,2,178.0,1177.0,1.0830775,1.0830775,1.0830775,1.0833586,-1.7865120967747225e-05,-2.114103556187831e-05
batch1,2,179.0,1177.0,1.0831956,1.0831956,1.0831956,1.0832517,-1.8792379032258805e-05,-2.1264384068283113e-05
batch1,2,180.0,1177.0,1.0833586,1.0833586,1.0833586,1.0832394,-2.0195846774194697e-05,-2.1425288762447726e-05
batch1,2,181.0,1177.0,1.0833983,1.0833983,1.0833983,1.0831956,-2.152358870967182e-05,-2.1622458036987422e-05
batch1,2,182.0,1177.0,1.0833951,1.0833951,1.0833951,1.0831956,-2.2648830645154243e-05,-2.190575533428089e-05
batch1,2,183.0,1177.0,1.0833685,1.0833685,1.0833685,1.0831956,-2.3481129032255134e-05,-2.2261820768137865e-05
batch1,2,184.0,1177.0,1.0832517,1.0832517,1.0832517,1.0831956,-2.3858750000010377e-05,-2.259539118065946e-05
batch1,2,185.0,1177.0,1.0831751,1.0831751,1.0831751,1.0831751,-2.4116693548392433e-05,-2.287069416785144e-05
batch1,2,186.0,1177.0,1.082966,1.082966,1.082966,1.0830317,-2.503846774193356e-05,-2.3003669985777716e-05
batch1,2,187.0,1177.0,1.0830148,1.0830148,1.0830148,1.0830148,-2.681770161290656e-05,-2.3032261735419246e-05
batch1,2,188.0,1177.0,1.0830317,1.0830317,1.0830317,1.0829775,-2.757987903226345e-05,-2.2836193456617502e-05
batch1,2,189.0,1177.0,1.0829775,1.0829775,1.0829775,1.082966,-2.849491935484043e-05,-2.267717496443903e-05
batch1,2,190.0,1177.0,1.0829014,1.0829014,1.0829014,1.0829014,-2.8004193548386894e-05,-2.2804901849217637e-05
batch1,2,191.0,1177.0,1.0828805,1.0828805,1.0828805,1.0828805,-2.7019395161283934e-05,-2.305153058321401e-05
batch1,2,192.0,1177.0,1.0828025,1.0828025,1.0828025,1.0828025,-2.5784717741937785e-05,-2.343583214793901e-05
batch1,2,193.0,1177.0,1.0827243,1.0827243,1.0827243,1.0827546,-2.411064516128209e-05,-2.3798395448079947e-05
batch1,2,194.0,1177.0,1.0826709,1.0826709,1.0826709,1.0827546,-2.2371129032249224e-05,-2.4154611664291763e-05
batch1,2,195.0,1177.0,1.082625,1.082625,1.082625,1.0827546,-2.0318548387093318e-05,-2.432067709815428e-05
batch1,2,196.0,1177.0,1.0826198,1.0826198,1.0826198,1.0827243,-1.7674838709664718e-05,-2.4308697012801465e-05
batch1,2,197.0,1177.0,1.0826597,1.0826597,1.0826597,1.0827211,-1.6105362903223035e-05,-2.4134748221909804e-05
batch1,2,198.0,1177.0,1.0827546,1.0827546,1.0827546,1.0826709,-1.6124032258064777e-05,-2.3979664295873608e-05
batch1,2,199.0,1177.0,1.082886,1.082886,1.082886,1.0826597,-1.613407258063546e-05,-2.3867126600282348e-05
batch1,2,200.0,1177.0,1.082866,1.082866,1.082866,1.082625,-1.6509233870969544e-05,-2.3753951635845637e-05
batch1,2,201.0,1177.0,1.0827211,1.0827211,1.0827211,1.0826597,-1.7392379032254665e-05,-2.3748201991462284e-05
batch1,2,202.0,1177.0,1.0825498,1.0825498,1.0825498,1.0827211,-1.9422096774198055e-05,-2.4024716927456473e-05
batch1,2,203.0,1177.0,1.0824825,1.0824825,1.0824825,1.0827546,-2.0844879032262147e-05,-2.4284150782361782e-05
batch1,2,204.0,1177.0,1.0823528,1.0823528,1.0823528,1.0827576,-2.2098427419355935e-05,-2.4607533428165358e-05
batch1,2,205.0,1177.0,1.0825661,1.0825661,1.0825661,1.0827576,-2.3513508064518533e-05,-2.501355049786612e-05
batch1,2,206.0,1177.0,1.0827576,1.0827576,1.0827576,1.0827576,-2.5408548387100905e-05,-2.5495871977241185e-05
batch1,2,207.0,1177.0,1.0828853,1.0828853,1.0828853,1.0827576,-2.7110322580652053e-05,-2.599178378377947e-05
batch1,2,208.0,1177.0,1.0829602,1.0829602,1.0829602,1.0827576,-2.867536290323074e-05,-2.6517365576105785e-05
batch1,2,209.0,1177.0,1.0829967,1.0829967,1.0829967,1.0827576,-3.0142620967735034e-05,-2.7064389758180304e-05
batch1,2,210.0,1177.0,1.0829171,1.0829171,1.0829171,1.0827576,-3.06925403225829e-05,-2.7373911806544168e-05
batch1,2,211.0,1177.0,1.0828224,1.0828224,1.0828224,1.0827576,-3.0824153225803974e-05,-2.759863726884965e-05
batch1,2,212.0,1177.0,1.0825667,1.0825667,1.0825667,1.0825667,-3.171028225807143e-05,-2.7795086770980128e-05
batch1,2,213.0,1177.0,1.0822521,1.0822521,1.0822521,1.0822521,-3.31806854838775e-05,-2.8062876244667367e-05
batch1,2,214.0,1177.0,1.0822057,1.0822057,1.0822057,1.0822057,-3.459443548388151e-05,-2.830721194878986e-05
batch1,2,215.0,1177.0,1.0821924,1.0821924,1.0821924,1.0821924,-3.489790322581413e-05,-2.8408694167854227e-05
batch1,2,216.0,1177.0,1.0821195,1.0821195,1.0821195,1.0821195,-3.4997500000002275e-05,-2.851049217638707e-05
batch1,2,217.0,1177.0,1.0820826,1.0820826,1.0820826,1.0820826,-3.477395161290786e-05,-2.858868563300005e-05
batch1,2,218.0,1177.0,1.082072,1.082072,1.082072,1.082072,-3.456133064517243e-05,-2.8587467994308975e-05
batch1,2,219.0,1177.0,1.0820191,1.0820191,1.0820191,1.0820191,-3.445294354838589e-05,-2.8517482219063666e-05
batch1,2,220.0,1177.0,1.0819827,1.0819827,1.0819827,1.0820191,-3.5177459677420875e-05,-2.8451985775248606e-05
batch1,2,221.0,1177.0,1.0819182,1.0819182,1.0819182,1.0820191,-3.462633064516368e-05,-2.830337980085009e-05
batch1,2,222.0,1177.0,1.0819069,1.0819069,1.0819069,1.0820191,-3.291826612903094e-05,-2.8058583214796035e-05
batch1,2,223.0,1177.0,1.0819478,1.0819478,1.0819478,1.0819904,-3.057274193548783e-05,-2.7750517780939693e-05
batch1,2,224.0,1177.0,1.0819904,1.0819904,1.0819904,1.0819827,-2.8676774193541613e-05,-2.7546119487908083e-05
batch1,2,225.0,1177.0,1.0821501,1.0821501,1.0821501,1.0819478,-2.5969193548380297e-05,-2.7290679943100367e-05
batch1,2,226.0,1177.0,1.0822335,1.0822335,1.0822335,1.0819182,-2.3515806451603845e-05,-2.701314935988758e-05
batch1,2,227.0,1177.0,1.0820882,1.0820882,1.0820882,1.0819136,-2.1335806451621152e-05,-2.678426173541827e-05
batch1,2,228.0,1177.0,1.0819136,1.0819136,1.0819136,1.0819478,-2.046036290322224e-05,-2.6765388335706415e-05
batch1,2,229.0,1177.0,1.081772,1.081772,1.081772,1.081985,-2.1633709677411696e-05,-2.695398862019781e-05
batch1,2,230.0,1177.0,1.0817499,1.0817499,1.0817499,1.0819705,-2.3287137096779678e-05,-2.716879374110907e-05
batch1,2,231.0,1177.0,1.0817292,1.0817292,1.0817292,1.0819284,-2.5065604838714007e-05,-2.7487897581790933e-05
batch1,2,232.0,1177.0,1.0818614,1.0818614,1.0818614,1.0819136,-2.6988104838698584e-05,-2.789853769558933e-05
batch1,2,233.0,1177.0,1.081985,1.081985,1.081985,1.0818729,-2.8896895161290588e-05,-2.8347152204835403e-05
batch1,2,234.0,1177.0,1.0820019,1.0820019,1.0820019,1.0818614,-3.0400725806443193e-05,-2.881138264580348e-05
batch1,2,235.0,1177.0,1.0819705,1.0819705,1.0819705,1.0818614,-3.169645161290897e-05,-2.9235635846375278e-05
batch1,2,236.0,1177.0,1.0819284,1.0819284,1.0819284,1.0818614,-3.240729838709109e-05,-2.9531735419632614e-05
batch1,2,237.0,1177.0,1.0818729,1.0818729,1.0818729,1.0818614,-3.26272177419309e-05,-2.9710745376949624e-05
batch1,2,238.0,1177.0,1.0817831,1.0817831,1.0817831,1.0817831,-3.278306451613293e-05,-2.984141394025601e-05
batch1,2,239.0,1177.0,1.0815554,1.0815554,1.0815554,1.081557,-3.333846774193527e-05,-3.013633570411928e-05
batch1,2,240.0,1177.0,1.081557,1.081557,1.081557,1.0815554,-3.420883064515834e-05,-3.0499931721195856e-05
batch1,2,241.0,1177.0,1.0815039,1.0815039,1.0815039,1.0815039,-3.390862903225559e-05,-3.076128307254756e-05
batch1,2,242.0,1177.0,1.0814655,1.0814655,1.0814655,1.0814655,-3.301786290322986e-05,-3.105057183499108e-05
batch1,2,243.0,1177.0,1.0814321,1.0814321,1.0814321,1.0814321,-3.231374999999648e-05,-3.116781792318318e-05
batch1,2,244.0,1177.0,1.0813533,1.0813533,1.0813533,1.0813533,-3.141399193548065e-05,-3.109486770981554e-05
batch1,2,245.0,1177.0,1.0812635,1.0812635,1.0812635,1.0812635,-3.0631411290328494e-05,-3.084142247510645e-05
batch1,2,246.0,1177.0,1.0811942,1.0811942,1.0811942,1.0812635,-2.9395604838702362e-05,-3.055092460881656e-05
batch1,2,247.0,1177.0,1.0811816,1.0811816,1.0811816,1.0812635,-2.8400846774203266e-05,-3.014082503556178e-05
batch1,2,248.0,1177.0,1.0811607,1.0811607,1.0811607,1.0812635,-2.6634193548390622e-05,-2.9613402560454788e-05
batch1,2,249.0,1177.0,1.0811775,1.0811775,1.0811775,1.081237,-2.4055000000000345e-05,-2.900814224750971e-05
batch1,2,250.0,1177.0,1.0812087,1.0812087,1.0812087,1.0812087,-2.2074798387096858e-05,-2.8503581792319946e-05
batch1,2,251.0,1177.0,1.0812902,1.0812902,1.0812902,1.0811942,-2.127362903225493e-05,-2.8265541963016757e-05
batch1,2,252.0,1177.0,1.081394,1.081394,1.081394,1.0811816,-2.0279274193546933e-05,-2.802867425319889e-05
batch1,2,253.0,1177.0,1.0813817,1.0813817,1.0813817,1.0811775,-1.962967741934816e-05,-2.7754907539120262e-05
batch1,2,254.0,1177.0,1.081237,1.081237,1.081237,1.0811806,-1.961899193548307e-05,-2.750669985775015e-05
batch1,2,255.0,1177.0,1.0810921,1.0810921,1.0810921,1.0812087,-2.088258064516126e-05,-2.756544523471059e-05
batch1,2,256.0,1177.0,1.0810554,1.0810554,1.0810554,1.081237,-2.2139274193545296e-05,-2.7854349928872833e-05
batch1,2,257.0,1177.0,1.0809911,1.0809911,1.0809911,1.081237,-2.368580645161651e-05,-2.8058719772404857e-05
batch1,2,258.0,1177.0,1.0810324,1.0810324,1.0810324,1.081237,-2.5276048387094925e-05,-2.8307783783785177e-05
batch1,2,259.0,1177.0,1.0811806,1.0811806,1.0811806,1.0811999,-2.7190725806446834e-05,-2.8649274537695698e-05
batch1,2,260.0,1177.0,1.0812634,1.0812634,1.0812634,1.0811806,-2.9191572580642858e-05,-2.898166145092451e-05
batch1,2,261.0,1177.0,1.081328,1.081328,1.081328,1.0811806,-3.182330645161002e-05,-2.926689900426708e-05
batch1,2,262.0,1177.0,1.0812821,1.0812821,1.0812821,1.0811806,-3.423500000000042e-05,-2.950258890469413e-05
batch1,2,263.0,1177.0,1.0812389,1.0812389,1.0812389,1.0811806,-3.573544354838286e-05,-2.953873399715733e-05
batch1,2,264.0,1177.0,1.0811999,1.0811999,1.0811999,1.0811806,-3.675810483871564e-05,-2.9471854907538688e-05
batch1,2,265.0,1177.0,1.0810305,1.0810305,1.0810305,1.0810305,-3.804084677419308e-05,-2.9529081081083004e-05
batch1,2,266.0,1177.0,1.0808043,1.0808043,1.0808043,1.0808043,-3.925366935484448e-05,-2.9738708392601644e-05
batch1,2,267.0,1177.0,1.0808034,1.0808034,1.0808034,1.0808034,-3.973217741935135e-05,-3.0045109530585405e-05
batch1,2,268.0,1177.0,1.0807306,1.0807306,1.0807306,1.0807306,-3.981048387097575e-05,-3.0345379800852886e-05
batch1,2,269.0,1177.0,1.0806446,1.0806446,1.0806446,1.0806446,-3.946822580645861e-05,-3.063880796586116e-05
batch1,2,270.0,1177.0,1.0806009,1.0806009,1.0806009,1.0806009,-3.886254032258355e-05,-3.063051493598656e-05
batch1,2,271.0,1177.0,1.0805367,1.0805367,1.0805367,1.0805367,-3.820108870967919e-05,-3.0439675675675903e-05
batch1,2,272.0,1177.0,1.0804774,1.0804774,1.0804774,1.0804774,-3.687846774193157e-05,-3.0144025604550826e-05
batch1,2,273.0,1177.0,1.0804427,1.0804427,1.0804427,1.0804427,-3.565685483870609e-05,-3.001800568989971e-05
batch1,2,274.0,1177.0,1.0803565,1.0803565,1.0803565,1.0804427,-3.3974032258065065e-05,-2.9903724039827637e-05
batch1,2,275.0,1177.0,1.0803546,1.0803546,1.0803546,1.0804303,-3.1102701612901e-05,-2.975444096728321e-05
batch1,2,276.0,1177.0,1.0802795,1.0802795,1.0802795,1.0803753,-2.7392096774194183e-05,-2.959047226174018e-05
batch1,2,277.0,1177.0,1.0803242,1.0803242,1.0803242,1.0803565,-2.4755967741941378e-05,-2.9549305832145055e-05
batch1,2,278.0,1177.0,1.0804303,1.0804303,1.0804303,1.0803546,-2.352592741936026e-05,-2.9460213371267384e-05
batch1,2,279.0,1177.0,1.0804815,1.0804815,1.0804815,1.0803242,-2.156834677419366e-05,-2.9398153627312564e-05
batch1,2,280.0,1177.0,1.0803753,1.0803753,1.0803753,1.0803001,-1.9728427419353564e-05,-2.9305334281650756e-05
batch1,2,281.0,1177.0,1.0803001,1.0803001,1.0803001,1.0803001,-1.8942782258069474e-05,-2.9322236130864927e-05
batch1,2,282.0,1177.0,1.080274,1.080274,1.080274,1.0803242,-1.9364435483869007e-05,-2.95711493598857e-05
batch1,2,283.0,1177.0,1.0801617,1.0801617,1.0801617,1.0803753,-1.9726532258066303e-05,-2.988768136557695e-05
batch1,2,284.0,1177.0,1.0801622,1.0801622,1.0801622,1.0803753,-2.0484112903223153e-05,-3.025532005689985e-05
batch1,2,285.0,1177.0,1.0802788,1.0802788,1.0802788,1.0803753,-2.1611048387098073e-05,-3.062130583214754e-05
batch1,2,286.0,1177.0,1.0803787,1.0803787,1.0803787,1.0803787,-2.2967419354830323e-05,-3.096838406827663e-05
batch1,2,287.0,1177.0,1.0804796,1.0804796,1.0804796,1.0803787,-2.4588266129035827e-05,-3.124922901849233e-05
batch1,2,288.0,1177.0,1.0804931,1.0804931,1.0804931,1.0803787,-2.641548387096567e-05,-3.1478705547651416e-05
batch1,2,289.0,1177.0,1.0804921,1.0804921,1.0804921,1.0803787,-2.8163346774186722e-05,-3.157140256045512e-05
batch1,2,290.0,1177.0,1.0804945,1.0804945,1.0804945,1.0803787,-3.0303709677423775e-05,-3.146910953058455e-05
batch1,2,291.0,1177.0,1.0804992,1.0804992,1.0804992,1.0803787,-3.2321048387097495e-05,-3.1345450924609425e-05
batch1,2,292.0,1177.0,1.0802017,1.0802017,1.0802017,1.0802017,-3.393278225806275e-05,-3.1327712660029277e-05
batch1,2,293.0,1177.0,1.0799431,1.0799431,1.0799431,1.0800202,-3.507104838710306e-05,-3.1063598862019406e-05
batch1,2,294.0,1177.0,1.0800202,1.0800202,1.0800202,1.0799611,-3.5122258064516513e-05,-3.0316833570410233e-05
batch1,2,295.0,1177.0,1.0799611,1.0799611,1.0799611,1.0799431,-3.5681653225802774e-05,-2.940056045519447e-05
batch1,2,296.0,1177.0,1.0798849,1.0798849,1.0798849,1.0798849,-3.671879032257979e-05,-2.8491001422477288e-05
batch1,2,297.0,1177.0,1.0798502,1.0798502,1.0798502,1.0798502,-3.770891129032806e-05,-2.741126315789575e-05
batch1,2,298.0,1177.0,1.0797974,1.0797974,1.0797974,1.0797974,-3.8265241935479734e-05,-2.6308509246087817e-05
batch1,2,299.0,1177.0,1.0797426,1.0797426,1.0797426,1.0797426,-3.888254032258782e-05,-2.5143695590326247e-05
batch1,2,300.0,1177.0,1.0797074,1.0797074,1.0797074,1.0797074,-3.92973790322478e-05,-2.3768682788052717e-05
batch1,2,301.0,1177.0,1.0796536,1.0796536,1.0796536,1.0796536,-3.884883064515487e-05,-2.214081934566285e-05
batch1,2,302.0,1177.0,1.0796152,1.0796152,1.0796152,1.0796152,-3.734161290323505e-05,-2.0361650071124454e-05
batch1,2,303.0,1177.0,1.0795829,1.0795829,1.0795829,1.0796015,-3.5564112903222857e-05,-1.8581783783786704e-05
batch1,2,304.0,1177.0,1.0795734,1.0795734,1.0795734,1.0796015,-3.442495967741366e-05,-1.6936594594593107e-05
batch1,2,305.0,1177.0,1.0795425,1.0795425,1.0795425,1.0795869,-3.293943548386712e-05,-1.5227186344240413e-05
batch1,2,306.0,1177.0,1.0795106,1.0795106,1.0795106,1.0795829,-3.1096169354851244e-05,-1.3613109530583196e-05
batch1,2,307.0,1177.0,1.0796015,1.0796015,1.0796015,1.0795734,-2.8908548387096267e-05,-1.2096119487909973e-05
batch1,2,308.0,1177.0,1.0795869,1.0795869,1.0795869,1.0795425,-2.816133064516375e-05,-1.0989880512092957e-05
batch1,2,309.0,1177.0,1.0796043,1.0796043,1.0796043,1.0795106,-2.867786290322965e-05,-1.0288879089616668e-05
batch1,2,310.0,1177.0,1.0794106,1.0794106,1.0794106,1.0794876,-2.857125000000812e-05,-9.89039544807995e-06
batch1,2,311.0,1177.0,1.0793735,1.0793735,1.0793735,1.0794756,-2.850580645160805e-05,-9.71838406827892e-06
batch1,2,312.0,1177.0,1.0793947,1.0793947,1.0793947,1.0794613,-2.842955645161957e-05,-9.710825035560082e-06
batch1,2,313.0,1177.0,1.0794339,1.0794339,1.0794339,1.0794482,-2.8402540322582314e-05,-9.758665718354432e-06
batch1,2,314.0,1177.0,1.0794876,1.0794876,1.0794876,1.0794339,-2.8454556451610022e-05,-9.894674253199484e-06
batch1,2,315.0,1177.0,1.0794756,1.0794756,1.0794756,1.0794106,-2.6566209677422295e-05,-9.987297297298961e-06
batch1,2,316.0,1177.0,1.0794482,1.0794482,1.0794482,1.0793947,-2.2000645161297852e-05,-9.970159317212285e-06
batch1,2,317.0,1177.0,1.0794613,1.0794613,1.0794613,1.0793947,-1.6620806451612277e-05,-9.863331436698087e-06
batch1,2,318.0,1177.0,1.0793372,1.0793372,1.0793372,1.0793372,-1.2052540322578186e-05,-9.86020768136506e-06
batch1,2,319.0,1177.0,1.0791411,1.0791411,1.0791411,1.0791411,-7.907338709672716e-06,-9.967155049788326e-06
batch1,2,320.0,1177.0,1.0791093,1.0791093,1.0791093,1.0791093,-4.508870967747833e-06,-9.988651493598363e-06
batch1,2,321.0,1177.0,1.0790737,1.0790737,1.0790737,1.0790737,-1.6508064516140361e-06,-1.0019590327170097e-05
batch1,2,322.0,1177.0,1.0790309,1.0790309,1.0790309,1.0790309,2.1871774193549834e-06,-1.0098842105263773e-05
batch1,2,323.0,1177.0,1.0790122,1.0790122,1.0790122,1.0790122,7.972258064522015e-06,-1.0193559032715306e-05
batch1,2,324.0,1177.0,1.0789998,1.0789998,1.0789998,1.0789998,1.4399274193547815e-05,-1.0223857752490717e-05
batch1,2,325.0,1177.0,1.0789577,1.0789577,1.0789577,1.0789998,2.1583427419351858e-05,-1.018130867710208e-05
batch1,2,326.0,1177.0,1.0789431,1.0789431,1.0789431,1.0789998,2.773705645161232e-05,-1.0091923186345057e-05
batch1,2,327.0,1177.0,1.0789583,1.0789583,1.0789583,1.0789998,3.3552056451616066e-05,-9.717522048365476e-06
batch1,2,328.0,1177.0,1.0789254,1.0789254,1.0789254,1.0789998,3.890713709677598e-05,-9.137086770981228e-06
batch1,2,329.0,1177.0,1.078907,1.078907,1.078907,1.0789998,4.4016612903220716e-05,-8.38062873399767e-06
batch1,2,330.0,1177.0,1.0792269,1.0792269,1.0792269,1.0792269,4.694149193548336e-05,-7.823044096725294e-06
batch1,2,331.0,1177.0,1.0796727,1.0796727,1.0796727,1.0796064,4.7529758064519535e-05,-7.461647226171589e-06
batch1,2,332.0,1177.0,1.0798624,1.0798624,1.0798624,1.0796572,4.632721774193582e-05,-7.001743954482005e-06
batch1,2,333.0,1177.0,1.0797831,1.0797831,1.0797831,1.0796727,4.393721774192681e-05,-6.5392261735402715e-06
batch1,2,334.0,1177.0,1.0797588,1.0797588,1.0797588,1.0797588,4.02110483870925e-05,-6.289271692745766e-06
batch1,2,335.0,1177.0,1.0796572,1.0796572,1.0796572,1.0797831,3.477471774194254e-05,-6.350113798010025e-06
batch1,2,336.0,1177.0,1.0796064,1.0796064,1.0796064,1.0798067,2.8895403225806135e-05,-6.65353058321521e-06
batch1,2,337.0,1177.0,1.0798067,1.0798067,1.0798067,1.0798624,2.2569233870968585e-05,-7.185436699858524e-06
batch1,2,338.0,1177.0,1.0800514,1.0800514,1.0800514,1.0800514,1.5736854838704258e-05,-7.865618776669252e-06
batch1,2,339.0,1177.0,1.0802031,1.0802031,1.0802031,1.0802031,8.75415322580988e-06,-8.662409672828263e-06
batch1,2,340.0,1177.0,1.0803508,1.0803508,1.0803508,1.0802031,1.5136693548445738e-06,-9.514287339973042e-06
batch1,2,341.0,1177.0,1.0804368,1.0804368,1.0804368,1.0802031,-6.386048387085329e-06,-1.0435792318633497e-05
batch1,2,342.0,1177.0,1.0804888,1.0804888,1.0804888,1.0802031,-1.3938266129026847e-05,-1.1278867709817665e-05
batch1,2,343.0,1177.0,1.0804645,1.0804645,1.0804645,1.0802031,-2.09791129032299e-05,-1.213926600284434e-05
batch1,2,344.0,1177.0,1.0804534,1.0804534,1.0804534,1.0802031,-2.8735685483881295e-05,-1.3046216216217167e-05
batch1,2,345.0,1177.0,1.0801029,1.0801029,1.0801029,1.0801029,-3.764201612903013e-05,-1.3828173541961584e-05
batch1,2,346.0,1177.0,1.0797704,1.0797704,1.0797704,1.0797704,-4.493943548387853e-05,-1.4567840682789262e-05
batch1,2,347.0,1177.0,1.0795232,1.0795232,1.0795232,1.0795232,-4.9641451612897884e-05,-1.5141462304413074e-05
batch1,2,348.0,1177.0,1.0793179,1.0793179,1.0793179,1.0793179,-5.282475806451521e-05,-1.5926879089617455e-05
batch1,2,349.0,1177.0,1.0792198,1.0792198,1.0792198,1.0792198,-5.46874999999885e-05,-1.680349644381619e-05
batch1,2,350.0,1177.0,1.0791384,1.0791384,1.0791384,1.0791384,-5.543479838709431e-05,-1.78013371266018e-05
batch1,2,351.0,1177.0,1.0790989,1.0790989,1.0790989,1.0790989,-5.579810483871495e-05,-1.8824836415361442e-05
batch1,2,352.0,1177.0,1.0790623,1.0790623,1.0790623,1.0790623,-5.5797701612892263e-05,-1.9859715504980667e-05
batch1,2,353.0,1177.0,1.0790235,1.0790235,1.0790235,1.0790623,-5.4030806451611995e-05,-2.070131152204943e-05
batch1,2,354.0,1177.0,1.0790181,1.0790181,1.0790181,1.0790235,-5.0492580645154554e-05,-2.1328935988620177e-05
batch1,2,355.0,1177.0,1.0789891,1.0789891,1.0789891,1.0790181,-4.540100806451566e-05,-2.172861735419554e-05
batch1,2,356.0,1177.0,1.0789243,1.0789243,1.0789243,1.0789951,-3.985153225806211e-05,-2.2137331436698905e-05
batch1,2,357.0,1177.0,1.0789951,1.0789951,1.0789951,1.0789909,-3.495858870967332e-05,-2.262182361308414e-05
batch1,2,358.0,1177.0,1.0790669,1.0790669,1.0790669,1.0789891,-3.0329879032256263e-05,-2.3082625889047106e-05
batch1,2,359.0,1177.0,1.0789909,1.0789909,1.0789909,1.0789243,-2.628624999998708e-05,-2.3569126600284432e-05
batch1,2,360.0,1177.0,1.0788248,1.0788248,1.0788248,1.0789243,-2.235850806451929e-05,-2.4106378378378145e-05
batch1,2,361.0,1177.0,1.0787441,1.0787441,1.0787441,1.0789243,-2.0404395161290842e-05,-2.4964199146515278e-05
batch1,2,362.0,1177.0,1.0786655,1.0786655,1.0786655,1.0789909,-2.0160443548385558e-05,-2.607961593172173e-05
batch1,2,363.0,1177.0,1.0786471,1.0786471,1.0786471,1.0789909,-2.131350806451044e-05,-2.7402011379800734e-05
batch1,2,364.0,1177.0,1.078869,1.078869,1.078869,1.0789909,-2.296161290322986e-05,-2.887245519203292e-05
batch1,2,365.0,1177.0,1.0790184,1.0790184,1.0790184,1.0790184,-2.4922540322576645e-05,-3.037048079658809e-05
batch1,2,366.0,1177.0,1.0791409,1.0791409,1.0791409,1.0791409,-2.7279516129038794e-05,-3.195252631579587e-05
batch1,2,367.0,1177.0,1.0792208,1.0792208,1.0792208,1.0791409,-2.9555322580637455e-05,-3.3559581792318066e-05
batch1,2,368.0,1177.0,1.0792735,1.0792735,1.0792735,1.0791409,-3.157899193548407e-05,-3.480572119487671e-05
batch1,2,369.0,1177.0,1.0792698,1.0792698,1.0792698,1.0791409,-3.2868346774195796e-05,-3.5548486486484403e-05
batch1,2,370.0,1177.0,1.0793127,1.0793127,1.0793127,1.0791409,-3.411020161290071e-05,-3.599397724039693e-05
batch1,2,371.0,1177.0,1.0791715,1.0791715,1.0791715,1.0791409,-3.56977016129015e-05,-3.646138549075242e-05
batch1,2,372.0,1177.0,1.0788926,1.0788926,1.0788926,1.0788926,-3.838254032258294e-05,-3.690617923186566e-05
batch1,2,373.0,1177.0,1.0786905,1.0786905,1.0786905,1.0786905,-4.084112903224987e-05,-3.7240517780942826e-05
batch1,2,374.0,1177.0,1.0784998,1.0784998,1.0784998,1.0784998,-4.302794354837848e-05,-3.749217069701257e-05
batch1,2,375.0,1177.0,1.0783615,1.0783615,1.0783615,1.0783615,-4.4266048387101406e-05,-3.754182076813639e-05
batch1,2,376.0,1177.0,1.0782696,1.0782696,1.0782696,1.0782696,-4.498641129032784e-05,-3.740570981507615e-05
batch1,2,377.0,1177.0,1.0782193,1.0782193,1.0782193,1.0782193,-4.491693548386947e-05,-3.716604267425308e-05
batch1,2,378.0,1177.0,1.0781486,1.0781486,1.0781486,1.0781941,-4.4627822580655024e-05,-3.678238975817872e-05
batch1,2,379.0,1177.0,1.0781941,1.0781941,1.0781941,1.0781941,-4.369883064517097e-05,-3.6261593172116816e-05
batch1,2,380.0,1177.0,1.0781721,1.0781721,1.0781721,1.0781873,-4.102842741934992e-05,-3.5386258890468616e-05
batch1,2,381.0,1177.0,1.0781236,1.0781236,1.0781236,1.0781721,-3.725834677418991e-05,-3.4249718349928915e-05
batch1,2,382.0,1177.0,1.0781115,1.0781115,1.0781115,1.0781486,-3.2593911290326414e-05,-3.291010810810898e-05
batch1,2,383.0,1177.0,1.0781264,1.0781264,1.0781264,1.0781264,-2.894850806451865e-05,-3.1800685632999845e-05
batch1,2,384.0,1177.0,1.0782268,1.0782268,1.0782268,1.0781236,-2.6067258064514575e-05,-3.095650355618604e-05
batch1,2,385.0,1177.0,1.0781873,1.0781873,1.0781873,1.0781115,-2.375399193548163e-05,-3.0401135135135716e-05
batch1,2,386.0,1177.0,1.0781057,1.0781057,1.0781057,1.0781057,-2.149072580645492e-05,-3.0033681365574648e-05
batch1,2,387.0,1177.0,1.0779345,1.0779345,1.0779345,1.0781057,-1.9900000000007467e-05,-2.9974665718345787e-05
batch1,2,388.0,1177.0,1.0778304,1.0778304,1.0778304,1.0781057,-1.9935846774203142e-05,-3.017504409672586e-05
batch1,2,389.0,1177.0,1.0777211,1.0777211,1.0777211,1.0781057,-2.0939959677419144e-05,-3.0549516358463815e-05
batch1,2,390.0,1177.0,1.0778693,1.0778693,1.0778693,1.0781057,-2.278983870967081e-05,-3.1082623044097635e-05
batch1,2,391.0,1177.0,1.0780573,1.0780573,1.0780573,1.0781057,-2.5233145161287525e-05,-3.1705820768135886e-05
batch1,2,392.0,1177.0,1.0782228,1.0782228,1.0782228,1.0782228,-2.7684758064512257e-05,-3.2304162162159055e-05
batch1,2,393.0,1177.0,1.0783082,1.0783082,1.0783082,1.0782228,-3.0112661290323918e-05,-3.2909655761027646e-05
batch1,2,394.0,1177.0,1.0784098,1.0784098,1.0784098,1.0782228,-3.273923387096375e-05,-3.354996870555024e-05
batch1,2,395.0,1177.0,1.0784452,1.0784452,1.0784452,1.0782228,-3.38491532258067e-05,-3.4054458036984605e-05
batch1,2,396.0,1177.0,1.0784394,1.0784394,1.0784394,1.0782228,-3.435185483871247e-05,-3.442712375533376e-05
batch1,2,397.0,1177.0,1.078418,1.078418,1.078418,1.0782228,-3.5309596774184415e-05,-3.480828449502693e-05
batch1,2,398.0,1177.0,1.0781161,1.0781161,1.0781161,1.0781161,-3.689161290322715e-05,-3.530811948790752e-05
batch1,2,399.0,1177.0,1.0778599,1.0778599,1.0778599,1.0778599,-3.882947580645475e-05,-3.5776930298719e-05
batch1,2,400.0,1177.0,1.0776757,1.0776757,1.0776757,1.0776757,-4.030112903226233e-05,-3.612809957325663e-05
batch1,2,401.0,1177.0,1.0775154,1.0775154,1.0775154,1.0775154,-4.1825120967741636e-05,-3.6480409672830385e-05
batch1,2,402.0,1177.0,1.077435,1.077435,1.077435,1.077435,-4.223100806450407e-05,-3.671773257467963e-05
batch1,2,403.0,1177.0,1.0773478,1.0773478,1.0773478,1.0773478,-4.2245887096767855e-05,-3.682568136557534e-05
batch1,2,404.0,1177.0,1.0773003,1.0773003,1.0773003,1.0773003,-4.196169354837853e-05,-3.680778093883317e-05
batch1,2,405.0,1177.0,1.0772712,1.0772712,1.0772712,1.0773003,-4.18618951612898e-05,-3.6665687055474723e-05
batch1,2,406.0,1177.0,1.0772387,1.0772387,1.0772387,1.0773003,-4.0599516129038734e-05,-3.626276529161016e-05
batch1,2,407.0,1177.0,1.0772605,1.0772605,1.0772605,1.0773003,-3.8473548387095156e-05,-3.563658605974498e-05
batch1,2,408.0,1177.0,1.0772508,1.0772508,1.0772508,1.0772712,-3.5173911290320335e-05,-3.480312091038439e-05
batch1,2,409.0,1177.0,1.0772288,1.0772288,1.0772288,1.0772605,-3.2469717741935706e-05,-3.398473115220559e-05
batch1,2,410.0,1177.0,1.0773697,1.0773697,1.0773697,1.0772508,-2.9969435483869533e-05,-3.361613940255913e-05
batch1,2,411.0,1177.0,1.0774386,1.0774386,1.0774386,1.0772387,-2.7763669354850753e-05,-3.317304125177734e-05
batch1,2,412.0,1177.0,1.0773662,1.0773662,1.0773662,1.0772288,-2.598254032258029e-05,-3.2852150782357516e-05
batch1,2,413.0,1177.0,1.0772254,1.0772254,1.0772254,1.0772288,-2.4273266129034127e-05,-3.261156472261778e-05
batch1,2,414.0,1177.0,1.0770916,1.0770916,1.0770916,1.0772288,-2.396778225806903e-05,-3.2659399715505487e-05
batch1,2,415.0,1177.0,1.0769926,1.0769926,1.0769926,1.0773152,-2.4919879032259844e-05,-3.293298435277307e-05
batch1,2,416.0,1177.0,1.0769438,1.0769438,1.0769438,1.0773152,-2.668895161289934e-05,-3.336196586059646e-05
batch1,2,417.0,1177.0,1.0771328,1.0771328,1.0771328,1.0773152,-2.9037459677413325e-05,-3.379357894736993e-05
batch1,2,418.0,1177.0,1.0773152,1.0773152,1.0773152,1.0773152,-3.1552137096777147e-05,-3.426881934566148e-05
batch1,2,419.0,1177.0,1.0774344,1.0774344,1.0774344,1.0773152,-3.420427419354943e-05,-3.4779547652916316e-05
batch1,2,420.0,1177.0,1.0774941,1.0774941,1.0774941,1.0773152,-3.6832822580640385e-05,-3.5258165007112175e-05
batch1,2,421.0,1177.0,1.0775131,1.0775131,1.0775131,1.0773152,-3.897790322580873e-05,-3.5678958748223166e-05
batch1,2,422.0,1177.0,1.0774316,1.0774316,1.0774316,1.0773152,-4.0185887096778436e-05,-3.598273115220739e-05
batch1,2,423.0,1177.0,1.0774074,1.0774074,1.0774074,1.0773152,-4.119375000000774e-05,-3.6299752489332854e-05
batch1,2,424.0,1177.0,1.0771635,1.0771635,1.0771635,1.0771635,-4.3008387096775856e-05,-3.668877382646052e-05
batch1,2,425.0,1177.0,1.0769451,1.0769451,1.0769451,1.0769451,-4.517346774193491e-05,-3.720462588905105e-05
batch1,2,426.0,1177.0,1.076761,1.076761,1.076761,1.076761,-4.6500161290318184e-05,-3.7789593172119835e-05
batch1,2,427.0,1177.0,1.0765847,1.0765847,1.0765847,1.0765847,-4.714096774193685e-05,-3.8460349928877264e-05
batch1,2,428.0,1177.0,1.076472,1.076472,1.076472,1.076472,-4.702737903226399e-05,-3.894589758179072e-05
batch1,2,429.0,1177.0,1.0764322,1.0764322,1.0764322,1.0764322,-4.652967741936275e-05,-3.923406543385802e-05
batch1,2,430.0,1177.0,1.0763853,1.0763853,1.0763853,1.0763853,-4.607145161290547e-05,-3.930149928876045e-05
batch1,2,431.0,1177.0,1.0763484,1.0763484,1.0763484,1.0763484,-4.564032258064999e-05,-3.9258102418208763e-05
batch1,2,432.0,1177.0,1.0763351,1.0763351,1.0763351,1.0763484,-4.6583750000013616e-05,-3.892021337126672e-05
batch1,2,433.0,1177.0,1.0763147,1.0763147,1.0763147,1.0763484,-4.475415322581748e-05,-3.820274253200746e-05
batch1,2,434.0,1177.0,1.0763103,1.0763103,1.0763103,1.0763397,-4.1335000000000234e-05,-3.715694167852218e-05
batch1,2,435.0,1177.0,1.0762957,1.0762957,1.0762957,1.0763351,-3.6718064516119175e-05,-3.589089900426602e-05
batch1,2,436.0,1177.0,1.0763397,1.0763397,1.0763397,1.0763147,-3.270262096774669e-05,-3.471871692745307e-05
batch1,2,437.0,1177.0,1.0764672,1.0764672,1.0764672,1.0763103,-2.9354596774190825e-05,-3.369293314366622e-05
batch1,2,438.0,1177.0,1.0764256,1.0764256,1.0764256,1.0762957,-2.6722782258071164e-05,-3.2767943100996623e-05
batch1,2,439.0,1177.0,1.0762469,1.0762469,1.0762469,1.076252,-2.4270040322584118e-05,-3.196578378378321e-05
batch1,2,440.0,1177.0,1.0761455,1.0761455,1.0761455,1.076252,-2.3220201612897815e-05,-3.142520341393813e-05
batch1,2,441.0,1177.0,1.0760616,1.0760616,1.0760616,1.076252,-2.3271330645163824e-05,-3.1314867709815436e-05
batch1,2,442.0,1177.0,1.0760143,1.0760143,1.0760143,1.0762469,-2.4107137096774242e-05,-3.147911806543413e-05
batch1,2,443.0,1177.0,1.0761213,1.0761213,1.0761213,1.0762469,-2.57631048387149e-05,-3.188565860597598e-05
batch1,2,444.0,1177.0,1.076252,1.076252,1.076252,1.0762469,-2.808608870968865e-05,-3.234498435277513e-05
batch1,2,445.0,1177.0,1.0763233,1.0763233,1.0763233,1.076252,-3.0531935483870635e-05,-3.278961593172e-05
batch1,2,446.0,1177.0,1.0763732,1.0763732,1.0763732,1.076252,-3.3220645161287496e-05,-3.3503906116645266e-05
batch1,2,447.0,1177.0,1.0761567,1.0761567,1.0761567,1.076252,-3.58372177419323e-05,-3.4812876244665075e-05
batch1,2,448.0,1177.0,1.0763611,1.0763611,1.0763611,1.076252,-3.8296653225803703e-05,-3.724467425320171e-05
batch1,2,449.0,1177.0,1.0763779,1.0763779,1.0763779,1.076252,-4.06893951612842e-05,-4.13300028449492e-05
batch1,2,450.0,1177.0,1.0763863,1.0763863,1.0763863,1.0761567,-4.2935725806453995e-05,-4.130802275959658e-05
batch1,2,451.0,1177.0,1.0761533,1.0761533,1.0761533,1.0761533,-4.5294274193537996e-05,-4.3940145092461554e-05
batch1,2,452.0,1177.0,1.0759333,1.0759333,1.0759333,1.0759333,-4.7130887096771045e-05,-4.560286486486388e-05
batch1,2,453.0,1177.0,1.0757965,1.0757965,1.0757965,1.0757965,-4.804048387096538e-05,-4.708784637268922e-05
batch1,2,454.0,1177.0,1.0756837,1.0756837,1.0756837,1.0756837,-4.810564516128973e-05,-4.841772119487678e-05
batch1,2,455.0,1177.0,1.075597,1.075597,1.075597,1.075597,-4.7364717741934316e-05,-4.9336580369845576e-05
batch1,2,456.0,1177.0,1.0755435,1.0755435,1.0755435,1.0755435,-4.549157258064657e-05,-4.996383214793821e-05
batch1,2,457.0,1177.0,1.0755167,1.0755167,1.0755167,1.0755167,-4.299334677419461e-05,-5.0446312944522636e-05
batch1,2,458.0,1177.0,1.0754862,1.0754862,1.0754862,1.0754862,-3.976334677420287e-05,-5.090838406828227e-05
batch1,2,459.0,1177.0,1.0754229,1.0754229,1.0754229,1.0754229,-3.5396935483884616e-05,-5.116388335704445e-05
batch1,2,460.0,1177.0,1.0753751,1.0753751,1.0753751,1.0753751,-2.9856451612899007e-05,-5.126977240398348e-05
batch1,2,461.0,1177.0,1.0753145,1.0753145,1.0753145,1.0753145,-2.3727177419352686e-05,-5.119543954480768e-05
batch1,2,462.0,1177.0,1.0752944,1.0752944,1.0752944,1.0752944,-1.838612903225636e-05,-5.115318918919009e-05
batch1,2,463.0,1177.0,1.0752643,1.0752643,1.0752643,1.0752643,-1.6395766129041682e-05,-5.121757325746748e-05
batch1,2,464.0,1177.0,1.0752257,1.0752257,1.0752257,1.0752257,-1.4378387096772719e-05,-5.134399431009901e-05
batch1,2,465.0,1177.0,1.075182,1.075182,1.075182,1.0752257,-1.3319274193544445e-05,-5.156191465149148e-05
batch1,2,466.0,1177.0,1.0751038,1.0751038,1.0751038,1.0752257,-1.2088911290323611e-05,-5.17933940256066e-05
batch1,2,467.0,1177.0,1.0750637,1.0750637,1.0750637,1.0752257,-1.2165927419358462e-05,-5.227238406827631e-05
batch1,2,468.0,1177.0,1.0749959,1.0749959,1.0749959,1.0752257,-1.4984193548387064e-05,-5.298858036984496e-05
batch1,2,469.0,1177.0,1.0750818,1.0750818,1.0750818,1.0752257,-2.1809596774195213e-05,-5.384980369843627e-05
batch1,2,470.0,1177.0,1.0753161,1.0753161,1.0753161,1.0753161,-3.6436895161287924e-05,-5.465670839260612e-05
batch1,2,471.0,1177.0,1.0755494,1.0755494,1.0755494,1.0755494,-6.105548387096974e-05,-5.5435675675674726e-05
batch1,2,472.0,1177.0,1.0757025,1.0757025,1.0757025,1.0757025,-6.109266129032604e-05,-5.6188110953056596e-05
batch1,2,473.0,1177.0,1.07585,1.07585,1.07585,1.0757025,-7.572145161289719e-05,-5.690497012802262e-05
batch1,2,474.0,1177.0,1.0759128,1.0759128,1.0759128,1.0757025,-8.358790322580705e-05,-5.752234992887733e-05
batch1,2,475.0,1177.0,1.0759536,1.0759536,1.0759536,1.0757025,-8.987915322581227e-05,-5.7889957325745865e-05
batch1,2,476.0,1177.0,1.075955,1.075955,1.075955,1.0757025,-9.498439516129308e-05,-5.8213647226172443e-05
batch1,2,477.0,1177.0,1.0757469,1.0757469,1.0757469,1.0757025,-9.902637096774011e-05,-5.8647823613089414e-05
batch1,2,478.0,1177.0,1.0753821,1.0753821,1.0753821,1.0753821,-0.00010246701612903374,-5.9064748221904934e-05
batch1,2,479.0,1177.0,1.0751169,1.0751169,1.0751169,1.0751169,-0.00010585649193547869,-5.9514862019912956e-05
batch1,2,480.0,1177.0,1.0748576,1.0748576,1.0748576,1.0748576,-0.00010960366935483306,-5.987988620199256e-05
batch1,2,481.0,1177.0,1.0747756,1.0747756,1.0747756,1.0747756,-0.0001124066532257955,-6.016246657183344e-05
batch1,2,482.0,1177.0,1.0747006,1.0747006,1.0747006,1.0747006,-0.00011422516129031559,-5.9990054054053436e-05
batch1,2,483.0,1177.0,1.0743852,1.0743852,1.0743852,1.0744799,-0.00011503705645159964,-5.971551066856586e-05
batch1,2,484.0,1177.0,1.0737654,1.0737654,1.0737654,1.0743852,-0.00011490790322579887,-5.934213371265775e-05
batch1,2,485.0,1177.0,1.0724604,1.0724604,1.0724604,1.0737654,-0.00011344624999999493,-5.9247325746799045e-05
batch1,2,486.0,1177.0,1.0706861,1.0706861,1.0706861,1.0731936,-0.00010958608870967766,-5.87900113797983e-05
batch1,2,487.0,1177.0,1.0744799,1.0744799,1.0744799,1.0731936,-0.00010343524193548692,-5.809489900426697e-05
batch1,2,488.0,1177.0,1.0720251,1.0720251,1.0720251,1.0731936,-9.533645161290596e-05,-5.718764722617453e-05
batch1,2,489.0,1177.0,1.0729429,1.0729429,1.0729429,1.0731803,-8.70470564516084e-05,-5.6458711237552435e-05
batch1,2,490.0,1177.0,1.0731013,1.0731013,1.0731013,1.0731013,-7.887806451611853e-05,-5.584347083925939e-05
batch1,2,491.0,1177.0,1.0731936,1.0731936,1.0731936,1.0731013,-7.040729838708897e-05,-5.5378349928877335e-05
batch1,2,492.0,1177.0,1.0732886,1.0732886,1.0732886,1.0731803,-6.082116935483217e-05,-5.495448648648739e-05
batch1,2,493.0,1177.0,1.0732744,1.0732744,1.0732744,1.0731803,-5.156814516128284e-05,-5.474044096728735e-05
batch1,2,494.0,1177.0,1.0731803,1.0731803,1.0731803,1.0731853,-4.3834959677429505e-05,-5.4689530583218736e-05
batch1,2,495.0,1177.0,1.0730234,1.0730234,1.0730234,1.0731936,-3.6993346774179755e-05,-5.4497567567565344e-05
batch1,2,496.0,1177.0,1.0730793,1.0730793,1.0730793,1.0732666,-3.109403225806051e-05,-5.421643243243128e-05
batch1,2,497.0,1177.0,1.0731853,1.0731853,1.0731853,1.0732744,-2.474729838709985e-05,-5.400244950213509e-05
batch1,2,498.0,1177.0,1.0732666,1.0732666,1.0732666,1.0732744,-1.809463709677925e-05,-5.381195732574671e-05
batch1,2,499.0,1177.0,1.0733747,1.0733747,1.0733747,1.0732666,-1.274028225805777e-05,-5.3641519203416016e-05
batch1,2,500.0,1177.0,1.0733953,1.0733953,1.0733953,1.0732666,-1.0485241935486677e-05,-5.3514679943099304e-05
batch1,2,501.0,1177.0,1.0734295,1.0734295,1.0734295,1.0732666,-1.6386048387105075e-05,-5.341408534850719e-05
batch1,2,502.0,1177.0,1.0734336,1.0734336,1.0734336,1.0732666,-3.351963709676733e-05,-5.3280256045521534e-05
batch1,2,503.0,1177.0,1.0734513,1.0734513,1.0734513,1.0732666,-2.7651330645164856e-05,-5.3145348506401973e-05
batch1,2,504.0,1177.0,1.0731754,1.0731754,1.0731754,1.0731754,-3.555802419354429e-05,-5.299326031294528e-05
batch1,2,505.0,1177.0,1.0729102,1.0729102,1.0729102,1.0729102,-3.819729838710159e-05,-5.280097581792342e-05
batch1,2,506.0,1177.0,1.0727164,1.0727164,1.0727164,1.0727164,-3.9977298387107395e-05,-5.2516147937409586e-05
batch1,2,507.0,1177.0,1.0726835,1.0726835,1.0726835,1.0726835,-4.176721774194028e-05,-5.209671692745307e-05
batch1,2,508.0,1177.0,1.0726323,1.0726323,1.0726323,1.0726323,-4.237165322580256e-05,-5.1406722617354174e-05
batch1,2,509.0,1177.0,1.0725625,1.0725625,1.0725625,1.0725625,-4.2047903225814046e-05,-5.0321251778092544e-05
batch1,2,510.0,1177.0,1.07251,1.07251,1.07251,1.07251,-4.143826612903184e-05,-4.8963044096728485e-05
batch1,2,511.0,1177.0,1.072457,1.072457,1.072457,1.0724584,-4.1751048387093534e-05,-4.746239260312835e-05
batch1,2,512.0,1177.0,1.0724584,1.0724584,1.0724584,1.072457,-4.133879032258687e-05,-4.579430440967372e-05
batch1,2,513.0,1177.0,1.0724345,1.0724345,1.0724345,1.0724345,-4.054947580644986e-05,-4.3743661450926994e-05
batch1,2,514.0,1177.0,1.0724052,1.0724052,1.0724052,1.0724345,-3.897725806452399e-05,-4.138874537695612e-05
batch1,2,515.0,1177.0,1.0724219,1.0724219,1.0724219,1.0724219,-3.752415322580117e-05,-3.906231863442407e-05
batch1,2,516.0,1177.0,1.0723759,1.0723759,1.0723759,1.0724057,-3.658616935483466e-05,-3.70052745376959e-05
batch1,2,517.0,1177.0,1.0724057,1.0724057,1.0724057,1.0724052,-3.44294758064504e-05,-3.5049004267423786e-05
batch1,2,518.0,1177.0,1.0722766,1.0722766,1.0722766,1.0723923,-3.151995967741485e-05,-3.336245234708334e-05
batch1,2,519.0,1177.0,1.0724707,1.0724707,1.0724707,1.0723759,-2.8462137096782185e-05,-3.169156756756787e-05
batch1,2,520.0,1177.0,1.0723923,1.0723923,1.0723923,1.0723759,-2.695532258064346e-05,-3.0341499288765663e-05
batch1,2,521.0,1177.0,1.0723287,1.0723287,1.0723287,1.0723447,-2.6917782258069268e-05,-2.9612990042675202e-05
batch1,2,522.0,1177.0,1.0721771,1.0721771,1.0721771,1.0723447,-2.835967741934833e-05,-2.9388364153628195e-05
batch1,2,523.0,1177.0,1.072204,1.072204,1.072204,1.0723287,-3.012758064515992e-05,-3.066547937411098e-05
batch1,2,524.0,1177.0,1.0723003,1.0723003,1.0723003,1.0723287,-3.193072580645046e-05,-3.393975248933254e-05
batch1,2,525.0,1177.0,1.072383,1.072383,1.072383,1.0723003,-3.404915322579879e-05,-3.312644381223511e-05
batch1,2,526.0,1177.0,1.0723447,1.0723447,1.0723447,1.072261,-3.6072016129026936e-05,-3.491814224751281e-05
batch1,2,527.0,1177.0,1.0723597,1.0723597,1.0723597,1.0722421,-3.811403225806118e-05,-3.5689726884778513e-05
batch1,2,528.0,1177.0,1.072261,1.072261,1.072261,1.0722421,-3.9361209677422545e-05,-3.6280958748224e-05
batch1,2,529.0,1177.0,1.0722421,1.0722421,1.0722421,1.0722421,-4.0692096774194956e-05,-3.672278236130999e-05
batch1,2,530.0,1177.0,1.0720388,1.0720388,1.0720388,1.0720388,-4.229225806451585e-05,-3.697931152205029e-05
batch1,2,531.0,1177.0,1.0718426,1.0718426,1.0718426,1.0719225,-4.3171008064518485e-05,-3.725383214793613e-05
batch1,2,532.0,1177.0,1.0719041,1.0719041,1.0719041,1.0719041,-4.3977903225800437e-05,-3.76358463726873e-05
batch1,2,533.0,1177.0,1.0719225,1.0719225,1.0719225,1.0718426,-4.4978387096768826e-05,-3.802798293029693e-05
batch1,2,534.0,1177.0,1.0718274,1.0718274,1.0718274,1.0718274,-4.65076209677443e-05,-3.861266002845128e-05
batch1,2,535.0,1177.0,1.071757,1.071757,1.071757,1.071757,-4.5162419354844814e-05,-3.870190042674343e-05
batch1,2,536.0,1177.0,1.0717024,1.0717024,1.0717024,1.0717024,-4.288048387097267e-05,-3.8535172119486025e-05
batch1,2,537.0,1177.0,1.071584,1.071584,1.071584,1.071584,-4.024786290322797e-05,-3.8227354196301004e-05
batch1,2,538.0,1177.0,1.0714897,1.0714897,1.0714897,1.0714897,-3.825056451612127e-05,-3.8068560455193406e-05
batch1,2,539.0,1177.0,1.0714589,1.0714589,1.0714589,1.0714589,-3.538971774194014e-05,-3.769753058321378e-05
batch1,2,540.0,1177.0,1.071403,1.071403,1.071403,1.0714346,-3.218842741936494e-05,-3.709460312944411e-05
batch1,2,541.0,1177.0,1.0713975,1.0713975,1.0713975,1.071403,-2.82747177419389e-05,-3.627591180654299e-05
batch1,2,542.0,1177.0,1.0713767,1.0713767,1.0713767,1.0713975,-2.6174596774189948e-05,-3.5623627311522004e-05
batch1,2,543.0,1177.0,1.0714346,1.0714346,1.0714346,1.071378,-2.570653225807062e-05,-3.5234773826460146e-05
batch1,2,544.0,1177.0,1.071378,1.071378,1.071378,1.0713767,-2.4892983870976546e-05,-3.501776102418257e-05
batch1,2,545.0,1177.0,1.0712943,1.0712943,1.0712943,1.0713352,-2.464991935483644e-05,-3.48508705547615e-05
batch1,2,546.0,1177.0,1.0713217,1.0713217,1.0713217,1.0713352,-2.5853629032261274e-05,-3.48495135135138e-05
batch1,2,547.0,1177.0,1.0713093,1.0713093,1.0713093,1.0713352,-2.784677419355156e-05,-3.509353911806542e-05
batch1,2,548.0,1177.0,1.0711744,1.0711744,1.0711744,1.0713352,-2.9302620967746436e-05,-3.543133712659839e-05
batch1,2,549.0,1177.0,1.0711426,1.0711426,1.0711426,1.0713352,-3.0179596774203544e-05,-3.580730867709684e-05
batch1,2,550.0,1177.0,1.0713352,1.0713352,1.0713352,1.0713352,-3.1457459677430554e-05,-3.6177362731151847e-05
batch1,2,551.0,1177.0,1.071498,1.071498,1.071498,1.071498,-3.2794919354846976e-05,-3.643183499288684e-05
batch1,2,552.0,1177.0,1.0715642,1.0715642,1.0715642,1.071498,-3.393854838709913e-05,-3.6571917496445456e-05
batch1,2,553.0,1177.0,1.0715699,1.0715699,1.0715699,1.071498,-3.5828467741934916e-05,-3.669863157894822e-05
batch1,2,554.0,1177.0,1.0716435,1.0716435,1.0716435,1.071498,-3.835379032257892e-05,-3.680836130867766e-05
batch1,2,555.0,1177.0,1.0715597,1.0715597,1.0715597,1.071498,-4.0157983870969886e-05,-3.6902773826456e-05
batch1,2,556.0,1177.0,1.0715399,1.0715399,1.0715399,1.071498,-4.377762096774179e-05,-3.713224751066938e-05
batch1,2,557.0,1177.0,1.0712247,1.0712247,1.0712247,1.0712247,-4.520270161290985e-05,-3.7124349928879715e-05
batch1,2,558.0,1177.0,1.0708642,1.0708642,1.0708642,1.0709269,-4.584137096773896e-05,-3.724980654338619e-05
batch1,2,559.0,1177.0,1.0709269,1.0709269,1.0709269,1.0708642,-4.6054153225809505e-05,-3.746752204836058e-05
batch1,2,560.0,1177.0,1.0707638,1.0707638,1.0707638,1.0707638,-4.7684798387099325e-05,-3.772070554765203e-05
batch1,2,561.0,1177.0,1.0706429,1.0706429,1.0706429,1.0706429,-4.888471774193909e-05,-3.786398577524916e-05
batch1,2,562.0,1177.0,1.0706286,1.0706286,1.0706286,1.0706286,-4.869544354838595e-05,-3.778266856330188e-05
batch1,2,563.0,1177.0,1.0705709,1.0705709,1.0705709,1.0705709,-4.757165322580144e-05,-3.7526025604553416e-05
batch1,2,564.0,1177.0,1.0705581,1.0705581,1.0705581,1.0705581,-4.670858870967436e-05,-3.7346423897582554e-05
batch1,2,565.0,1177.0,1.0705023,1.0705023,1.0705023,1.0705023,-4.608504032258037e-05,-3.727305263157973e-05
batch1,2,566.0,1177.0,1.0704792,1.0704792,1.0704792,1.0704843,-4.412802419355466e-05,-3.725593172119272e-05
batch1,2,567.0,1177.0,1.0704843,1.0704843,1.0704843,1.0704792,-4.12132661290314e-05,-3.715174110953287e-05
batch1,2,568.0,1177.0,1.070406,1.070406,1.070406,1.0704504,-3.8424314516129215e-05,-3.715378378378453e-05
batch1,2,569.0,1177.0,1.070323,1.070323,1.070323,1.070406,-3.641951612902625e-05,-3.747061450924509e-05
batch1,2,570.0,1177.0,1.0703973,1.0703973,1.0703973,1.0703973,-3.392887096772863e-05,-3.760020768136508e-05
batch1,2,571.0,1177.0,1.070086,1.070086,1.070086,1.0703973,-3.158173387097211e-05,-3.764823897581445e-05
batch1,2,572.0,1177.0,1.0703669,1.0703669,1.0703669,1.0703669,-2.9062056451617612e-05,-3.767652347083689e-05
batch1,2,573.0,1177.0,1.0704504,1.0704504,1.0704504,1.0703669,-2.7480362903230207e-05,-3.7775368421051286e-05
batch1,2,574.0,1177.0,1.0703973,1.0703973,1.0703973,1.0703669,-2.7239959677419734e-05,-3.780862304409704e-05
batch1,2,575.0,1177.0,1.0701541,1.0701541,1.0701541,1.0703973,-2.6633467741928784e-05,-3.816411664295984e-05
batch1,2,576.0,1177.0,1.070233,1.070233,1.070233,1.0703973,-2.666729838709132e-05,-3.8281396870557856e-05
batch1,2,577.0,1177.0,1.0703627,1.0703627,1.0703627,1.0703973,-2.7606008064513077e-05,-3.843243527738326e-05
batch1,2,578.0,1177.0,1.0704665,1.0704665,1.0704665,1.0703973,-2.8671814516137325e-05,-3.8590236130866394e-05
batch1,2,579.0,1177.0,1.0705111,1.0705111,1.0705111,1.0703627,-2.9980524193552244e-05,-3.876959317211581e-05
batch1,2,580.0,1177.0,1.0704612,1.0704612,1.0704612,1.0703552,-3.1723991935489125e-05,-3.9151997155050424e-05
batch1,2,581.0,1177.0,1.0704308,1.0704308,1.0704308,1.0703552,-3.3997983870964666e-05,-3.9338603129445904e-05
batch1,2,582.0,1177.0,1.0703552,1.0703552,1.0703552,1.0703552,-3.570629032258484e-05,-3.953602844950013e-05
batch1,2,583.0,1177.0,1.0701876,1.0701876,1.0701876,1.0701876,-3.693499999999601e-05,-3.978836415362593e-05
batch1,2,584.0,1177.0,1.0699601,1.0699601,1.0699601,1.0699601,-3.799697580645489e-05,-3.995542532005915e-05
batch1,2,585.0,1177.0,1.0698546,1.0698546,1.0698546,1.0698615,-3.917774193548492e-05,-4.0156944523473214e-05
batch1,2,586.0,1177.0,1.069801,1.069801,1.069801,1.0698546,-4.020891129032684e-05,-4.0384449502133376e-05
batch1,2,587.0,1177.0,1.0697334,1.0697334,1.0697334,1.069801,-4.401362903225001e-05,-4.060185775248994e-05
batch1,2,588.0,1177.0,1.0697941,1.0697941,1.0697941,1.0697941,-4.5858306451614655e-05,-4.0519638691323106e-05
batch1,2,589.0,1177.0,1.0698615,1.0698615,1.0698615,1.0697883,-4.65498387096749e-05,-4.0133325746798225e-05
batch1,2,590.0,1177.0,1.0697883,1.0697883,1.0697883,1.0697805,-4.690193548387545e-05,-3.96421593172115e-05
batch1,2,591.0,1177.0,1.0697805,1.0697805,1.0697805,1.0697334,-4.9377217741946433e-05,-3.925823613086717e-05
batch1,2,592.0,1177.0,1.0696943,1.0696943,1.0696943,1.0696943,-5.0637540322579515e-05,-3.880829871977186e-05
batch1,2,593.0,1177.0,1.0696253,1.0696253,1.0696253,1.0696253,-5.068165322580903e-05,-3.8202219061168996e-05
batch1,2,594.0,1177.0,1.0695798,1.0695798,1.0695798,1.0695798,-4.9272661290323294e-05,-3.749652631578832e-05
batch1,2,595.0,1177.0,1.0694555,1.0694555,1.0694555,1.0694555,-4.741620967742373e-05,-3.705166429587061e-05
batch1,2,596.0,1177.0,1.0693538,1.0693538,1.0693538,1.0694398,-4.499129032258103e-05,-3.698860597439472e-05
batch1,2,597.0,1177.0,1.0693954,1.0693954,1.0693954,1.0694356,-4.372552419353951e-05,-3.688088762446896e-05
batch1,2,598.0,1177.0,1.069397,1.069397,1.069397,1.069397,-4.0770887096781386e-05,-3.697669416785343e-05
batch1,2,599.0,1177.0,1.0694356,1.0694356,1.0694356,1.0693954,-3.8752096774192654e-05,-3.710246372688395e-05
batch1,2,600.0,1177.0,1.0694398,1.0694398,1.0694398,1.0693538,-3.779064516128517e-05,-3.709689615931609e-05
batch1,2,601.0,1177.0,1.0693264,1.0693264,1.0693264,1.0693264,-3.75757258064459e-05,-3.706170128022915e-05
batch1,2,602.0,1177.0,1.0691285,1.0691285,1.0691285,1.0691286,-3.874201612903211e-05,-3.700568421052814e-05
batch1,2,603.0,1177.0,1.0690891,1.0690891,1.0690891,1.0691285,-3.9537177419362396e-05,-3.700001422475287e-05
batch1,2,604.0,1177.0,1.0691055,1.0691055,1.0691055,1.0691055,-3.9658185483860746e-05,-3.702035277382611e-05
batch1,2,605.0,1177.0,1.0691286,1.0691286,1.0691286,1.0690891,-3.9106209677422134e-05,-3.69031550497864e-05
batch1,2,606.0,1177.0,1.0689524,1.0689524,1.0689524,1.0690054,-3.862205645161505e-05,-3.691807396870582e-05
batch1,2,607.0,1177.0,1.068989,1.068989,1.068989,1.068989,-3.82533064516109e-05,-3.703187482219114e-05
batch1,2,608.0,1177.0,1.0689688,1.0689688,1.0689688,1.0689765,-3.767423387096261e-05,-3.701185775249023e-05
batch1,2,609.0,1177.0,1.0690054,1.0690054,1.0690054,1.0689688,-3.722822580644553e-05,-3.73149388335697e-05
batch1,2,610.0,1177.0,1.0689344,1.0689344,1.0689344,1.068964,-3.650907258064736e-05,-3.7308244665719755e-05
batch1,2,611.0,1177.0,1.0689765,1.0689765,1.0689765,1.0689524,-3.5867379032261016e-05,-3.71880938833555e-05
batch1,2,612.0,1177.0,1.0687183,1.0687183,1.0687183,1.0689344,-3.57891935483827e-05,-3.7145735419632355e-05
batch1,2,613.0,1177.0,1.068964,1.068964,1.068964,1.0688953,-3.623270161290083e-05,-3.723086201991474e-05
batch1,2,614.0,1177.0,1.0688953,1.0688953,1.0688953,1.068877,-3.682020161290142e-05,-3.701860312944668e-05
batch1,2,615.0,1177.0,1.068877,1.068877,1.068877,1.0687939,-3.580403225806764e-05,-3.6625678520631976e-05
batch1,2,616.0,1177.0,1.0687939,1.0687939,1.0687939,1.0687183,-3.413266129032822e-05,-3.616831578947292e-05
batch1,2,617.0,1177.0,1.068552,1.068552,1.068552,1.0686022,-3.280221774193335e-05,-3.567718349928901e-05
batch1,2,618.0,1177.0,1.0686022,1.0686022,1.0686022,1.0685735,-3.276294354838368e-05,-3.5403317211948426e-05
batch1,2,619.0,1177.0,1.0685735,1.0685735,1.0685735,1.068552,-3.317427419354534e-05,-3.509054338549087e-05
batch1,2,620.0,1177.0,1.0685315,1.0685315,1.0685315,1.0685315,-3.370330645160432e-05,-3.474839544808049e-05
batch1,2,621.0,1177.0,1.0685097,1.0685097,1.0685097,1.0685097,-3.3513991935491024e-05,-3.4463149359885515e-05
batch1,2,622.0,1177.0,1.0684137,1.0684137,1.0684137,1.0684743,-3.3603548387094025e-05,-3.44211095305828e-05
batch1,2,623.0,1177.0,1.0684493,1.0684493,1.0684493,1.0684493,-3.2999153225801723e-05,-3.448008534850619e-05
batch1,2,624.0,1177.0,1.0684179,1.0684179,1.0684179,1.0684311,-3.237717741936378e-05,-3.459827880512183e-05
batch1,2,625.0,1177.0,1.0684311,1.0684311,1.0684311,1.0684242,-3.151108870967407e-05,-3.473404267425398e-05
batch1,2,626.0,1177.0,1.0684743,1.0684743,1.0684743,1.0684179,-3.112076612902999e-05,-3.460801991465296e-05
batch1,2,627.0,1177.0,1.0684242,1.0684242,1.0684242,1.0684137,-2.9720604838705796e-05,-3.437176386913027e-05
batch1,2,628.0,1177.0,1.0682316,1.0682316,1.0682316,1.0682939,-3.0277016129040305e-05,-3.416310384068557e-05
batch1,2,629.0,1177.0,1.0681285,1.0681285,1.0681285,1.0682821,-2.9383427419346925e-05,-3.386168136557486e-05
batch1,2,630.0,1177.0,1.0682679,1.0682679,1.0682679,1.0682679,-2.8577379032264635e-05,-3.360222190611799e-05
batch1,2,631.0,1177.0,1.0682939,1.0682939,1.0682939,1.0682316,-2.7799758064516348e-05,-3.3423004267426204e-05
batch1,2,632.0,1177.0,1.0682821,1.0682821,1.0682821,1.0682101,-2.745366935484076e-05,-3.3265729729727044e-05
batch1,2,633.0,1177.0,1.0682101,1.0682101,1.0682101,1.0681285,-2.8531209677415572e-05,-3.322880512091281e-05
batch1,2,634.0,1177.0,1.0681164,1.0681164,1.0681164,1.0681242,-2.9497459677417037e-05,-3.331521763869067e-05
batch1,2,635.0,1177.0,1.0680146,1.0680146,1.0680146,1.0681164,-2.991443548386859e-05,-3.334824182076568e-05
batch1,2,636.0,1177.0,1.068036,1.068036,1.068036,1.068105,-2.9411774193544576e-05,-3.3262580369841305e-05
batch1,2,637.0,1177.0,1.068105,1.068105,1.068105,1.068091,-2.8907056451612803e-05,-3.317337126600551e-05
batch1,2,638.0,1177.0,1.0681242,1.0681242,1.0681242,1.068036,-2.9409032258060436e-05,-3.294635846372633e-05
batch1,2,639.0,1177.0,1.068091,1.068091,1.068091,1.0680338,-2.9904798387095886e-05,-3.2833576102417645e-05
batch1,2,640.0,1177.0,1.0680338,1.0680338,1.0680338,1.0680236,-3.165310483870454e-05,-3.2907177809386317e-05
batch1,2,641.0,1177.0,1.0679661,1.0679661,1.0679661,1.0680236,-3.296322580645736e-05,-3.3021786628732504e-05
batch1,2,642.0,1177.0,1.0680236,1.0680236,1.0680236,1.0679661,-3.340100806451112e-05,-3.3059328591749774e-05
batch1,2,643.0,1177.0,1.067912,1.067912,1.067912,1.067912,-3.3467580645166276e-05,-3.2887186344239144e-05
batch1,2,644.0,1177.0,1.0678359,1.0678359,1.0678359,1.0678359,-3.478185483870136e-05,-3.315093883356938e-05
batch1,2,645.0,1177.0,1.0678195,1.0678195,1.0678195,1.0678195,-3.6729677419362636e-05,-3.348528876244887e-05
batch1,2,646.0,1177.0,1.0677626,1.0677626,1.0677626,1.0677626,-3.783838709676415e-05,-3.378337980085626e-05
batch1,2,647.0,1177.0,1.0677056,1.0677056,1.0677056,1.0677456,-3.8430685483867785e-05,-3.392386344239131e-05
batch1,2,648.0,1177.0,1.0676557,1.0676557,1.0676557,1.0677168,-3.791584677418501e-05,-3.405291607396684e-05
batch1,2,649.0,1177.0,1.0675608,1.0675608,1.0675608,1.0677056,-3.763685483870191e-05,-3.4014586059744574e-05
batch1,2,650.0,1177.0,1.0676128,1.0676128,1.0676128,1.0676557,-3.768399193548415e-05,-3.4208017069703203e-05
batch1,2,651.0,1177.0,1.0677456,1.0677456,1.0677456,1.0676128,-3.78442338709654e-05,-3.406432147937063e-05
batch1,2,652.0,1177.0,1.0677168,1.0677168,1.0677168,1.0675999,-3.765548387096668e-05,-3.4040913229021775e-05
batch1,2,653.0,1177.0,1.0675999,1.0675999,1.0675999,1.0675608,-3.710939516129285e-05,-3.391325177809432e-05
batch1,2,654.0,1177.0,1.0675087,1.0675087,1.0675087,1.0675087,-3.62812903225831e-05,-3.382888477951528e-05
batch1,2,655.0,1177.0,1.0672724,1.0672724,1.0672724,1.0673089,-3.555959677418713e-05,-3.3900147937411925e-05
batch1,2,656.0,1177.0,1.0672544,1.0672544,1.0672544,1.0672741,-3.5236370967737045e-05,-3.3868503556188e-05
batch1,2,657.0,1177.0,1.0672741,1.0672741,1.0672741,1.0672724,-3.524129032257255e-05,-3.387316358463908e-05
batch1,2,658.0,1177.0,1.0673089,1.0673089,1.0673089,1.0672544,-3.416294354838533e-05,-3.4071263157898345e-05
batch1,2,659.0,1177.0,1.0672337,1.0672337,1.0672337,1.0672337,-3.3970766129020814e-05,-3.417536842105389e-05
batch1,2,660.0,1177.0,1.0671724,1.0671724,1.0671724,1.067193,-3.347681451613027e-05,-3.4171524893316774e-05
batch1,2,661.0,1177.0,1.0670987,1.0670987,1.0670987,1.0671724,-3.3057983870969754e-05,-3.393104978662743e-05
batch1,2,662.0,1177.0,1.0670784,1.0670784,1.0670784,1.0671585,-3.283822580645113e-05,-3.362455476529144e-05
batch1,2,663.0,1177.0,1.067193,1.067193,1.067193,1.0671582,-3.294762096774835e-05,-3.321900995732346e-05
batch1,2,664.0,1177.0,1.0671582,1.0671582,1.0671582,1.0671363,-3.3009758064524485e-05,-3.269827880511831e-05
batch1,2,665.0,1177.0,1.0671341,1.0671341,1.0671341,1.0671341,-3.2615040322578025e-05,-3.21783413940277e-05
batch1,2,666.0,1177.0,1.0671585,1.0671585,1.0671585,1.0670987,-3.335528225806558e-05,-3.1818586059743594e-05
batch1,2,667.0,1177.0,1.0671363,1.0671363,1.0671363,1.0670784,-3.381096774193285e-05,-3.1594480796585036e-05
batch1,2,668.0,1177.0,1.0670618,1.0670618,1.0670618,1.0670618,-3.396895161290745e-05,-3.121162446657075e-05
batch1,2,669.0,1177.0,1.0670184,1.0670184,1.0670184,1.0670184,-3.405713709678278e-05,-3.090773541962761e-05
batch1,2,670.0,1177.0,1.0669625,1.0669625,1.0669625,1.0669625,-3.414366935483388e-05,-3.059519772403632e-05
batch1,2,671.0,1177.0,1.0668824,1.0668824,1.0668824,1.0668824,-3.499883064516228e-05,-3.0255544807964185e-05
batch1,2,672.0,1177.0,1.0668236,1.0668236,1.0668236,1.0668652,-3.5755161290324256e-05,-2.969474253200618e-05
batch1,2,673.0,1177.0,1.0668652,1.0668652,1.0668652,1.0668236,-3.598959677419287e-05,-2.907684495021506e-05
batch1,2,674.0,1177.0,1.0667605,1.0667605,1.0667605,1.0668148,-3.631298387096807e-05,-2.8078361308677985e-05
batch1,2,675.0,1177.0,1.0668148,1.0668148,1.0668148,1.0667605,-3.6405040322585157e-05,-2.676606827880317e-05
batch1,2,676.0,1177.0,1.0667518,1.0667518,1.0667518,1.0667518,-3.665955645160439e-05,-2.549780654338973e-05
batch1,2,677.0,1177.0,1.0667084,1.0667084,1.0667084,1.0667435,-3.6820322580645555e-05,-2.440225889046947e-05
batch1,2,678.0,1177.0,1.0666445,1.0666445,1.0666445,1.0667084,-3.6869435483875234e-05,-2.291738833570088e-05
batch1,2,679.0,1177.0,1.0666348,1.0666348,1.0666348,1.0666445,-3.6258991935477005e-05,-2.1852825035562086e-05
batch1,2,680.0,1177.0,1.0667435,1.0667435,1.0667435,1.0666348,-3.670576612903392e-05,-2.0891931721196256e-05
batch1,2,681.0,1177.0,1.0664459,1.0664459,1.0664459,1.0664459,-3.657254032257499e-05,-2.0487032716924343e-05
batch1,2,682.0,1177.0,1.0662735,1.0662735,1.0662735,1.0663493,-3.5021653225801666e-05,-2.030880796586213e-05
batch1,2,683.0,1177.0,1.0662553,1.0662553,1.0662553,1.0663265,-3.243834677419553e-05,-2.0367732574682177e-05
batch1,2,684.0,1177.0,1.0662941,1.0662941,1.0662941,1.0663233,-2.976939516129335e-05,-2.058437268847946e-05
batch1,2,685.0,1177.0,1.0663046,1.0663046,1.0663046,1.0663046,-2.6934999999998535e-05,-2.0904332859174443e-05
batch1,2,686.0,1177.0,1.0663493,1.0663493,1.0663493,1.0662941,-2.413475806451553e-05,-2.1322099573260905e-05
batch1,2,687.0,1177.0,1.0663233,1.0663233,1.0663233,1.0662735,-2.1643266129034336e-05,-2.1840503556186516e-05
batch1,2,688.0,1177.0,1.0663265,1.0663265,1.0663265,1.0662615,-1.9376209677410646e-05,-2.227991749644479e-05
batch1,2,689.0,1177.0,1.0662115,1.0662115,1.0662115,1.0662615,-1.7090483870969714e-05,-2.254289615931719e-05
batch1,2,690.0,1177.0,1.0662568,1.0662568,1.0662568,1.0662568,-1.5493225806449303e-05,-2.2812685633001923e-05
batch1,2,691.0,1177.0,1.0662302,1.0662302,1.0662302,1.0662458,-1.4274798387096353e-05,-2.3212045519206294e-05
batch1,2,692.0,1177.0,1.0662615,1.0662615,1.0662615,1.0662302,-1.339834677418999e-05,-2.3642244665717792e-05
batch1,2,693.0,1177.0,1.0662458,1.0662458,1.0662458,1.0662302,-1.2271169354840972e-05,-2.4279891891892158e-05
batch1,2,694.0,1177.0,1.0661771,1.0661771,1.0661771,1.0662302,-9.790725806461747e-06,-2.4896389758178098e-05
batch1,2,695.0,1177.0,1.0659717,1.0659717,1.0659717,1.0662458,-6.569556451621667e-06,-2.5402557610241203e-05
batch1,2,696.0,1177.0,1.0660142,1.0660142,1.0660142,1.0662458,-7.638709677515691e-07,-2.58271408250356e-05
batch1,2,697.0,1177.0,1.0661479,1.0661479,1.0661479,1.0662615,4.295000000003546e-06,-2.632384921764156e-05
batch1,2,698.0,1177.0,1.0662749,1.0662749,1.0662749,1.0662749,7.490887096780561e-06,-2.66557496443808e-05
batch1,2,699.0,1177.0,1.0663111,1.0663111,1.0663111,1.0662749,9.354677419357932e-06,-2.6853115220485593e-05
batch1,2,700.0,1177.0,1.0663347,1.0663347,1.0663347,1.0662749,1.3670483870955417e-05,-2.6838514935988424e-05
batch1,2,701.0,1177.0,1.0663431,1.0663431,1.0663431,1.0662749,1.5600524193552883e-05,-2.654032716927617e-05
batch1,2,702.0,1177.0,1.0663362,1.0663362,1.0663362,1.0662749,1.6508024193547846e-05,-2.6192056899005387e-05
batch1,2,703.0,1177.0,1.0663254,1.0663254,1.0663254,1.0662749,1.4443064516138848e-05,-2.6070318634425075e-05
batch1,2,704.0,1177.0,1.0662509,1.0662509,1.0662509,1.0662963,1.138274193548568e-05,-2.5682295874824237e-05
batch1,2,705.0,1177.0,1.0662078,1.0662078,1.0662078,1.0662963,6.192338709672182e-06,-2.5342867709814373e-05
batch1,2,706.0,1177.0,1.0660504,1.0660504,1.0660504,1.0662963,6.333467742018042e-07,-2.5330526315792015e-05
batch1,2,707.0,1177.0,1.0660101,1.0660101,1.0660101,1.0662963,-5.380846774196875e-06,-2.562989473684538e-05
batch1,2,708.0,1177.0,1.0660484,1.0660484,1.0660484,1.0662963,-1.1465806451616262e-05,-2.6384770981506932e-05
batch1,2,709.0,1177.0,1.0662963,1.0662963,1.0662963,1.0662963,-1.7615201612901355e-05,-2.711265433854498e-05
batch1,2,710.0,1177.0,1.0664059,1.0664059,1.0664059,1.0664059,-2.4026733870969965e-05,-2.848631294452598e-05
batch1,2,711.0,1177.0,1.066702,1.066702,1.066702,1.0666331,-3.155004032258116e-05,-2.9298099573257788e-05
batch1,2,712.0,1177.0,1.0668932,1.0668932,1.0668932,1.0666331,-3.8730564516129667e-05,-3.019369559032757e-05
batch1,2,713.0,1177.0,1.0667989,1.0667989,1.0667989,1.0666331,-4.510431451612867e-05,-3.0997994310099535e-05
batch1,2,714.0,1177.0,1.0666331,1.0666331,1.0666331,1.0666331,-5.0215564516129974e-05,-3.184535704125163e-05
batch1,2,715.0,1177.0,1.0670223,1.0670223,1.0670223,1.0666331,-5.469560483870884e-05,-3.264762446656791e-05
batch1,2,716.0,1177.0,1.0666652,1.0666652,1.0666652,1.0666331,-5.8609233870977225e-05,-3.3552933143667934e-05
batch1,2,717.0,1177.0,1.0664725,1.0664725,1.0664725,1.0664725,-6.175770161290749e-05,-3.4340935988621034e-05
batch1,2,718.0,1177.0,1.066017,1.066017,1.066017,1.066017,-6.45033870967729e-05,-3.501762446656857e-05
batch1,2,719.0,1177.0,1.0658286,1.0658286,1.0658286,1.0658286,-6.707443548387425e-05,-3.600160170697e-05
batch1,2,720.0,1177.0,1.0655659,1.0655659,1.0655659,1.0655659,-6.858512096773253e-05,-3.733232147937562e-05
batch1,2,721.0,1177.0,1.0654136,1.0654136,1.0654136,1.0654136,-6.898677419354028e-05,-3.8507672830723986e-05
batch1,2,722.0,1177.0,1.0653105,1.0653105,1.0653105,1.0653105,-6.894346774193123e-05,-3.95636842105284e-05
batch1,2,723.0,1177.0,1.0652041,1.0652041,1.0652041,1.0652041,-6.822673387097235e-05,-4.0633371266003186e-05
batch1,2,724.0,1177.0,1.0651397,1.0651397,1.0651397,1.0651397,-6.6802862903225e-05,-4.179598008534997e-05
batch1,2,725.0,1177.0,1.0650959,1.0650959,1.0650959,1.0650959,-6.496262096774697e-05,-4.2522702702706215e-05
batch1,2,726.0,1177.0,1.0650591,1.0650591,1.0650591,1.0650591,-6.0907016129036445e-05,-4.2888273115218666e-05
batch1,2,727.0,1177.0,1.0650096,1.0650096,1.0650096,1.0650096,-5.495443548387292e-05,-4.319263157894483e-05
batch1,2,728.0,1177.0,1.0649334,1.0649334,1.0649334,1.0649334,-4.891669354838728e-05,-4.3297445234707124e-05
batch1,2,729.0,1177.0,1.0649257,1.0649257,1.0649257,1.0649257,-4.458314516128176e-05,-4.3534813655762375e-05
batch1,2,730.0,1177.0,1.0649015,1.0649015,1.0649015,1.0649257,-4.312096774193656e-05,-4.3528765291609395e-05
batch1,2,731.0,1177.0,1.064876,1.064876,1.064876,1.0649257,-3.79794354838707e-05,-4.350324608819222e-05
batch1,2,732.0,1177.0,1.0648963,1.0648963,1.0648963,1.0649257,-3.7809717741936994e-05,-4.40826913229021e-05
batch1,2,733.0,1177.0,1.0648738,1.0648738,1.0648738,1.0649257,-3.5220725806455165e-05,-4.466503840683062e-05
batch1,2,734.0,1177.0,1.0648167,1.0648167,1.0648167,1.0649257,-3.489100806450933e-05,-4.533137411095485e-05
batch1,2,735.0,1177.0,1.0649709,1.0649709,1.0649709,1.0649709,-3.5234032258062285e-05,-4.65269132290236e-05
batch1,2,736.0,1177.0,1.0651149,1.0651149,1.0651149,1.0651149,-3.684709677419435e-05,-4.709808250355941e-05
batch1,2,737.0,1177.0,1.0652835,1.0652835,1.0652835,1.0651838,-3.871612903226426e-05,-4.75790384068252e-05
batch1,2,738.0,1177.0,1.0653867,1.0653867,1.0653867,1.0651838,-4.130455645160644e-05,-4.799785775248829e-05
batch1,2,739.0,1177.0,1.0654212,1.0654212,1.0654212,1.0651838,-4.370971774194375e-05,-4.840523470839544e-05
batch1,2,740.0,1177.0,1.0651838,1.0651838,1.0651838,1.0651838,-4.6482782258058446e-05,-4.871131436699814e-05
batch1,2,741.0,1177.0,1.065359,1.065359,1.065359,1.0651838,-4.939673387096055e-05,-4.909368136557513e-05
batch1,2,742.0,1177.0,1.065287,1.065287,1.065287,1.0651838,-5.336407258064376e-05,-4.940716642958557e-05
batch1,2,743.0,1177.0,1.0650028,1.0650028,1.0650028,1.0650028,-5.647205645161977e-05,-4.969706685633138e-05
batch1,2,744.0,1177.0,1.0646956,1.0646956,1.0646956,1.0646956,-5.94929838709654e-05,-5.0214620199143626e-05
batch1,2,745.0,1177.0,1.0642575,1.0642575,1.0642575,1.0642923,-6.261092741935465e-05,-5.0817348506394226e-05
batch1,2,746.0,1177.0,1.0642923,1.0642923,1.0642923,1.0642575,-6.658181451613664e-05,-5.1868765291606133e-05
batch1,2,747.0,1177.0,1.0636692,1.0636692,1.0636692,1.064075,-6.790310483871356e-05,-5.251170412517648e-05
batch1,2,748.0,1177.0,1.064075,1.064075,1.064075,1.0640275,-6.69820564516088e-05,-5.252330583214623e-05
batch1,2,749.0,1177.0,1.0640275,1.0640275,1.0640275,1.0639846,-6.514052419355131e-05,-5.219477098150566e-05
batch1,2,750.0,1177.0,1.0639846,1.0639846,1.0639846,1.0639431,-6.281959677419112e-05,-5.145579800853633e-05
batch1,2,751.0,1177.0,1.0639319,1.0639319,1.0639319,1.0639319,-6.0168266129033135e-05,-5.06330867709833e-05
batch1,2,752.0,1177.0,1.0639431,1.0639431,1.0639431,1.0638816,-5.5347661290328564e-05,-5.000616216216309e-05
batch1,2,753.0,1177.0,1.0638361,1.0638361,1.0638361,1.0638816,-4.917399193548417e-05,-4.8466881934567144e-05
batch1,2,754.0,1177.0,1.0638816,1.0638816,1.0638816,1.0638361,-4.5251693548394e-05,-4.707946230440954e-05
batch1,2,755.0,1177.0,1.0638013,1.0638013,1.0638013,1.0638013,-3.95276209677491e-05,-4.572940256045416e-05
batch1,2,756.0,1177.0,1.0637355,1.0637355,1.0637355,1.0637355,-3.574697580646093e-05,-4.466190327169381e-05
batch1,2,757.0,1177.0,1.0635099,1.0635099,1.0635099,1.0636553,-3.4430564516131365e-05,-4.369759886202125e-05
batch1,2,758.0,1177.0,1.0636015,1.0636015,1.0636015,1.0636553,-3.0284435483863475e-05,-4.2998813655762304e-05
batch1,2,759.0,1177.0,1.0636033,1.0636033,1.0636033,1.0636553,-2.732157258063997e-05,-4.2569826458037055e-05
batch1,2,760.0,1177.0,1.0635068,1.0635068,1.0635068,1.0636553,-2.588516129032856e-05,-4.246948790896189e-05
batch1,2,761.0,1177.0,1.063297,1.063297,1.063297,1.0636553,-2.713177419354629e-05,-4.279369843527663e-05
batch1,2,762.0,1177.0,1.0636553,1.0636553,1.0636553,1.0636553,-2.7556290322579804e-05,-4.316663726884792e-05
batch1,2,763.0,1177.0,1.063923,1.063923,1.063923,1.063923,-3.23870161290369e-05,-4.3648412517777844e-05
batch1,2,764.0,1177.0,1.0640343,1.0640343,1.0640343,1.063923,-3.396895161289869e-05,-4.409775817923072e-05
batch1,2,765.0,1177.0,1.0641185,1.0641185,1.0641185,1.063923,-3.551737903225053e-05,-4.458277951635915e-05
batch1,2,766.0,1177.0,1.0639621,1.0639621,1.0639621,1.063923,-3.774229838708896e-05,-4.510393741109645e-05
batch1,2,767.0,1177.0,1.0640999,1.0640999,1.0640999,1.063923,-4.0572258064509036e-05,-4.559617923186536e-05
batch1,2,768.0,1177.0,1.0640761,1.0640761,1.0640761,1.063923,-4.615536290322952e-05,-4.608238691322861e-05
batch1,2,769.0,1177.0,1.0635133,1.0635133,1.0635133,1.0636495,-5.149866935483495e-05,-4.654709815078139e-05
batch1,2,770.0,1177.0,1.0636495,1.0636495,1.0636495,1.0635133,-5.3568064516123935e-05,-4.692808250355629e-05
batch1,2,771.0,1177.0,1.0634633,1.0634633,1.0634633,1.0634633,-5.6095564516133414e-05,-4.730907823612979e-05
batch1,2,772.0,1177.0,1.0627543,1.0627543,1.0627543,1.0631253,-5.799137096773578e-05,-4.7653860597442795e-05
batch1,2,773.0,1177.0,1.0631253,1.0631253,1.0631253,1.0630887,-6.04658467741874e-05,-4.7838674253203554e-05
batch1,2,774.0,1177.0,1.0630887,1.0630887,1.0630887,1.0630364,-6.272310483870911e-05,-4.775095305832353e-05
batch1,2,775.0,1177.0,1.0630364,1.0630364,1.0630364,1.0629611,-6.232661290322166e-05,-4.748215647226044e-05
batch1,2,776.0,1177.0,1.0629495,1.0629495,1.0629495,1.0629495,-6.153637096774237e-05,-4.7010523470838845e-05
batch1,2,777.0,1177.0,1.0629611,1.0629611,1.0629611,1.0628554,-6.145217741935658e-05,-4.646169559032621e-05
batch1,2,778.0,1177.0,1.0628085,1.0628085,1.0628085,1.0628554,-5.8251975806448965e-05,-4.589893314366892e-05
batch1,2,779.0,1177.0,1.0628554,1.0628554,1.0628554,1.0628303,-5.295395161289747e-05,-4.4871487908961e-05
batch1,2,780.0,1177.0,1.0628303,1.0628303,1.0628303,1.0628085,-4.6902298387104656e-05,-4.3700483641538376e-05
batch1,2,781.0,1177.0,1.0626844,1.0626844,1.0626844,1.0626844,-4.087975806451939e-05,-4.335824182076669e-05
batch1,2,782.0,1177.0,1.0625539,1.0625539,1.0625539,1.0625539,-3.698201612902491e-05,-4.262621621621331e-05
batch1,2,783.0,1177.0,1.0619949,1.0619949,1.0619949,1.0624298,-3.3820604838706604e-05,-4.238505547652781e-05
batch1,2,784.0,1177.0,1.0620188,1.0620188,1.0620188,1.0623904,-3.0377258064519092e-05,-4.214297297297378e-05
batch1,2,785.0,1177.0,1.0623904,1.0623904,1.0623904,1.0623904,-3.058600806451485e-05,-4.287136842105291e-05
batch1,2,786.0,1177.0,1.0623009,1.0623009,1.0623009,1.0623904,-2.935415322580739e-05,-4.309827880511901e-05
batch1,2,787.0,1177.0,1.0623755,1.0623755,1.0623755,1.0623904,-2.9008427419352828e-05,-4.3432768136555685e-05
batch1,2,788.0,1177.0,1.0624298,1.0624298,1.0624298,1.0623904,-3.280846774193762e-05,-4.3869704125177214e-05
batch1,2,789.0,1177.0,1.062296,1.062296,1.062296,1.0624298,-3.410096774193622e-05,-4.429437837837832e-05
batch1,2,790.0,1177.0,1.0626458,1.0626458,1.0626458,1.0626458,-3.538116935484345e-05,-4.4657681365576776e-05
batch1,2,791.0,1177.0,1.06275,1.06275,1.06275,1.0626841,-3.6650241935474614e-05,-4.504040113798123e-05
batch1,2,792.0,1177.0,1.0628066,1.0628066,1.0628066,1.0626841,-3.806487903225247e-05,-4.535421621621537e-05
batch1,2,793.0,1177.0,1.0629069,1.0629069,1.0629069,1.0626841,-3.923564516129124e-05,-4.569345092460835e-05
batch1,2,794.0,1177.0,1.0629183,1.0629183,1.0629183,1.0626841,-4.077399193548525e-05,-4.6083792318633356e-05
batch1,2,795.0,1177.0,1.0628572,1.0628572,1.0628572,1.0626841,-4.204649193548422e-05,-4.664765576102218e-05
batch1,2,796.0,1177.0,1.0626841,1.0626841,1.0626841,1.0626841,-4.2790322580644964e-05,-4.707915789473837e-05
batch1,2,797.0,1177.0,1.062404,1.062404,1.062404,1.062404,-4.4499879032257915e-05,-4.746738833570239e-05
batch1,2,798.0,1177.0,1.0620314,1.0620314,1.0620314,1.0620314,-4.660620967740945e-05,-4.7939180654338897e-05
batch1,2,799.0,1177.0,1.0619655,1.0619655,1.0619655,1.0619655,-5.2233104838709e-05,-4.841789189189244e-05
batch1,2,800.0,1177.0,1.0618213,1.0618213,1.0618213,1.0618213,-5.650754032258207e-05,-4.851096159317292e-05
batch1,2,801.0,1177.0,1.0618014,1.0618014,1.0618014,1.0618014,-5.714479838709934e-05,-4.835319772404306e-05
batch1,2,802.0,1177.0,1.0617303,1.0617303,1.0617303,1.0617303,-5.7345564516121905e-05,-4.806757610241657e-05
batch1,2,803.0,1177.0,1.0616856,1.0616856,1.0616856,1.0616856,-6.036927419354618e-05,-4.773036415362559e-05
batch1,2,804.0,1177.0,1.0616332,1.0616332,1.0616332,1.0616332,-5.8982741935474645e-05,-4.7289351351351124e-05
batch1,2,805.0,1177.0,1.0615748,1.0615748,1.0615748,1.0615748,-5.8712620967743e-05,-4.6298011379802655e-05
batch1,2,806.0,1177.0,1.0615315,1.0615315,1.0615315,1.0615315,-5.6508588709686586e-05,-4.512927738264678e-05
batch1,2,807.0,1177.0,1.0614998,1.0614998,1.0614998,1.0614998,-5.52879435483804e-05,-4.426479658606066e-05
batch1,2,808.0,1177.0,1.0614311,1.0614311,1.0614311,1.0614311,-5.3060524193543915e-05,-4.346357041251716e-05
batch1,2,809.0,1177.0,1.0614311,1.0614311,1.0614311,1.0614311,-5.0268427419351235e-05,-4.286780938833541e-05
batch1,2,810.0,1177.0,1.0613332,1.0613332,1.0613332,1.0613459,-4.7402943548379224e-05,-4.2993854907538804e-05
batch1,2,811.0,1177.0,1.0613459,1.0613459,1.0613459,1.0613459,-4.416653225805841e-05,-4.054755618776521e-05
batch1,2,812.0,1177.0,1.0612429,1.0612429,1.0612429,1.0613459,-4.140677419354275e-05,-4.039487055476853e-05
batch1,2,813.0,1177.0,1.0612204,1.0612204,1.0612204,1.0613332,-3.96054435483802e-05,-4.02739516358466e-05
batch1,2,814.0,1177.0,1.0611457,1.0611457,1.0611457,1.0613332,-3.9894798387101576e-05,-4.020546799431055e-05
batch1,2,815.0,1177.0,1.0612872,1.0612872,1.0612872,1.0613332,-4.019782258064887e-05,-4.0181416785206066e-05
batch1,2,816.0,1177.0,1.0614434,1.0614434,1.0614434,1.0613143,-4.126302419354771e-05,-4.0402679943101074e-05
batch1,2,817.0,1177.0,1.0615479,1.0615479,1.0615479,1.0612872,-4.202971774194063e-05,-4.056308677098205e-05
batch1,2,818.0,1177.0,1.0609514,1.0609514,1.0609514,1.0612872,-4.3006733870963796e-05,-4.0783268847791745e-05
batch1,2,819.0,1177.0,1.0615277,1.0615277,1.0615277,1.0612872,-4.400891129031876e-05,-4.114699004267626e-05
batch1,2,820.0,1177.0,1.0614257,1.0614257,1.0614257,1.0612872,-4.521072580645657e-05,-4.159750497866407e-05
batch1,2,821.0,1177.0,1.0613143,1.0613143,1.0613143,1.0609518,-4.54953629032326e-05,-4.254339402560657e-05
batch1,2,822.0,1177.0,1.0609518,1.0609518,1.0609518,1.0609514,-4.6056814516135096e-05,-4.347314935988851e-05
batch1,2,823.0,1177.0,1.060938,1.060938,1.060938,1.060938,-4.708858870967695e-05,-4.427986913229334e-05
batch1,2,824.0,1177.0,1.0607998,1.0607998,1.0607998,1.0607998,-4.859028225806309e-05,-4.4956418207680395e-05
batch1,2,825.0,1177.0,1.0606593,1.0606593,1.0606593,1.0606593,-5.041165322580812e-05,-4.578832147937556e-05
batch1,2,826.0,1177.0,1.0606352,1.0606352,1.0606352,1.0606352,-5.136866935484197e-05,-4.62537524893312e-05
batch1,2,827.0,1177.0,1.0605929,1.0605929,1.0605929,1.0605938,-5.005830645160562e-05,-4.652463442389459e-05
batch1,2,828.0,1177.0,1.0605938,1.0605938,1.0605938,1.0605929,-4.844947580644488e-05,-4.608756187766746e-05
batch1,2,829.0,1177.0,1.0605249,1.0605249,1.0605249,1.0605249,-4.550157258065108e-05,-4.5316244665715786e-05
batch1,2,830.0,1177.0,1.0604925,1.0604925,1.0604925,1.0604925,-4.4471290322578825e-05,-4.469399146515039e-05
batch1,2,831.0,1177.0,1.0604221,1.0604221,1.0604221,1.0604221,-4.276379032257354e-05,-4.352120910383815e-05
batch1,2,832.0,1177.0,1.0603994,1.0603994,1.0603994,1.0603994,-3.989354838708703e-05,-4.237883072546244e-05
batch1,2,833.0,1177.0,1.060347,1.060347,1.060347,1.060349,-2.378516129031484e-05,-4.154007681365365e-05
batch1,2,834.0,1177.0,1.0602983,1.0602983,1.0602983,1.060347,-2.4885282258069036e-05,-4.0765135135133545e-05
batch1,2,835.0,1177.0,1.0602287,1.0602287,1.0602287,1.0602983,-2.2248427419350107e-05,-4.0917527738260835e-05
batch1,2,836.0,1177.0,1.060349,1.060349,1.060349,1.0602677,-1.989931451612617e-05,-4.124691891892161e-05
batch1,2,837.0,1177.0,1.0602677,1.0602677,1.0602677,1.0602677,-1.8480846774196876e-05,-4.180280796586066e-05
batch1,2,838.0,1177.0,1.0601395,1.0601395,1.0601395,1.0602677,-1.976141129032312e-05,-4.2322358463727674e-05
batch1,2,839.0,1177.0,1.0600444,1.0600444,1.0600444,1.0602677,-2.10535887096814e-05,-4.279445234708581e-05
batch1,2,840.0,1177.0,1.0598991,1.0598991,1.0598991,1.0602677,-2.3400645161289965e-05,-4.332984921764234e-05
batch1,2,841.0,1177.0,1.0600443,1.0600443,1.0600443,1.0602677,-2.657096774192443e-05,-4.3894947368421006e-05
batch1,2,842.0,1177.0,1.0603197,1.0603197,1.0603197,1.0602278,-2.9597056451623962e-05,-4.449912375533244e-05
batch1,2,843.0,1177.0,1.0604105,1.0604105,1.0604105,1.0602278,-3.2261250000000195e-05,-4.506576671408129e-05
batch1,2,844.0,1177.0,1.0606004,1.0606004,1.0606004,1.0602278,-3.4895967741935826e-05,-4.564258605974365e-05
batch1,2,845.0,1177.0,1.0603217,1.0603217,1.0603217,1.0602278,-3.9481048387096e-05,-4.626285348506226e-05
batch1,2,846.0,1177.0,1.0602278,1.0602278,1.0602278,1.0602278,-4.288266129031547e-05,-4.6982062588907064e-05
batch1,2,847.0,1177.0,1.0601828,1.0601828,1.0601828,1.0602278,-4.803334677419741e-05,-4.820222475106455e-05
batch1,2,848.0,1177.0,1.062176,1.062176,1.062176,1.0601828,-5.1466330645168395e-05,-4.900206543385515e-05
batch1,2,849.0,1177.0,1.060009,1.060009,1.060009,1.060009,-5.325689516129575e-05,-4.9779638691323407e-05
batch1,2,850.0,1177.0,1.0599493,1.0599493,1.0599493,1.0599493,-5.348874999999641e-05,-5.067646088193295e-05
batch1,2,851.0,1177.0,1.0599053,1.0599053,1.0599053,1.0599053,-5.304971774193532e-05,-5.1440389758180295e-05
batch1,2,852.0,1177.0,1.0597689,1.0597689,1.0597689,1.0597689,-5.3270161290323934e-05,-5.2029118065435344e-05
batch1,2,853.0,1177.0,1.0596063,1.0596063,1.0596063,1.0596063,-5.159387096773616e-05,-5.2338275960171705e-05
batch1,2,854.0,1177.0,1.0595294,1.0595294,1.0595294,1.0595294,-5.123552419355285e-05,-5.228258605974292e-05
batch1,2,855.0,1177.0,1.0594085,1.0594085,1.0594085,1.0594085,-5.312282258064671e-05,-5.195086770981208e-05
batch1,2,856.0,1177.0,1.0593295,1.0593295,1.0593295,1.0593295,-5.545713709676924e-05,-5.1547254623043095e-05
batch1,2,857.0,1177.0,1.0592904,1.0592904,1.0592904,1.0593057,-6.0694999999999804e-05,-5.070670270270304e-05
batch1,2,858.0,1177.0,1.0593057,1.0593057,1.0593057,1.0592904,-6.284028225806278e-05,-4.939786059744307e-05
batch1,2,859.0,1177.0,1.0592238,1.0592238,1.0592238,1.0592238,-6.512681451613377e-05,-4.807314935988522e-05
batch1,2,860.0,1177.0,1.0588835,1.0588835,1.0588835,1.0592238,-6.481274193547182e-05,-4.7362924608819363e-05
batch1,2,861.0,1177.0,1.0590043,1.0590043,1.0590043,1.0592238,-6.554891129032853e-05,-4.6887834992885294e-05
batch1,2,862.0,1177.0,1.058691,1.058691,1.058691,1.0591698,-6.65634677419379e-05,-4.7306085348503734e-05
batch1,2,863.0,1177.0,1.0588838,1.0588838,1.0588838,1.0591698,-6.75183064516138e-05,-4.754611095305856e-05
batch1,2,864.0,1177.0,1.0591102,1.0591102,1.0591102,1.0591698,-5.5261935483869946e-05,-4.8167880512090094e-05
batch1,2,865.0,1177.0,1.0593374,1.0593374,1.0593374,1.0591102,-5.532544354838987e-05,-4.91009871977241e-05
batch1,2,866.0,1177.0,1.0594585,1.0594585,1.0594585,1.0591102,-5.5345120967737535e-05,-4.957307823613154e-05
batch1,2,867.0,1177.0,1.0591698,1.0591698,1.0591698,1.0591102,-5.5485282258073815e-05,-5.0153055476527254e-05
batch1,2,868.0,1177.0,1.0594915,1.0594915,1.0594915,1.0591102,-5.6418467741922527e-05,-5.066559317212325e-05
batch1,2,869.0,1177.0,1.0593586,1.0593586,1.0593586,1.0591102,-6.106499999999375e-05,-5.112659743954504e-05
batch1,2,870.0,1177.0,1.0590367,1.0590367,1.0590367,1.0590506,-6.289778225806386e-05,-5.180289900426682e-05
batch1,2,871.0,1177.0,1.0590506,1.0590506,1.0590506,1.0590367,-6.528213709677216e-05,-5.24217439544816e-05
batch1,2,872.0,1177.0,1.0583591,1.0583591,1.0583591,1.0584643,-6.807044354838287e-05,-5.321926315789449e-05
batch1,2,873.0,1177.0,1.0584643,1.0584643,1.0584643,1.0583591,-7.004455645161049e-05,-5.50788933143687e-05
batch1,2,874.0,1177.0,1.0582204,1.0582204,1.0582204,1.0583018,-7.030879032258295e-05,-5.815211095305273e-05
batch1,2,875.0,1177.0,1.0583018,1.0583018,1.0583018,1.0582722,-7.024862903225752e-05,-5.778826173542189e-05
batch1,2,876.0,1177.0,1.0582722,1.0582722,1.0582722,1.0582204,-7.11940322580683e-05,-5.9591064011379814e-05
batch1,2,877.0,1177.0,1.0581897,1.0581897,1.0581897,1.0581897,-7.054254032258179e-05,-6.171361024182089e-05
batch1,2,878.0,1177.0,1.0581117,1.0581117,1.0581117,1.0581117,-6.789407258063926e-05,-6.242528876244677e-05
batch1,2,879.0,1177.0,1.0580318,1.0580318,1.0580318,1.0580318,-6.533826612903248e-05,-6.497821906116595e-05
batch1,2,880.0,1177.0,1.0580301,1.0580301,1.0580301,1.0580301,-5.822137096773648e-05,-6.65921052631589e-05
batch1,2,881.0,1177.0,1.0579691,1.0579691,1.0579691,1.0579691,-4.908048387097607e-05,-6.70208534850644e-05
batch1,2,882.0,1177.0,1.0578641,1.0578641,1.0578641,1.0578641,-4.0564395161293546e-05,-6.70327795163588e-05
batch1,2,883.0,1177.0,1.0577424,1.0577424,1.0577424,1.0577424,-3.5126411290317195e-05,-6.769257752489011e-05
batch1,2,884.0,1177.0,1.0571668,1.0571668,1.0571668,1.0575514,-3.188411290321917e-05,-6.806545092460601e-05
batch1,2,885.0,1177.0,1.0575514,1.0575514,1.0575514,1.0575508,-2.7257822580648023e-05,-6.808966714082543e-05
batch1,2,886.0,1177.0,1.0574573,1.0574573,1.0574573,1.0575508,-2.6489758064517842e-05,-6.645020199146677e-05
batch1,2,887.0,1177.0,1.0573447,1.0573447,1.0573447,1.0575508,-2.691943548386721e-05,-6.680712091038603e-05
batch1,2,888.0,1177.0,1.0573887,1.0573887,1.0573887,1.0575508,-2.8831370967734178e-05,-6.649507539117809e-05
batch1,2,889.0,1177.0,1.0575283,1.0575283,1.0575283,1.0575508,-3.02787500000107e-05,-6.751323755334272e-05
batch1,2,890.0,1177.0,1.0575508,1.0575508,1.0575508,1.0575514,-3.264810483871676e-05,-6.825718349928869e-05
batch1,2,891.0,1177.0,1.057636,1.057636,1.057636,1.057636,-3.378830645161794e-05,-6.801493314366662e-05
batch1,2,892.0,1177.0,1.057688,1.057688,1.057688,1.057688,-3.620576612902791e-05,-6.92208961593184e-05
batch1,2,893.0,1177.0,1.0582646,1.0582646,1.0582646,1.0579498,-3.843145161290067e-05,-7.040056045519105e-05
batch1,2,894.0,1177.0,1.0580152,1.0580152,1.0580152,1.0579498,-4.184177419354692e-05,-7.172412233286273e-05
batch1,2,895.0,1177.0,1.0584699,1.0584699,1.0584699,1.0579498,-5.1365483870974735e-05,-7.302669985775451e-05
batch1,2,896.0,1177.0,1.0585195,1.0585195,1.0585195,1.0579498,-6.831834677419954e-05,-7.406063726884717e-05
batch1,2,897.0,1177.0,1.0582325,1.0582325,1.0582325,1.0579498,-6.479032258064711e-05,-7.585389758179388e-05
batch1,2,898.0,1177.0,1.0579498,1.0579498,1.0579498,1.0579498,-7.374487903225289e-05,-7.742227596017338e-05
batch1,2,899.0,1177.0,1.0571623,1.0571623,1.0571623,1.0573776,-8.442161290322155e-05,-7.885100426742614e-05
batch1,2,900.0,1177.0,1.0573776,1.0573776,1.0573776,1.0571623,-8.944399193548482e-05,-8.118476813655889e-05
batch1,2,901.0,1177.0,1.056951,1.056951,1.056951,1.056951,-0.00010363899193548488,-8.301294452347001e-05
batch1,2,902.0,1177.0,1.0565991,1.0565991,1.0565991,1.0569282,-0.00011431669354838294,-8.311847226173433e-05
batch1,2,903.0,1177.0,1.0569282,1.0569282,1.0569282,1.0568153,-0.00011922568548388508,-8.211590896159188e-05
batch1,2,904.0,1177.0,1.0567974,1.0567974,1.0567974,1.0567974,-0.00012265584677419246,-8.021949928875948e-05
batch1,2,905.0,1177.0,1.056794,1.056794,1.056794,1.056794,-0.00012722584677418556,-7.915469701280264e-05
batch1,2,906.0,1177.0,1.0568153,1.0568153,1.0568153,1.0565991,-0.00012925334677418965,-7.737876813655759e-05
batch1,2,907.0,1177.0,1.0565366,1.0565366,1.0565366,1.0565991,-0.00012831201612902647,-7.586331436700018e-05
batch1,2,908.0,1177.0,1.0565406,1.0565406,1.0565406,1.0565406,-0.00012973689516128725,-7.494531152204764e-05
batch1,2,909.0,1177.0,1.056318,1.056318,1.056318,1.0565366,-0.00012549350806451736,-7.437367283072412e-05
batch1,2,910.0,1177.0,1.0552729,1.0552729,1.0552729,1.056318,-0.00011813048387097527,-7.349779231863258e-05
batch1,2,911.0,1177.0,1.0538625,1.0538625,1.0538625,1.056022,-0.00011491491935483276,-7.306421621621489e-05
batch1,2,912.0,1177.0,1.0570359,1.0570359,1.0570359,1.0552729,-0.00010815584677420308,-7.333947083926219e-05
batch1,2,913.0,1177.0,1.0550219,1.0550219,1.0550219,1.0552729,-9.578758064516956e-05,-7.24606258890457e-05
batch1,2,914.0,1177.0,1.0546775,1.0546775,1.0546775,1.0552729,-9.262177419354557e-05,-7.198052062588963e-05
batch1,2,915.0,1177.0,1.056022,1.056022,1.056022,1.0550219,-9.293233870968226e-05,-7.248917780938987e-05
batch1,2,916.0,1177.0,1.0540189,1.0540189,1.0540189,1.0550219,-9.178516129032212e-05,-7.252439260312831e-05
batch1,2,917.0,1177.0,1.0544653,1.0544653,1.0544653,1.0551573,-9.247350806452338e-05,-7.130397724039628e-05
batch1,2,918.0,1177.0,1.0553397,1.0553397,1.0553397,1.0550219,-9.357415322581131e-05,-7.142496443812119e-05
batch1,2,919.0,1177.0,1.0554036,1.0554036,1.0554036,1.0549339,-9.616165322580171e-05,-7.169337980085385e-05
batch1,2,920.0,1177.0,1.0549339,1.0549339,1.0549339,1.0551573,-9.560778225807431e-05,-7.053292176386816e-05
batch1,2,921.0,1177.0,1.0551573,1.0551573,1.0551573,1.0549339,-9.453608870967257e-05,-7.075669132290104e-05
batch1,2,922.0,1177.0,1.0553977,1.0553977,1.0553977,1.0549339,-9.60806451612891e-05,-7.114036415362642e-05
batch1,2,923.0,1177.0,1.0548018,1.0548018,1.0548018,1.0551573,-9.698895161289909e-05,-7.066859174964513e-05
batch1,2,924.0,1177.0,1.0549315,1.0549315,1.0549315,1.0549339,-8.882415322580126e-05,-7.086528591749922e-05
batch1,2,925.0,1177.0,1.0554911,1.0554911,1.0554911,1.0549315,-7.691580645161754e-05,-7.097362446657437e-05
batch1,2,926.0,1177.0,1.0541521,1.0541521,1.0541521,1.0548018,-6.743161290323114e-05,-7.059089615931677e-05
batch1,2,927.0,1177.0,1.0543972,1.0543972,1.0543972,1.0543972,-7.068096774193369e-05,-7.063559317211828e-05
batch1,2,928.0,1177.0,1.0553559,1.0553559,1.0553559,1.0541521,-5.2393306451621516e-05,-7.075232716927373e-05
batch1,2,929.0,1177.0,1.0539442,1.0539442,1.0539442,1.0539442,-4.7620201612903945e-05,-6.975643812233193e-05
batch1,2,930.0,1177.0,1.0539424,1.0539424,1.0539424,1.0539424,-4.708520161289743e-05,-6.863999146515068e-05
batch1,2,931.0,1177.0,1.0537391,1.0537391,1.0537391,1.0537391,-4.0533306451608914e-05,-6.742464295874868e-05
batch1,2,932.0,1177.0,1.0536481,1.0536481,1.0536481,1.0537351,-4.078774193548109e-05,-6.54368079658571e-05
batch1,2,933.0,1177.0,1.0537351,1.0537351,1.0537351,1.0536481,-4.218314516129013e-05,-6.301228449502399e-05
batch1,2,934.0,1177.0,1.0529473,1.0529473,1.0529473,1.0536481,-4.1006693548392124e-05,-6.0992207681364546e-05
batch1,2,935.0,1177.0,1.0533408,1.0533408,1.0533408,1.0536481,-3.328020161290295e-05,-5.849874253200868e-05
batch1,2,936.0,1177.0,1.0531996,1.0531996,1.0531996,1.0536481,-3.087794354838742e-05,-5.552837268847673e-05
batch1,2,937.0,1177.0,1.0525047,1.0525047,1.0525047,1.0536481,-3.2464435483870684e-05,-5.439015647226027e-05
batch1,2,938.0,1177.0,1.0526198,1.0526198,1.0526198,1.0537351,-2.9218387096770837e-05,-5.260301280227757e-05
batch1,2,939.0,1177.0,1.0538545,1.0538545,1.0538545,1.0538545,-2.2011290322576865e-05,-5.095988620199128e-05
batch1,2,940.0,1177.0,1.0545318,1.0545318,1.0545318,1.0541276,-2.207084677419626e-05,-5.0289172119488495e-05
batch1,2,941.0,1177.0,1.0551267,1.0551267,1.0551267,1.0541276,-1.901270161291705e-05,-4.950546799431187e-05
batch1,2,942.0,1177.0,1.0545161,1.0545161,1.0545161,1.054496,-1.5467903225800847e-05,-4.887217354196092e-05
batch1,2,943.0,1177.0,1.0547355,1.0547355,1.0547355,1.054496,-1.8116653225810944e-05,-4.7554335704126206e-05
batch1,2,944.0,1177.0,1.054496,1.054496,1.054496,1.054496,-1.2071693548389819e-05,-4.6890711237554976e-05
batch1,2,945.0,1177.0,1.0541276,1.0541276,1.0541276,1.054496,-1.2348588709674433e-05,-4.627335135134629e-05
batch1,2,946.0,1177.0,1.0536516,1.0536516,1.0536516,1.054206,-1.6339435483869405e-05,-4.5280540540541005e-05
batch1,2,947.0,1177.0,1.0545049,1.0545049,1.0545049,1.0541276,-2.0709637096777533e-05,-4.446633285917695e-05
batch1,2,948.0,1177.0,1.0538725,1.0538725,1.0538725,1.0538725,-2.3474032258063678e-05,-4.441799431009947e-05
batch1,2,949.0,1177.0,1.0533255,1.0533255,1.0533255,1.0538725,-2.947092741935122e-05,-4.541619914651612e-05
batch1,2,950.0,1177.0,1.054206,1.054206,1.054206,1.0537469,-4.140270161289726e-05,-4.3579066856328434e-05
batch1,2,951.0,1177.0,1.0537469,1.0537469,1.0537469,1.0536516,-4.5496653225803546e-05,-4.290411948791005e-05
batch1,2,952.0,1177.0,1.05277,1.05277,1.05277,1.0537469,-5.0749395161290617e-05,-4.337410526315785e-05
batch1,2,953.0,1177.0,1.0531534,1.0531534,1.0531534,1.0533255,-6.416633064517368e-05,-4.162737695590114e-05
batch1,2,954.0,1177.0,1.0542943,1.0542943,1.0542943,1.0531534,-7.17443951612925e-05,-4.316426173542148e-05
batch1,2,955.0,1177.0,1.0529207,1.0529207,1.0529207,1.0531534,-7.267512096774738e-05,-4.372612233286073e-05
batch1,2,956.0,1177.0,1.0527052,1.0527052,1.0527052,1.0530384,-7.240362903226422e-05,-4.272632147937182e-05
batch1,2,957.0,1177.0,1.0540282,1.0540282,1.0540282,1.0529207,-6.392145161291193e-05,-4.1755536273112454e-05
batch1,2,958.0,1177.0,1.0527345,1.0527345,1.0527345,1.0530384,-5.486427419354058e-05,-4.156171834992883e-05
batch1,2,959.0,1177.0,1.0530384,1.0530384,1.0530384,1.0529207,-5.0353185483867764e-05,-4.060639544807771e-05
batch1,2,960.0,1177.0,1.0533445,1.0533445,1.0533445,1.0527632,-4.485266129031692e-05,-3.9362770981503636e-05
batch1,2,961.0,1177.0,1.0526924,1.0526924,1.0526924,1.0527632,-3.995939516129449e-05,-3.9010588904693024e-05
batch1,2,962.0,1177.0,1.0527632,1.0527632,1.0527632,1.0529234,-4.171262096773959e-05,-3.817137695589841e-05
batch1,2,963.0,1177.0,1.0530607,1.0530607,1.0530607,1.0527632,-3.9503306451614936e-05,-3.748090469416794e-05
batch1,2,964.0,1177.0,1.0523943,1.0523943,1.0523943,1.0529234,-4.119955645161132e-05,-3.734172119487719e-05
batch1,2,965.0,1177.0,1.052164,1.052164,1.052164,1.0529234,-4.2443225806445455e-05,-3.719570128022838e-05
batch1,2,966.0,1177.0,1.0529879,1.0529879,1.0529879,1.0527632,-4.221467741936062e-05,-3.652586344239152e-05
batch1,2,967.0,1177.0,1.0529234,1.0529234,1.0529234,1.0529234,-4.3264637096773725e-05,-3.7000938833569586e-05
batch1,2,968.0,1177.0,1.0522964,1.0522964,1.0522964,1.0529341,-4.8430000000000924e-05,-3.722885064011339e-05
batch1,2,969.0,1177.0,1.0531251,1.0531251,1.0531251,1.0529234,-5.115782258064633e-05,-3.7631376955901876e-05
batch1,2,970.0,1177.0,1.0529408,1.0529408,1.0529408,1.0529234,-4.461883064515435e-05,-3.803603129445101e-05
batch1,2,971.0,1177.0,1.0523562,1.0523562,1.0523562,1.0529284,-4.380169354838367e-05,-3.826614793741203e-05
batch1,2,972.0,1177.0,1.0529341,1.0529341,1.0529341,1.0529234,-4.7814516129029875e-05,-3.960740256045626e-05
batch1,2,973.0,1177.0,1.0535343,1.0535343,1.0535343,1.0527521,-3.7938024193550756e-05,-4.0327778093880365e-05
batch1,2,974.0,1177.0,1.0524832,1.0524832,1.0524832,1.0527521,-4.0660604838702045e-05,-4.076429018492273e-05
batch1,2,975.0,1177.0,1.0527521,1.0527521,1.0527521,1.0524832,-3.7123951612899385e-05,-4.2263496443813804e-05
batch1,2,976.0,1177.0,1.0529284,1.0529284,1.0529284,1.0523562,-3.8376008064519016e-05,-4.327128876244456e-05
batch1,2,977.0,1177.0,1.0522573,1.0522573,1.0522573,1.0522829,-4.061576612902352e-05,-4.334915789473569e-05
batch1,2,978.0,1177.0,1.0519093,1.0519093,1.0519093,1.0522573,-3.8897419354835386e-05,-4.303437553342755e-05
batch1,2,979.0,1177.0,1.0517651,1.0517651,1.0517651,1.0519093,-3.610020161290916e-05,-4.201716073968346e-05
batch1,2,980.0,1177.0,1.0522829,1.0522829,1.0522829,1.0519093,-3.9273427419352497e-05,-4.097861450924353e-05
batch1,2,981.0,1177.0,1.0515176,1.0515176,1.0515176,1.0519093,-4.11774193548337e-05,-4.046254623044482e-05
batch1,2,982.0,1177.0,1.0516167,1.0516167,1.0516167,1.0518363,-3.8061935483870856e-05,-3.945332574679995e-05
batch1,2,983.0,1177.0,1.0518363,1.0518363,1.0518363,1.0518363,-3.693572580645119e-05,-3.936705547652795e-05
batch1,2,984.0,1177.0,1.0517681,1.0517681,1.0517681,1.0517715,-3.786463709678133e-05,-3.957714082503504e-05
batch1,2,985.0,1177.0,1.0519909,1.0519909,1.0519909,1.0518363,-3.81132661290226e-05,-3.8218233285916645e-05
batch1,2,986.0,1177.0,1.0523565,1.0523565,1.0523565,1.0517715,-3.430229838708847e-05,-3.7843590327168946e-05
batch1,2,987.0,1177.0,1.0517502,1.0517502,1.0517502,1.0517715,-3.5678669354840373e-05,-3.8114193456613706e-05
batch1,2,988.0,1177.0,1.0525717,1.0525717,1.0525717,1.0518363,-3.640657258064831e-05,-3.7033590327170775e-05
batch1,2,989.0,1177.0,1.0517715,1.0517715,1.0517715,1.051982,-3.099435483871399e-05,-3.690463442389793e-05
batch1,2,990.0,1177.0,1.052418,1.052418,1.052418,1.051982,-3.0440403225809794e-05,-3.7934631578945135e-05
batch1,2,991.0,1177.0,1.0512584,1.0512584,1.0512584,1.051982,-2.7862943548383263e-05,-3.815198008535332e-05
batch1,2,992.0,1177.0,1.0516516,1.0516516,1.0516516,1.0519813,-2.341782258063646e-05,-3.699788335703751e-05
batch1,2,993.0,1177.0,1.0521611,1.0521611,1.0521611,1.0519813,-2.2583145161291455e-05,-3.7885359886202145e-05
batch1,2,994.0,1177.0,1.051982,1.051982,1.051982,1.0518985,-2.551608870967997e-05,-3.879950497866407e-05
batch1,2,995.0,1177.0,1.0516338,1.0516338,1.0516338,1.0518985,-2.8224959677413454e-05,-3.776672830725361e-05
batch1,2,996.0,1177.0,1.0520386,1.0520386,1.0520386,1.0518333,-2.5208629032264112e-05,-3.8292207681364624e-05
batch1,2,997.0,1177.0,1.0519813,1.0519813,1.0519813,1.0518333,-2.8896653225805057e-05,-3.835195732574778e-05
batch1,2,998.0,1177.0,1.0516541,1.0516541,1.0516541,1.0518333,-2.9927459677420213e-05,-3.7490017069701665e-05
batch1,2,999.0,1177.0,1.0518985,1.0518985,1.0518985,1.0516541,-3.2012903225802695e-05,-3.736165291607207e-05
batch1,2,1000.0,1177.0,1.0511005,1.0511005,1.0511005,1.0516338,-3.6648467741936e-05,-3.7095593172118123e-05
batch1,2,1001.0,1177.0,1.0518333,1.0518333,1.0518333,1.0515254,-3.970806451613277e-05,-3.700391465149515e-05
batch1,2,1002.0,1177.0,1.0515254,1.0515254,1.0515254,1.0513668,-3.669185483871842e-05,-3.78890042674223e-05
batch1,2,1003.0,1177.0,1.0509608,1.0509608,1.0509608,1.0513668,-4.2029879032260034e-05,-3.8692577524894005e-05
batch1,2,1004.0,1177.0,1.0512042,1.0512042,1.0512042,1.0513667,-3.790999999998618e-05,-3.8719533428165246e-05
batch1,2,1005.0,1177.0,1.0513668,1.0513668,1.0513668,1.0513401,-4.190374999999704e-05,-3.827281365576395e-05
batch1,2,1006.0,1177.0,1.0513401,1.0513401,1.0513401,1.0513667,-4.052903225806598e-05,-3.8585211948790364e-05
batch1,2,1007.0,1177.0,1.0513667,1.0513667,1.0513667,1.0513401,-4.2664354838715055e-05,-3.867844665718095e-05
batch1,2,1008.0,1177.0,1.0513815,1.0513815,1.0513815,1.0513401,-4.4467580645164565e-05,-3.858185490754159e-05
batch1,2,1009.0,1177.0,1.0510714,1.0510714,1.0510714,1.0513401,-4.34180241935557e-05,-3.8874105263158135e-05
batch1,2,1010.0,1177.0,1.0512064,1.0512064,1.0512064,1.0513401,-4.102616935483368e-05,-3.88724608819341e-05
batch1,2,1011.0,1177.0,1.0515634,1.0515634,1.0515634,1.0512233,-4.358262096772752e-05,-3.814143669985744e-05
batch1,2,1012.0,1177.0,1.0512233,1.0512233,1.0512233,1.0512077,-4.414370967741566e-05,-3.80326941678523e-05
batch1,2,1013.0,1177.0,1.0515373,1.0515373,1.0515373,1.0512064,-4.244326612903596e-05,-3.763505547653074e-05
batch1,2,1014.0,1177.0,1.0511234,1.0511234,1.0511234,1.0511234,-4.187645161290928e-05,-3.7009553342815345e-05
batch1,2,1015.0,1177.0,1.050727,1.050727,1.050727,1.0511234,-4.307903225807381e-05,-3.706243527738244e-05
batch1,2,1016.0,1177.0,1.0506805,1.0506805,1.0506805,1.0509938,-4.791790322580018e-05,-3.7639903271693184e-05
batch1,2,1017.0,1177.0,1.0512077,1.0512077,1.0512077,1.0509938,-4.5047258064518516e-05,-3.826629587482331e-05
batch1,2,1018.0,1177.0,1.0503966,1.0503966,1.0503966,1.050727,-4.508798387095977e-05,-3.8769385490754424e-05
batch1,2,1019.0,1177.0,1.0509938,1.0509938,1.0509938,1.0506805,-4.784310483870407e-05,-3.9905211948790826e-05
batch1,2,1020.0,1177.0,1.0504007,1.0504007,1.0504007,1.0506805,-4.578508064514965e-05,-4.0913829302988416e-05
batch1,2,1021.0,1177.0,1.0505073,1.0505073,1.0505073,1.0506572,-4.306201612904046e-05,-4.154033285917073e-05
batch1,2,1022.0,1177.0,1.0510365,1.0510365,1.0510365,1.0505191,-4.018338709677955e-05,-4.249136557610282e-05
batch1,2,1023.0,1177.0,1.0506572,1.0506572,1.0506572,1.0505073,-4.002919354839151e-05,-4.249816785206228e-05
batch1,2,1024.0,1177.0,1.0505191,1.0505191,1.0505191,1.0505073,-4.120911290322552e-05,-4.19500426742531e-05
batch1,2,1025.0,1177.0,1.0508226,1.0508226,1.0508226,1.0504711,-4.225447580644954e-05,-4.289247510668555e-05
batch1,2,1026.0,1177.0,1.0502986,1.0502986,1.0502986,1.0504711,-4.29934274193464e-05,-4.2432802275961434e-05
batch1,2,1027.0,1177.0,1.0501077,1.0501077,1.0501077,1.050414,-3.8255685483867164e-05,-4.304117496443704e-05
batch1,2,1028.0,1177.0,1.050414,1.050414,1.050414,1.0503681,-3.60765725806493e-05,-4.284835846372747e-05
batch1,2,1029.0,1177.0,1.0504711,1.0504711,1.0504711,1.0502986,-3.5656048387092956e-05,-4.381145661451033e-05
batch1,2,1030.0,1177.0,1.049839,1.049839,1.049839,1.0502986,-3.540641129032331e-05,-4.477752204836385e-05
batch1,2,1031.0,1177.0,1.0499517,1.0499517,1.0499517,1.0502986,-3.625411290322545e-05,-4.524286770981581e-05
batch1,2,1032.0,1177.0,1.0503681,1.0503681,1.0503681,1.0503681,-3.933818548387385e-05,-4.520188904694211e-05
batch1,2,1033.0,1177.0,1.0501175,1.0501175,1.0501175,1.0503681,-3.861463709678095e-05,-4.5414193456613456e-05
batch1,2,1034.0,1177.0,1.0501771,1.0501771,1.0501771,1.0501771,-4.010745967741526e-05,-4.499672830725516e-05
batch1,2,1035.0,1177.0,1.050661,1.050661,1.050661,1.0501175,-3.794016129031915e-05,-4.50528961593175e-05
batch1,2,1036.0,1177.0,1.0505613,1.0505613,1.0505613,1.0501175,-3.935250000000557e-05,-4.548922332859139e-05
batch1,2,1037.0,1177.0,1.0505618,1.0505618,1.0505618,1.0501771,-4.0030040322584425e-05,-4.5981428165009346e-05
batch1,2,1038.0,1177.0,1.0500311,1.0500311,1.0500311,1.0501175,-3.8206209677418846e-05,-4.6902364153626726e-05
batch1,2,1039.0,1177.0,1.0497057,1.0497057,1.0497057,1.0500576,-3.795362903226039e-05,-4.679332290184822e-05
batch1,2,1040.0,1177.0,1.049947,1.049947,1.049947,1.0500311,-4.097596774193629e-05,-4.648495305832066e-05
batch1,2,1041.0,1177.0,1.0497787,1.0497787,1.0497787,1.049947,-4.0823427419343346e-05,-4.736628733997261e-05
batch1,2,1042.0,1177.0,1.0502082,1.0502082,1.0502082,1.0497787,-4.361258064516164e-05,-4.727450924609012e-05
batch1,2,1043.0,1177.0,1.0500576,1.0500576,1.0500576,1.0497632,-4.669399193547661e-05,-4.724147368421313e-05
batch1,2,1044.0,1177.0,1.0493542,1.0493542,1.0493542,1.0497347,-4.926104838709476e-05,-4.750873968705529e-05
batch1,2,1045.0,1177.0,1.0496219,1.0496219,1.0496219,1.0497347,-4.7228830645163156e-05,-4.733815647225899e-05
batch1,2,1046.0,1177.0,1.0497632,1.0497632,1.0497632,1.0496587,-4.832149193548488e-05,-4.73473200569007e-05
batch1,2,1047.0,1177.0,1.0493788,1.0493788,1.0493788,1.0496219,-5.3783346774193247e-05,-4.7644190611665666e-05
batch1,2,1048.0,1177.0,1.0493592,1.0493592,1.0493592,1.0496105,-5.354903225806499e-05,-4.8006628733998195e-05
batch1,2,1049.0,1177.0,1.0497347,1.0497347,1.0497347,1.0495656,-5.6103750000000725e-05,-4.772895590327225e-05
batch1,2,1050.0,1177.0,1.0496587,1.0496587,1.0496587,1.0495656,-5.759249999999901e-05,-4.785884779516217e-05
batch1,2,1051.0,1177.0,1.0496105,1.0496105,1.0496105,1.0493844,-5.5388467741931645e-05,-4.6976099573258566e-05
batch1,2,1052.0,1177.0,1.0495656,1.0495656,1.0495656,1.0493788,-5.589068548387984e-05,-4.699653200569034e-05
batch1,2,1053.0,1177.0,1.0493519,1.0493519,1.0493519,1.0493592,-5.627072580645804e-05,-4.8144287339969986e-05
batch1,2,1054.0,1177.0,1.0493844,1.0493844,1.0493844,1.0493519,-5.569479838707625e-05,-4.8430790896161166e-05
batch1,2,1055.0,1177.0,1.0489054,1.0489054,1.0489054,1.0492862,-5.646967741935983e-05,-4.7997439544808226e-05
batch1,2,1056.0,1177.0,1.048999,1.048999,1.048999,1.0492862,-5.462274193547779e-05,-4.855310668563491e-05
batch1,2,1057.0,1177.0,1.04895,1.04895,1.04895,1.0490154,-5.625887096773873e-05,-4.824273399715608e-05
batch1,2,1058.0,1177.0,1.0490154,1.0490154,1.0490154,1.048999,-5.525040322580475e-05,-4.89779487908956e-05
batch1,2,1059.0,1177.0,1.0487009,1.0487009,1.0487009,1.04895,-5.676991935483594e-05,-4.9351854907538996e-05
batch1,2,1060.0,1177.0,1.0492862,1.0492862,1.0492862,1.0489054,-6.0055403225805915e-05,-4.924393741109577e-05
batch1,2,1061.0,1177.0,1.0493648,1.0493648,1.0493648,1.0488908,-6.0193548387094074e-05,-4.920404267425653e-05
batch1,2,1062.0,1177.0,1.0484906,1.0484906,1.0484906,1.0487009,-5.6353548387093515e-05,-4.9338295874823754e-05
batch1,2,1063.0,1177.0,1.0488908,1.0488908,1.0488908,1.0486099,-5.83033467742007e-05,-4.886479943101167e-05
batch1,2,1064.0,1177.0,1.0485985,1.0485985,1.0485985,1.0485998,-5.6192137096766374e-05,-4.899965291607303e-05
batch1,2,1065.0,1177.0,1.0486099,1.0486099,1.0486099,1.0485985,-5.308721774194117e-05,-4.9954372688477596e-05
batch1,2,1066.0,1177.0,1.0485998,1.0485998,1.0485998,1.0485985,-5.1917419354846175e-05,-4.9891388335707504e-05
batch1,2,1067.0,1177.0,1.0481213,1.0481213,1.0481213,1.0485539,-4.853665322580945e-05,-4.9627724039831594e-05
batch1,2,1068.0,1177.0,1.0479783,1.0479783,1.0479783,1.0485539,-4.649302419356185e-05,-5.046582076813416e-05
batch1,2,1069.0,1177.0,1.0485302,1.0485302,1.0485302,1.0485302,-4.543237903226035e-05,-5.056079943100808e-05
batch1,2,1070.0,1177.0,1.0485539,1.0485539,1.0485539,1.0481706,-4.5278024193547355e-05,-5.040534850640321e-05
batch1,2,1071.0,1177.0,1.0486532,1.0486532,1.0486532,1.0481213,-4.659354838710545e-05,-5.05337667140821e-05
batch1,2,1072.0,1177.0,1.0481706,1.0481706,1.0481706,1.0481213,-4.76595967741879e-05,-5.030731152204629e-05
batch1,2,1073.0,1177.0,1.0480425,1.0480425,1.0480425,1.0480784,-4.517088709678272e-05,-5.0035687055477755e-05
batch1,2,1074.0,1177.0,1.0476408,1.0476408,1.0476408,1.0481706,-4.50760887096809e-05,-4.962842105263226e-05
batch1,2,1075.0,1177.0,1.047938,1.047938,1.047938,1.0481428,-5.100209677419912e-05,-4.920373826457988e-05
batch1,2,1076.0,1177.0,1.0480784,1.0480784,1.0480784,1.0480784,-4.777024193547959e-05,-4.9145752489331444e-05
batch1,2,1077.0,1177.0,1.0484825,1.0484825,1.0484825,1.0480784,-4.2963790322584376e-05,-4.9626221906115095e-05
batch1,2,1078.0,1177.0,1.0478499,1.0478499,1.0478499,1.0480425,-4.430350806450962e-05,-4.990608534850427e-05
batch1,2,1079.0,1177.0,1.0484403,1.0484403,1.0484403,1.047938,-4.182705645160814e-05,-4.9978862019915614e-05
batch1,2,1080.0,1177.0,1.0481428,1.0481428,1.0481428,1.047938,-4.355891129031785e-05,-4.927332290185058e-05
batch1,2,1081.0,1177.0,1.0477978,1.0477978,1.0477978,1.0478499,-4.370802419355318e-05,-4.88832546230402e-05
batch1,2,1082.0,1177.0,1.0480907,1.0480907,1.0480907,1.0478162,-4.439241935484043e-05,-4.938159317211862e-05
batch1,2,1083.0,1177.0,1.0478162,1.0478162,1.0478162,1.0478162,-4.619798387097401e-05,-4.96324495021321e-05
batch1,2,1084.0,1177.0,1.047765,1.047765,1.047765,1.0477978,-4.925056451612749e-05,-4.940864295874914e-05
batch1,2,1085.0,1177.0,1.0474747,1.0474747,1.0474747,1.047765,-4.732403225806142e-05,-4.98040000000005e-05
batch1,2,1086.0,1177.0,1.0476153,1.0476153,1.0476153,1.0476153,-4.5541653225804824e-05,-4.959539118065134e-05
batch1,2,1087.0,1177.0,1.0474707,1.0474707,1.0474707,1.0475316,-4.6572016129025416e-05,-4.936459743954408e-05
batch1,2,1088.0,1177.0,1.0480088,1.0480088,1.0480088,1.0474805,-4.646729838709548e-05,-4.8367581792318545e-05
batch1,2,1089.0,1177.0,1.0474805,1.0474805,1.0474805,1.0474758,-4.6463991935496414e-05,-4.769523470838948e-05
batch1,2,1090.0,1177.0,1.0467182,1.0467182,1.0467182,1.0474747,-5.1600000000005306e-05,-4.722286201991124e-05
batch1,2,1091.0,1177.0,1.0474758,1.0474758,1.0474758,1.0474707,-5.133302419353621e-05,-4.6713826458038946e-05
batch1,2,1092.0,1177.0,1.0475316,1.0475316,1.0475316,1.0474521,-5.141060483870553e-05,-4.6278927453769084e-05
batch1,2,1093.0,1177.0,1.0473257,1.0473257,1.0473257,1.0473257,-4.900500000000064e-05,-4.630550497866147e-05
batch1,2,1094.0,1177.0,1.0474521,1.0474521,1.0474521,1.0471499,-4.883084677419766e-05,-4.598069985775367e-05
batch1,2,1095.0,1177.0,1.0469722,1.0469722,1.0469722,1.0471499,-4.772133064515039e-05,-4.6015177809387486e-05
batch1,2,1096.0,1177.0,1.0471133,1.0471133,1.0471133,1.0471499,-4.6970000000009107e-05,-4.524903840682793e-05
batch1,2,1097.0,1177.0,1.0469358,1.0469358,1.0469358,1.0471133,-4.831556451612581e-05,-4.539357610241735e-05
batch1,2,1098.0,1177.0,1.0471499,1.0471499,1.0471499,1.0470653,-4.666572580644489e-05,-4.5016483641537555e-05
batch1,2,1099.0,1177.0,1.0470315,1.0470315,1.0470315,1.0470315,-4.7757782258064684e-05,-4.432247510668301e-05
batch1,2,1100.0,1177.0,1.0472029,1.0472029,1.0472029,1.0469853,-4.941580645161885e-05,-4.449825604551954e-05
batch1,2,1101.0,1177.0,1.0470653,1.0470653,1.0470653,1.0469934,-5.062354838709795e-05,-4.403764722617321e-05
batch1,2,1102.0,1177.0,1.0463951,1.0463951,1.0463951,1.0469853,-4.918419354837865e-05,-4.3994708392601644e-05
batch1,2,1103.0,1177.0,1.046947,1.046947,1.046947,1.0469853,-4.968076612902361e-05,-4.4086065433852006e-05
batch1,2,1104.0,1177.0,1.0469853,1.0469853,1.0469853,1.046947,-4.7540967741925483e-05,-4.416413655760935e-05
batch1,2,1105.0,1177.0,1.0464936,1.0464936,1.0464936,1.0467941,-4.876374999999013e-05,-4.4578361308676844e-05
batch1,2,1106.0,1177.0,1.0469934,1.0469934,1.0469934,1.0467237,-5.299306451612851e-05,-4.514672261735251e-05
batch1,2,1107.0,1177.0,1.0467237,1.0467237,1.0467237,1.0466129,-5.3821411290322165e-05,-4.511855476529199e-05
batch1,2,1108.0,1177.0,1.0466129,1.0466129,1.0466129,1.0466129,-5.0575241935488864e-05,-4.522877667140875e-05
batch1,2,1109.0,1177.0,1.0467941,1.0467941,1.0467941,1.0464936,-5.083278225806501e-05,-4.5148714082501594e-05
batch1,2,1110.0,1177.0,1.0462486,1.0462486,1.0462486,1.0463606,-4.540657258064514e-05,-4.536565576102427e-05
batch1,2,1111.0,1177.0,1.0463606,1.0463606,1.0463606,1.0463436,-4.475290322580222e-05,-4.5648014224751105e-05
batch1,2,1112.0,1177.0,1.0462631,1.0462631,1.0462631,1.0463436,-4.427181451612335e-05,-4.619139118065601e-05
batch1,2,1113.0,1177.0,1.0463436,1.0463436,1.0463436,1.0462631,-4.348879032258882e-05,-4.656429302987096e-05
batch1,2,1114.0,1177.0,1.0460666,1.0460666,1.0460666,1.0462486,-4.21167338709661e-05,-4.68701365576087e-05
batch1,2,1115.0,1177.0,1.045911,1.045911,1.045911,1.0461715,-4.122129032257854e-05,-4.6657593172118714e-05
batch1,2,1116.0,1177.0,1.0461715,1.0461715,1.0461715,1.0461236,-3.777794354839148e-05,-4.670455476528777e-05
batch1,2,1117.0,1177.0,1.0463723,1.0463723,1.0463723,1.0460666,-3.696052419355798e-05,-4.6252532005689736e-05
batch1,2,1118.0,1177.0,1.0461236,1.0461236,1.0461236,1.0460666,-3.620858870968235e-05,-4.5847982930297326e-05
batch1,2,1119.0,1177.0,1.0458957,1.0458957,1.0458957,1.0459639,-3.553568548387325e-05,-4.6826742532006566e-05
batch1,2,1120.0,1177.0,1.0457624,1.0457624,1.0457624,1.0459639,-3.519205645161593e-05,-4.640960170697131e-05
batch1,2,1121.0,1177.0,1.0459639,1.0459639,1.0459639,1.0460608,-3.6659919354843965e-05,-4.669847510668584e-05
batch1,2,1122.0,1177.0,1.0456678,1.0456678,1.0456678,1.0459639,-3.468072580645531e-05,-4.6831906116643644e-05
batch1,2,1123.0,1177.0,1.0461614,1.0461614,1.0461614,1.0459639,-3.3128024193542886e-05,-4.694509815078239e-05
batch1,2,1124.0,1177.0,1.0457104,1.0457104,1.0457104,1.0458957,-3.293193548387633e-05,-4.649959886202164e-05
batch1,2,1125.0,1177.0,1.0464076,1.0464076,1.0464076,1.045821,-3.241854838709796e-05,-4.674605405405405e-05
batch1,2,1126.0,1177.0,1.0460608,1.0460608,1.0460608,1.0458871,-3.516870967741693e-05,-4.586318349929128e-05
batch1,2,1127.0,1177.0,1.045821,1.045821,1.045821,1.045821,-3.62395967741909e-05,-4.601824182076906e-05
batch1,2,1128.0,1177.0,1.0459741,1.0459741,1.0459741,1.0458871,-3.791556451612838e-05,-4.685848079658459e-05
batch1,2,1129.0,1177.0,1.045779,1.045779,1.045779,1.045821,-3.9047822580644e-05,-4.681932574680582e-05
batch1,2,1130.0,1177.0,1.0457351,1.0457351,1.0457351,1.045821,-4.2922903225811974e-05,-4.719349928876259e-05
batch1,2,1131.0,1177.0,1.0458871,1.0458871,1.0458871,1.045779,-4.7393387096771e-05,-4.739834992887953e-05
batch1,2,1132.0,1177.0,1.045512,1.045512,1.045512,1.0457351,-4.903262096774174e-05,-4.7309650071122865e-05
batch1,2,1133.0,1177.0,1.0461125,1.0461125,1.0461125,1.045512,-4.893834677419205e-05,-4.737326884779293e-05
batch1,2,1134.0,1177.0,1.0454919,1.0454919,1.0454919,1.0454919,-4.932737903226028e-05,-4.760164438122343e-05
batch1,2,1135.0,1177.0,1.0452996,1.0452996,1.0452996,1.0454863,-5.198012096774162e-05,-4.735088193456707e-05
batch1,2,1136.0,1177.0,1.0454122,1.0454122,1.0454122,1.0454122,-5.599407258063191e-05,-4.7271832147937555e-05
batch1,2,1137.0,1177.0,1.0453769,1.0453769,1.0453769,1.0453769,-5.8289516129033274e-05,-4.685432432432496e-05
batch1,2,1138.0,1177.0,1.0454863,1.0454863,1.0454863,1.0452996,-6.0086169354840475e-05,-4.665419061166293e-05
batch1,2,1139.0,1177.0,1.0452977,1.0452977,1.0452977,1.0452977,-5.96140322580593e-05,-4.669376386913398e-05
batch1,2,1140.0,1177.0,1.0450692,1.0450692,1.0450692,1.0450712,-6.0436814516132095e-05,
batch1,2,1141.0,1177.0,1.0449965,1.0449965,1.0449965,1.0450692,-6.269713709677314e-05,
batch1,2,1142.0,1177.0,1.0450712,1.0450712,1.0450712,1.0449965,-6.0533145161284304e-05,
batch1,2,1143.0,1177.0,1.0449892,1.0449892,1.0449892,1.0449892,-6.221338709678482e-05,
batch1,2,1144.0,1177.0,1.0449083,1.0449083,1.0449083,1.0449083,-6.157524193547058e-05,
batch1,2,1145.0,1177.0,1.0446546,1.0446546,1.0446546,1.0447837,-6.0109717741942686e-05,
batch1,2,1146.0,1177.0,1.044628,1.044628,1.044628,1.0447327,-5.6507379032259985e-05,
batch1,2,1147.0,1177.0,1.0447327,1.0447327,1.0447327,1.0447092,-5.5031491935483386e-05,
batch1,2,1148.0,1177.0,1.0447092,1.0447092,1.0447092,1.0446613,-5.263189516129526e-05,
batch1,2,1149.0,1177.0,1.0447837,1.0447837,1.0447837,1.0446546,-4.918439516129184e-05,
batch1,2,1150.0,1177.0,1.0445632,1.0445632,1.0445632,1.044628,-4.8628467741935444e-05,
batch1,2,1151.0,1177.0,1.0443915,1.0443915,1.0443915,1.0445952,-4.878616935483668e-05,
batch1,2,1152.0,1177.0,1.0443693,1.0443693,1.0443693,1.0445632,-5.095576612903915e-05,
batch1,2,1153.0,1177.0,1.0446613,1.0446613,1.0446613,1.0444497,-5.095048387096561e-05,
batch1,2,1154.0,1177.0,1.0444428,1.0444428,1.0444428,1.0444428,-4.922983870968044e-05,
batch1,2,1155.0,1177.0,1.0445952,1.0445952,1.0445952,1.0443915,-4.650024193548e-05,
batch1,2,1156.0,1177.0,1.0435395,1.0435395,1.0435395,1.0443915,-4.700455645161156e-05,
batch1,2,1157.0,1177.0,1.0444497,1.0444497,1.0444497,1.0443693,-4.408169354837569e-05,
batch1,2,1158.0,1177.0,1.0439625,1.0439625,1.0439625,1.0444107,-4.308278225806228e-05,
batch1,2,1159.0,1177.0,1.0440586,1.0440586,1.0440586,1.0442758,-3.991624999999494e-05,
batch1,2,1160.0,1177.0,1.0442758,1.0442758,1.0442758,1.0440586,-3.966584677418942e-05,
batch1,2,1161.0,1177.0,1.0445757,1.0445757,1.0445757,1.0439847,-4.1604112903226505e-05,
batch1,2,1162.0,1177.0,1.0439847,1.0439847,1.0439847,1.0439847,,
batch1,2,1163.0,1177.0,1.0444107,1.0444107,1.0444107,1.0439625,,
batch1,2,1164.0,1177.0,1.04387,1.04387,1.04387,1.0439044,,
batch1,2,1165.0,1177.0,1.0439044,1.0439044,1.0439044,1.0438913,,
batch1,2,1166.0,1177.0,1.0438857,1.0438857,1.0438857,1.0438857,,
batch1,2,1167.0,1177.0,1.0433387,1.0433387,1.0433387,1.0438857,,
batch1,2,1168.0,1177.0,1.0435977,1.0435977,1.0435977,1.04387,,
batch1,2,1169.0,1177.0,1.043646,1.043646,1.043646,1.04387,,
batch1,2,1170.0,1177.0,1.0438913,1.0438913,1.0438913,1.043646,,
batch1,2,1171.0,1177.0,1.0435066,1.0435066,1.0435066,1.0435977,,
batch1,2,1172.0,1177.0,1.0440466,1.0440466,1.0440466,,,
batch1,2,1173.0,1177.0,1.0435855,1.0435855,1.0435855,,,
batch1,2,1174.0,1177.0,1.0439323,1.0439323,1.0439323,,,
batch1,2,1175.0,1177.0,1.043466,1.043466,1.043466,,,
batch1,2,1176.0,1177.0,1.0432786,1.0432786,1.0432786,,,
batch1,0,10.0,1190.0,1.0745373,1.0745373,1.0745373,,,
batch1,0,11.0,1190.0,1.0747814,1.0747814,1.0747814,,,
batch1,0,12.0,1190.0,1.5390544,1.5390544,,,,
batch1,0,13.0,1190.0,1.0738269,1.0738269,1.0738269,,,
batch1,0,14.0,1190.0,1.0750562,1.0750562,1.0750562,,,
batch1,0,15.0,1190.0,1.0730921,1.0730921,1.0730921,,,
batch1,0,16.0,1190.0,1.0758405,1.0758405,1.0758405,,,
batch1,0,17.0,1190.0,1.072405,1.072405,1.072405,,,
batch1,0,18.0,1190.0,1.0761998,1.0761998,1.0761998,1.0761871,,
batch1,0,19.0,1190.0,1.0761871,1.0761871,1.0761871,1.0761871,,
batch1,0,20.0,1190.0,1.0764284,1.0764284,1.0764284,1.0761998,,
batch1,0,21.0,1190.0,1.0765469,1.0765469,1.0765469,1.0764284,,
batch1,0,22.0,1190.0,1.0766536,1.0766536,1.0766536,1.076545,,
batch1,0,23.0,1190.0,1.0766355,1.0766355,1.0766355,1.076545,,
batch1,0,24.0,1190.0,1.0754509,1.0754509,1.0754509,1.076545,,
batch1,0,25.0,1190.0,1.0766494,1.0766494,1.0766494,1.0765469,,
batch1,0,26.0,1190.0,1.076545,1.076545,1.076545,1.0765674,,
batch1,0,27.0,1190.0,1.0765674,1.0765674,1.0765674,1.0765879,,
batch1,0,28.0,1190.0,1.0765301,1.0765301,1.0765301,1.0765879,7.444149193548852e-05,
batch1,0,29.0,1190.0,1.0764797,1.0764797,1.0764797,1.0765879,6.384245967739195e-05,
batch1,0,30.0,1190.0,1.0765879,1.0765879,1.0765879,1.0766001,5.8834475806454525e-05,
batch1,0,31.0,1190.0,1.0766202,1.0766202,1.0766202,1.0766001,4.057290322579505e-05,
batch1,0,32.0,1190.0,1.0766256,1.0766256,1.0766256,1.0766066,3.8603104838718235e-05,
batch1,0,33.0,1190.0,1.0766001,1.0766001,1.0766001,1.0766202,-1.419354838992347e-07,
batch1,0,34.0,1190.0,1.0766319,1.0766319,1.0766319,1.0766256,6.999999999377511e-08,
batch1,0,35.0,1190.0,1.0766066,1.0766066,1.0766066,1.0766319,-4.7016129031874294e-07,
batch1,0,36.0,1190.0,1.076661,1.076661,1.076661,1.0766382,2.604838710224926e-08,
batch1,0,37.0,1190.0,1.0766382,1.0766382,1.0766382,1.0766507,9.858870967781678e-07,
batch1,0,38.0,1190.0,1.0766717,1.0766717,1.0766717,1.0766598,2.726209677423846e-06,
batch1,0,39.0,1190.0,1.0766507,1.0766507,1.0766507,1.076661,4.839354838706926e-06,
batch1,0,40.0,1190.0,1.0767151,1.0767151,1.0767151,1.076661,-1.5971370967750278e-06,
batch1,0,41.0,1190.0,1.0766989,1.0766989,1.0766989,1.0766659,-7.272177419418675e-07,
batch1,0,42.0,1190.0,1.0766598,1.0766598,1.0766598,1.0766661,-8.133185483877166e-06,
batch1,0,43.0,1190.0,1.0766748,1.0766748,1.0766748,1.0766661,-7.745282258071192e-06,
batch1,0,44.0,1190.0,1.0768414,1.0768414,1.0768414,1.0766661,-1.5607459677417233e-05,
batch1,0,45.0,1190.0,1.0766555,1.0766555,1.0766555,1.0766748,-1.456443548386655e-05,
batch1,0,46.0,1190.0,1.0766659,1.0766659,1.0766659,1.0766748,-1.171637096775412e-05,
batch1,0,47.0,1190.0,1.0766661,1.0766661,1.0766661,1.0766748,-7.856491935487623e-06,
batch1,0,48.0,1190.0,1.0743055,1.0743055,1.0743055,1.076677,-3.9791129032259355e-06,
batch1,0,49.0,1190.0,1.0768253,1.0768253,1.0768253,1.0767009,-1.0655645161302868e-06,
batch1,0,50.0,1190.0,1.0767562,1.0767562,1.0767562,1.076677,-8.892338709548189e-07,8.23141963015485e-06
batch1,0,51.0,1190.0,1.0767081,1.0767081,1.0767081,1.076677,-5.671370967779057e-07,5.344022759605806e-06
batch1,0,52.0,1190.0,1.076677,1.076677,1.076677,1.076677,7.839112903272682e-07,2.5574253200590655e-06
batch1,0,53.0,1190.0,1.0767009,1.0767009,1.0767009,1.076677,1.1479838709715618e-06,-1.1088733997182935e-06
batch1,0,54.0,1190.0,1.076785,1.076785,1.076785,1.076677,2.455362903232527e-06,-1.979052631591044e-06
batch1,0,55.0,1190.0,1.076645,1.076645,1.076645,1.076677,3.350282258060019e-06,-7.866449502132955e-06
batch1,0,56.0,1190.0,1.0766542,1.0766542,1.0766542,1.076677,-2.9743951612776675e-06,-8.475194879097508e-06
batch1,0,57.0,1190.0,1.0753976,1.0753976,1.0753976,1.076677,-2.4192741935486666e-06,-9.188233285923776e-06
batch1,0,58.0,1190.0,1.0765858,1.0765858,1.0765858,1.0767009,-9.59879032258393e-06,-9.710091038413956e-06
batch1,0,59.0,1190.0,1.0752628,1.0752628,1.0752628,1.0767044,-8.607419354842007e-06,-1.0033186344237694e-05
batch1,0,60.0,1190.0,1.0767044,1.0767044,1.0767044,1.0766542,-7.159475806454575e-06,-1.0256981507823623e-05
batch1,0,61.0,1190.0,1.0769024,1.0769024,1.0769024,1.0766542,-6.2187096774233e-06,-1.040430440967842e-05
batch1,0,62.0,1190.0,1.0770562,1.0770562,1.0770562,1.0766724,-5.297096774192357e-06,-1.1846196301569824e-05
batch1,0,63.0,1190.0,1.0770824,1.0770824,1.0770824,1.0766724,-4.047298387107675e-06,-1.1968574679944324e-05
batch1,0,64.0,1190.0,1.0769807,1.0769807,1.0769807,1.0766724,-1.858104838710255e-05,-1.2257698435271623e-05
batch1,0,65.0,1190.0,1.0765196,1.0765196,1.0765196,1.0766724,-1.743020161290947e-05,-1.2558275960175119e-05
batch1,0,66.0,1190.0,1.0765632,1.0765632,1.0765632,1.0766476,-1.643995967742125e-05,-1.2842073968709633e-05
batch1,0,67.0,1190.0,1.0766724,1.0766724,1.0766724,1.0766002,-1.5825241935484164e-05,-1.3200733997155648e-05
batch1,0,68.0,1190.0,1.0765343,1.0765343,1.0765343,1.0765632,-1.5274435483864227e-05,-1.3375766714092399e-05
batch1,0,69.0,1190.0,1.0766476,1.0766476,1.0766476,1.0765343,-1.4140685483874292e-05,-1.3455729729731437e-05
batch1,0,70.0,1190.0,1.0766002,1.0766002,1.0766002,1.0765196,-1.162951612902699e-05,-1.3746352773833242e-05
batch1,0,71.0,1190.0,1.0753345,1.0753345,1.0753345,1.0763972,-1.1543104838709972e-05,-1.3923192034139589e-05
batch1,0,72.0,1190.0,1.0763972,1.0763972,1.0763972,1.0763736,-1.0098225806446048e-05,-1.4059982930301761e-05
batch1,0,73.0,1190.0,1.07514,1.07514,1.07514,1.0763264,-1.7636733870962045e-05,-1.4264204836418715e-05
batch1,0,74.0,1190.0,1.0763736,1.0763736,1.0763736,1.0763192,-2.446685483871951e-05,-1.4427584637273109e-05
batch1,0,75.0,1190.0,1.0762513,1.0762513,1.0762513,1.0762902,-3.204338709677833e-05,-1.4588298719777809e-05
batch1,0,76.0,1190.0,1.0763264,1.0763264,1.0763264,1.0762513,-3.117737903225415e-05,-1.4632492176384434e-05
batch1,0,77.0,1190.0,1.0762902,1.0762902,1.0762902,1.0762513,-3.622149193548705e-05,-1.474857183499089e-05
batch1,0,78.0,1190.0,1.0763192,1.0763192,1.0763192,1.0762444,-3.227778225806046e-05,-1.6235974395438962e-05
batch1,0,79.0,1190.0,1.0762045,1.0762045,1.0762045,1.0762444,-2.8289838709685405e-05,-1.6154036984352858e-05
batch1,0,80.0,1190.0,1.0762365,1.0762365,1.0762365,1.0762444,-2.492822580646017e-05,-1.6121035561873254e-05
batch1,0,81.0,1190.0,1.0762444,1.0762444,1.0762444,1.0762365,-2.3767983870971335e-05,-1.6135021337136255e-05
batch1,0,82.0,1190.0,1.0761995,1.0761995,1.0761995,1.0762265,-2.226866935484014e-05,-1.594652347083727e-05
batch1,0,83.0,1190.0,1.0761882,1.0761882,1.0761882,1.0762264,-1.9354838709677153e-05,-1.604275391180622e-05
batch1,0,84.0,1190.0,1.0762265,1.0762265,1.0762265,1.0762045,-1.722342741935456e-05,-1.6236440967284306e-05
batch1,0,85.0,1190.0,1.0763329,1.0763329,1.0763329,1.0761995,-1.3889717741927277e-05,-1.6428930298722188e-05
batch1,0,86.0,1190.0,1.0760512,1.0760512,1.0760512,1.0761882,-1.0995483870971144e-05,-1.9121055476525116e-05
batch1,0,87.0,1190.0,1.0762264,1.0762264,1.0762264,1.0761249,-1.6281088709672605e-05,-1.9160901849220092e-05
batch1,0,88.0,1190.0,1.076053,1.076053,1.076053,1.076053,-1.4692862903227294e-05,-1.9195621621620262e-05
batch1,0,89.0,1190.0,1.0749464,1.0749464,1.0749464,1.0760512,-2.1216451612897742e-05,-1.922200284495059e-05
batch1,0,90.0,1190.0,1.0761249,1.0761249,1.0761249,1.0760405,-1.9771572580650954e-05,-1.9227374110952433e-05
batch1,0,91.0,1190.0,1.0760405,1.0760405,1.0760405,1.0759902,-1.8674274193551088e-05,-1.911592034139065e-05
batch1,0,92.0,1190.0,1.0748079,1.0748079,1.0748079,1.0758985,-1.8303991935491256e-05,-1.8945866287336938e-05
batch1,0,93.0,1190.0,1.0759902,1.0759902,1.0759902,1.0758985,-1.7238991935481785e-05,-1.8958076813653322e-05
batch1,0,94.0,1190.0,1.0758985,1.0758985,1.0758985,1.0758784,-1.5874475806442678e-05,-1.8939408250356395e-05
batch1,0,95.0,1190.0,1.0758245,1.0758245,1.0758245,1.0758985,-1.5389677419354604e-05,-2.1676813655758455e-05
batch1,0,96.0,1190.0,1.0758753,1.0758753,1.0758753,1.0758784,-1.4738225806452885e-05,-2.205038406827793e-05
batch1,0,97.0,1190.0,1.0758419,1.0758419,1.0758419,1.0758753,-1.3801209677416774e-05,-2.4110403982937443e-05
batch1,0,98.0,1190.0,1.0759112,1.0759112,1.0759112,1.0758753,-1.2607379032257613e-05,-2.6270990042676277e-05
batch1,0,99.0,1190.0,1.0758784,1.0758784,1.0758784,1.0758419,-1.1719274193549854e-05,-2.8110725462306246e-05
batch1,0,100.0,1190.0,1.0759126,1.0759126,1.0759126,1.0758415,-1.8797338709683032e-05,-2.7904628734001815e-05
batch1,0,101.0,1190.0,1.0758415,1.0758415,1.0758415,1.0758419,-1.566463709676614e-05,-2.885173826458133e-05
batch1,0,102.0,1190.0,1.0757886,1.0757886,1.0757886,1.0758415,-1.4280927419349146e-05,-2.8286327169276432e-05
batch1,0,103.0,1190.0,1.0758218,1.0758218,1.0758218,1.0758278,-1.2122137096773048e-05,-2.817826742532023e-05
batch1,0,104.0,1190.0,1.0757833,1.0757833,1.0757833,1.0758218,-1.0856129032257327e-05,-3.188267709814659e-05
batch1,0,105.0,1190.0,1.0758278,1.0758278,1.0758278,1.0757886,-1.7208104838709547e-05,-3.1487826458036825e-05
batch1,0,106.0,1190.0,1.0758644,1.0758644,1.0758644,1.0757833,-1.696689516129224e-05,-3.112899288762722e-05
batch1,0,107.0,1190.0,1.0756383,1.0756383,1.0756383,1.0757459,-1.7143548387092093e-05,-3.0626788051207346e-05
batch1,0,108.0,1190.0,1.0757459,1.0757459,1.0757459,1.0757282,-2.4875685483876037e-05,-3.2743308677095326e-05
batch1,0,109.0,1190.0,1.0757282,1.0757282,1.0757282,1.0756699,-2.5410564516139227e-05,-3.4843772403984514e-05
batch1,0,110.0,1190.0,1.0756657,1.0756657,1.0756657,1.0756657,-2.6020887096767566e-05,-3.4535871977240156e-05
batch1,0,111.0,1190.0,1.0756232,1.0756232,1.0756232,1.0756383,-2.673766129032798e-05,-3.569381792318266e-05
batch1,0,112.0,1190.0,1.0756211,1.0756211,1.0756211,1.0756382,-2.6814233870958797e-05,-3.5811886201989863e-05
batch1,0,113.0,1190.0,1.0756699,1.0756699,1.0756699,1.0756232,-2.6562217741933256e-05,-3.565261735419644e-05
batch1,0,114.0,1190.0,1.0755961,1.0755961,1.0755961,1.0756211,-2.6056330645165957e-05,-3.5399081081082574e-05
batch1,0,115.0,1190.0,1.0741987,1.0741987,1.0741987,1.0756032,-2.5916491935478217e-05,-3.514893314366591e-05
batch1,0,116.0,1190.0,1.0756382,1.0756382,1.0756382,1.0755961,-2.5385685483873008e-05,-3.48994480796501e-05
batch1,0,117.0,1190.0,1.0756032,1.0756032,1.0756032,1.0755146,-3.327681451612889e-05,-3.476438122333261e-05
batch1,0,118.0,1190.0,1.0755146,1.0755146,1.0755146,1.0755045,-3.47354032258069e-05,-3.481508961593176e-05
batch1,0,119.0,1190.0,1.0755045,1.0755045,1.0755045,1.0753888,-3.7330322580650265e-05,-3.558461166429349e-05
batch1,0,120.0,1190.0,1.0753888,1.0753888,1.0753888,1.0752513,-4.928504032257025e-05,-3.582545376955798e-05
batch1,0,121.0,1190.0,1.0752513,1.0752513,1.0752513,1.0752513,-5.978556451612173e-05,-3.5898788051210944e-05
batch1,0,122.0,1190.0,1.075214,1.075214,1.075214,1.07524,-5.87103629032253e-05,-3.574518349929315e-05
batch1,0,123.0,1190.0,1.0752245,1.0752245,1.0752245,1.07524,-6.575540322581292e-05,-3.501172688477829e-05
batch1,0,124.0,1190.0,1.0751811,1.0751811,1.0751811,1.0752281,-6.246600806451926e-05,-3.58583613086718e-05
batch1,0,125.0,1190.0,1.0752125,1.0752125,1.0752125,1.0752245,-5.90220564516193e-05,-3.6373834992889324e-05
batch1,0,126.0,1190.0,1.0752281,1.0752281,1.0752281,1.0752187,-7.80529032258045e-05,-3.855109815078065e-05
batch1,0,127.0,1190.0,1.07524,1.07524,1.07524,1.075214,-7.351822580645585e-05,-4.1941982930301175e-05
batch1,0,128.0,1190.0,1.0752876,1.0752876,1.0752876,1.0752125,-6.828830645161117e-05,-4.68365234708372e-05
batch1,0,129.0,1190.0,1.0752187,1.0752187,1.0752187,1.0751811,-6.255673387097145e-05,-5.265734850640444e-05
batch1,0,130.0,1190.0,1.075147,1.075147,1.075147,1.075147,-7.197899193548317e-05,-5.45298805120982e-05
batch1,0,131.0,1190.0,1.0751264,1.0751264,1.0751264,1.0751264,-8.181169354838741e-05,-5.387353911806951e-05
batch1,0,132.0,1190.0,1.0737574,1.0737574,1.0737574,1.0747384,-7.511318548387535e-05,-5.388927738264452e-05
batch1,0,133.0,1190.0,1.0747384,1.0747384,1.0747384,1.07452,-6.911415322580726e-05,-5.3114318634421264e-05
batch1,0,134.0,1190.0,1.0744451,1.0744451,1.0744451,1.07452,-6.500733870968726e-05,-5.204495590327518e-05
batch1,0,135.0,1190.0,1.0728469,1.0728469,1.0728469,1.07452,-5.8410766129032276e-05,-5.353934566144635e-05
batch1,0,136.0,1190.0,1.0728441,1.0728441,1.0728441,1.0744451,-5.234641129032272e-05,-5.49411863442398e-05
batch1,0,137.0,1190.0,1.07452,1.07452,1.07452,1.0744451,-4.687467741935193e-05,-5.7690537695587014e-05
batch1,0,138.0,1190.0,1.073329,1.073329,1.073329,1.07452,-4.178350806452387e-05,-6.664011664295968e-05
batch1,0,139.0,1190.0,1.0747689,1.0747689,1.0747689,1.07452,-3.6525483870973305e-05,-7.124433854907557e-05
batch1,0,140.0,1190.0,1.0747482,1.0747482,1.0747482,1.07452,-3.27356048387102e-05,-7.170291038406444e-05
batch1,0,141.0,1190.0,1.0710337,1.0710337,1.0710337,1.07452,-3.2804153225807855e-05,-7.457956472261651e-05
batch1,0,142.0,1190.0,1.0746664,1.0746664,1.0746664,1.0745389,-2.9145282258062507e-05,-7.480205120910416e-05
batch1,0,143.0,1190.0,1.0747198,1.0747198,1.0747198,1.0745389,-2.4165080645166783e-05,-7.623335135134954e-05
batch1,0,144.0,1190.0,1.0746906,1.0746906,1.0746906,1.0745389,-1.7617822580647593e-05,-7.61313854907535e-05
batch1,0,145.0,1190.0,1.0721986,1.0721986,1.0721986,1.0744152,-8.664072580640901e-06,-7.373990042674272e-05
batch1,0,146.0,1190.0,1.0733948,1.0733948,1.0733948,1.0743873,-7.4579838709734074e-06,-7.148294736842025e-05
batch1,0,147.0,1190.0,1.0745389,1.0745389,1.0745389,1.0743873,-5.20508064516782e-06,-6.924944238976034e-05
batch1,0,148.0,1190.0,1.0743873,1.0743873,1.0743873,1.074378,-1.9940201612902736e-05,-6.711909246088107e-05
batch1,0,149.0,1190.0,1.0740879,1.0740879,1.0740879,1.0743593,-2.8297338709681715e-05,-6.502267994309928e-05
batch1,0,150.0,1190.0,1.0744152,1.0744152,1.0744152,1.0742767,-5.37495967742026e-05,-6.298909815078224e-05
batch1,0,151.0,1190.0,1.074378,1.074378,1.074378,1.0742767,-9.320866935483651e-05,-6.10422446657209e-05
batch1,0,152.0,1190.0,1.0743593,1.0743593,1.0743593,1.0742767,-0.00010163237903224792,-6.0159806543387054e-05
batch1,0,153.0,1190.0,1.0742767,1.0742767,1.0742767,1.0742306,-9.229580645161367e-05,-6.10246201991452e-05
batch1,0,154.0,1190.0,1.0742306,1.0742306,1.0742306,1.0740879,-9.396116935483364e-05,-5.935399715505077e-05
batch1,0,155.0,1190.0,1.0739679,1.0739679,1.0739679,1.0742306,-8.167923387096746e-05,-5.721709246087829e-05
batch1,0,156.0,1190.0,1.0732156,1.0732156,1.0732156,1.0739679,-6.808709677419868e-05,-5.4853721194875526e-05
batch1,0,157.0,1190.0,1.0736821,1.0736821,1.0736821,1.0738961,-9.297342741934415e-05,-5.606540540540519e-05
batch1,0,158.0,1190.0,1.0737848,1.0737848,1.0737848,1.0737848,-9.521592741935534e-05,-5.58705120910363e-05
batch1,0,159.0,1190.0,1.0738961,1.0738961,1.0738961,1.0736821,-0.00010406947580645097,-6.221615931720979e-05
batch1,0,160.0,1190.0,1.0742747,1.0742747,1.0742747,1.0732156,-0.0001480116532258124,-6.571155049786746e-05
batch1,0,161.0,1190.0,1.0730073,1.0730073,1.0730073,1.0730597,-0.0001802415322580649,-6.678454054054015e-05
batch1,0,162.0,1190.0,1.0730597,1.0730597,1.0730597,1.0730073,-0.00018014766129032227,-7.287284779516127e-05
batch1,0,163.0,1190.0,1.0715735,1.0715735,1.0715735,1.0730073,-0.0001867302419354839,-7.35226258890474e-05
batch1,0,164.0,1190.0,1.071436,1.071436,1.071436,1.0730073,-0.00017771616935484413,-7.007700426742657e-05
batch1,0,165.0,1190.0,1.0687023,1.0687023,1.0687023,1.0730073,-0.0001773966935483843,-6.761707823612938e-05
batch1,0,166.0,1190.0,1.0677084,1.0677084,1.0677084,1.0730073,-0.000165737701612899,-6.340023613086713e-05
batch1,0,167.0,1190.0,1.0725,1.0725,1.0725,1.0725,-0.0001392913709677466,-6.170337126600538e-05
batch1,0,168.0,1190.0,1.0736258,1.0736258,1.0736258,1.0715735,-0.00011446653225807095,-5.815104125178168e-05
batch1,0,169.0,1190.0,1.0730176,1.0730176,1.0730176,1.0714852,-9.02146774193513e-05,-5.899765291607733e-05
batch1,0,170.0,1190.0,1.0737669,1.0737669,1.0737669,1.0714852,-6.64947580645104e-05,-5.730777240397939e-05
batch1,0,171.0,1190.0,1.0739388,1.0739388,1.0739388,1.0714852,-4.441596774193647e-05,-5.456356472261633e-05
batch1,0,172.0,1190.0,1.0714852,1.0714852,1.0714852,1.0715845,-2.7640483870965424e-05,-5.1141314366998115e-05
batch1,0,173.0,1190.0,1.0713842,1.0713842,1.0713842,1.0714852,-9.032499999990385e-06,-4.9617860597441044e-05
batch1,0,174.0,1190.0,1.0700154,1.0700154,1.0700154,1.0714852,4.4326612903261135e-06,-4.8152036984349816e-05
batch1,0,175.0,1190.0,1.0639316,1.0639316,1.0639316,1.0713842,1.7404354838703706e-05,-4.4903772403980166e-05
batch1,0,176.0,1190.0,1.0678089,1.0678089,1.0678089,1.0713842,3.894379032257444e-05,-4.292351920341484e-05
batch1,0,177.0,1190.0,1.0715845,1.0715845,1.0715845,1.0713842,5.541278225806791e-05,-3.948741963015433e-05
batch1,0,178.0,1190.0,1.0691396,1.0691396,1.0691396,1.0713842,7.368153225806765e-05,-3.611323186344313e-05
batch1,0,179.0,1190.0,1.07152,1.07152,1.07152,1.0714779,6.147249999999488e-05,-3.783384352774627e-05
batch1,0,180.0,1190.0,1.0702107,1.0702107,1.0702107,1.07152,5.699709677418665e-05,-3.454759601707276e-05
batch1,0,181.0,1190.0,1.0714779,1.0714779,1.0714779,1.0715845,-2.370241935475557e-06,-3.1430184921763004e-05
batch1,0,182.0,1190.0,1.0737666,1.0737666,1.0737666,1.0731425,-5.1663346774192135e-05,-2.8305726884781286e-05
batch1,0,183.0,1190.0,1.0734777,1.0734777,1.0734777,1.0731425,-5.729677419354889e-05,-2.9833214793738928e-05
batch1,0,184.0,1190.0,1.0734123,1.0734123,1.0734123,1.0731425,-8.388983870968629e-05,-2.938117496444045e-05
batch1,0,185.0,1190.0,1.0733159,1.0733159,1.0733159,1.0731425,-8.13956451612933e-05,-2.6722042674255334e-05
batch1,0,186.0,1190.0,1.0732638,1.0732638,1.0732638,1.0731425,-5.008709677419062e-05,-2.3803172119487322e-05
batch1,0,187.0,1190.0,1.0731425,1.0731425,1.0731425,1.0731425,-2.345290322580626e-05,-2.052986344238902e-05
batch1,0,188.0,1190.0,1.072943,1.072943,1.072943,1.0730959,-2.5850806451543358e-06,-2.1073675675676636e-05
batch1,0,189.0,1190.0,1.0719339,1.0719339,1.0719339,1.072943,2.4789516129084273e-06,-2.140563300142307e-05
batch1,0,190.0,1190.0,1.0716102,1.0716102,1.0716102,1.0728638,9.257620967737106e-06,-2.4376551920339528e-05
batch1,0,191.0,1190.0,1.0724705,1.0724705,1.0724705,1.0724705,-4.9877338709670266e-05,-2.7385465149356356e-05
batch1,0,192.0,1190.0,1.0728638,1.0728638,1.0728638,1.0719339,-6.38718548387163e-05,-2.81214623044082e-05
batch1,0,193.0,1190.0,1.0730959,1.0730959,1.0730959,1.0716102,-5.5581814516126525e-05,-2.8294273115220696e-05
batch1,0,194.0,1190.0,1.0696446,1.0696446,1.0696446,1.0709413,-5.801262096773986e-05,-2.598291891891457e-05
batch1,0,195.0,1190.0,1.0709413,1.0709413,1.0709413,1.0696446,-4.788205645161474e-05,-2.2091502133714392e-05
batch1,0,196.0,1190.0,1.0647488,1.0647488,1.0647488,1.0696446,-4.7056895161277295e-05,-1.8128250355616463e-05
batch1,0,197.0,1190.0,1.067211,1.067211,1.067211,1.0696446,-3.9284717741936724e-05,-1.4153721194881909e-05
batch1,0,198.0,1190.0,1.0692852,1.0692852,1.0692852,1.0696446,-1.7450483870972275e-05,-9.747268847792942e-06
batch1,0,199.0,1190.0,1.0644047,1.0644047,1.0644047,1.0696446,2.2487500000050926e-06,-1.3292651493599463e-05
batch1,0,200.0,1190.0,1.0692478,1.0692478,1.0692478,1.0709413,2.1281612903218566e-05,-1.152717211948747e-05
batch1,0,201.0,1190.0,1.0729612,1.0729612,1.0729612,1.0692852,3.347427419356043e-05,-1.2627604551919498e-05
batch1,0,202.0,1190.0,1.0719513,1.0719513,1.0719513,1.0711106,5.234479838709075e-05,-2.025112375533653e-05
batch1,0,203.0,1190.0,1.0734826,1.0734826,1.0734826,1.0719513,6.907774193547271e-05,-2.4249322901848866e-05
batch1,0,204.0,1190.0,1.0711106,1.0711106,1.0711106,1.0722088,8.47001209677475e-05,-3.0698790896160375e-05
batch1,0,205.0,1190.0,1.0728359,1.0728359,1.0728359,1.0722553,8.244834677419425e-05,-2.9491408250356822e-05
batch1,0,206.0,1190.0,1.0686156,1.0686156,1.0686156,1.0728358,8.240040322580052e-05,-2.5948110953058898e-05
batch1,0,207.0,1190.0,1.0722553,1.0722553,1.0722553,1.0728077,9.335612903224899e-05,-2.3441652916069607e-05
batch1,0,208.0,1190.0,1.0722088,1.0722088,1.0722088,1.0728077,0.00010911693548387441,-1.9849482219064002e-05
batch1,0,209.0,1190.0,1.0730858,1.0730858,1.0730858,1.07278,0.0001302100000000041,-1.598290184922081e-05
batch1,0,210.0,1190.0,1.0728866,1.0728866,1.0728866,1.07278,0.00010501185483871032,-1.4579069701279374e-05
batch1,0,211.0,1190.0,1.0728358,1.0728358,1.0728358,1.0726694,8.908342741935332e-05,-1.3382830725464346e-05
batch1,0,212.0,1190.0,1.0728077,1.0728077,1.0728077,1.0726694,1.8120483870961554e-05,-1.3305385490754452e-05
batch1,0,213.0,1190.0,1.07278,1.07278,1.07278,1.0726694,-3.8559153225803744e-05,-2.0386705547655745e-05
batch1,0,214.0,1190.0,1.0726694,1.0726694,1.0726694,1.0726694,-6.93589112903243e-05,-2.556373826458261e-05
batch1,0,215.0,1190.0,1.0725751,1.0725751,1.0725751,1.0725751,-0.00012725745967742108,-2.6446196301567036e-05
batch1,0,216.0,1190.0,1.0714912,1.0714912,1.0714912,1.0725292,-0.00013751971774193716,-2.7950571834993455e-05
batch1,0,217.0,1190.0,1.0725292,1.0725292,1.0725292,1.0722562,-0.00011884012096773447,-3.1936341394026486e-05
batch1,0,218.0,1190.0,1.0722562,1.0722562,1.0722562,1.0722263,-0.0001069109677419425,-3.182970412517809e-05
batch1,0,219.0,1190.0,1.0722263,1.0722263,1.0722263,1.0722263,-8.614629032258054e-05,-3.416208534850836e-05
batch1,0,220.0,1190.0,1.0702997,1.0702997,1.0702997,1.0720819,-8.033927419354404e-05,-5.064549644380824e-05
batch1,0,221.0,1190.0,1.0709004,1.0709004,1.0709004,1.0717547,-0.00010201697580646209,-5.9243271692744015e-05
batch1,0,222.0,1190.0,1.0717547,1.0717547,1.0717547,1.0717547,-0.00011911459677420526,-6.402489046942068e-05
batch1,0,223.0,1190.0,1.0720819,1.0720819,1.0720819,1.0709004,-0.00012120983870968266,-6.597606543385618e-05
batch1,0,224.0,1190.0,1.0726638,1.0726638,1.0726638,1.0702997,-0.0001594643951612813,-6.528126884779674e-05
batch1,0,225.0,1190.0,1.0686629,1.0686629,1.0686629,1.0687469,-0.0001520116129032264,-6.060223613086969e-05
batch1,0,226.0,1190.0,1.0687469,1.0687469,1.0687469,1.0687469,-0.00015216431451612727,-5.679359601707334e-05
batch1,0,227.0,1190.0,1.0661069,1.0661069,1.0661069,1.0687469,-0.0001364318951612983,-5.4247596017068034e-05
batch1,0,228.0,1190.0,1.0659326,1.0659326,1.0659326,1.0687469,-0.00011384116935484361,-5.259441251778504e-05
batch1,0,229.0,1190.0,1.0679137,1.0679137,1.0679137,1.0687469,-9.343528225806446e-05,-5.250774110952935e-05
batch1,0,230.0,1190.0,1.0685478,1.0685478,1.0685478,1.0687469,-7.179729838710257e-05,-5.138252916074068e-05
batch1,0,231.0,1190.0,1.0715339,1.0715339,1.0715339,1.0687469,-5.0114556451619315e-05,-4.6576261735421804e-05
batch1,0,232.0,1190.0,1.0725104,1.0725104,1.0725104,1.0707749,-3.426040322580034e-05,-4.55127539118067e-05
batch1,0,233.0,1190.0,1.0724415,1.0724415,1.0724415,1.0707749,-1.226346774193475e-05,-4.312605120910145e-05
batch1,0,234.0,1190.0,1.0723016,1.0723016,1.0723016,1.0707749,1.0515564516122623e-05,-4.7515317211949885e-05
batch1,0,235.0,1190.0,1.07228,1.07228,1.07228,1.0707749,3.026016129032006e-05,-5.0591866287339406e-05
batch1,0,236.0,1190.0,1.0659735,1.0659735,1.0659735,1.0707749,2.6036693548388332e-05,-5.068859459459771e-05
batch1,0,237.0,1190.0,1.0707749,1.0707749,1.0707749,1.0705171,2.757987903226174e-05,-5.578873968705234e-05
batch1,0,238.0,1190.0,1.0695169,1.0695169,1.0695169,1.0705171,4.648415322580263e-05,-5.592060881934725e-05
batch1,0,239.0,1190.0,1.0634056,1.0634056,1.0634056,1.0705171,3.898790322581226e-05,-5.21753911806509e-05
batch1,0,240.0,1190.0,1.0694402,1.0694402,1.0694402,1.0705171,6.830713709678017e-05,-4.9996591749644715e-05
batch1,0,241.0,1190.0,1.0681522,1.0681522,1.0681522,1.0705171,5.0567419354830685e-05,-4.5928958748224804e-05
batch1,0,242.0,1190.0,1.0705171,1.0705171,1.0705171,1.0707749,-6.24816129032226e-05,-4.471306685632966e-05
batch1,0,243.0,1190.0,1.0715264,1.0715264,1.0715264,1.0711093,-0.00014231209677419124,-4.156643527738159e-05
batch1,0,244.0,1190.0,1.0711093,1.0711093,1.0711093,1.0713196,-0.00020053254032258305,-4.3688398293031314e-05
batch1,0,245.0,1190.0,1.0713196,1.0713196,1.0713196,1.0713196,-0.0002295621774193596,-4.4595044096728496e-05
batch1,0,246.0,1190.0,1.0713376,1.0713376,1.0713376,1.0713196,-0.00023921104838709346,-4.5744847795164754e-05
batch1,0,247.0,1190.0,1.0714476,1.0714476,1.0714476,1.0713196,-0.00020648431451613606,-4.6978472261734774e-05
batch1,0,248.0,1190.0,1.0713531,1.0713531,1.0713531,1.0713196,-0.000171432459677422,-4.403808819345861e-05
batch1,0,249.0,1190.0,1.0716952,1.0716952,1.0716952,1.0713137,-0.0001374374596774187,-4.1649035561876815e-05
batch1,0,250.0,1190.0,1.071188,1.071188,1.071188,1.0713196,-0.00010689887096774011,-3.669947083926112e-05
batch1,0,251.0,1190.0,1.0692111,1.0692111,1.0692111,1.0713137,-9.014943548386786e-05,-3.3722577524895094e-05
batch1,0,252.0,1190.0,1.0694512,1.0694512,1.0694512,1.071188,-0.00010943685483871419,-3.011456045519299e-05
batch1,0,253.0,1190.0,1.0713137,1.0713137,1.0713137,1.0694512,-7.962653225806319e-05,-2.629262304409866e-05
batch1,0,254.0,1190.0,1.0665704,1.0665704,1.0665704,1.0692111,-5.843862903226434e-05,-2.3210924608819107e-05
batch1,0,255.0,1190.0,1.0716691,1.0716691,1.0716691,1.06809,-7.749685483871295e-05,-1.909378093883334e-05
batch1,0,256.0,1190.0,1.06809,1.06809,1.06809,1.0675694,-6.112306451614108e-05,-1.5397783783782673e-05
batch1,0,257.0,1190.0,1.0522044,1.0522044,1.0522044,1.0675694,-6.03800000000047e-05,-1.7137183499290556e-05
batch1,0,258.0,1190.0,1.0594097,1.0594097,1.0594097,1.0675694,-4.03652822580523e-05,-1.7544580369844783e-05
batch1,0,259.0,1190.0,1.062722,1.062722,1.062722,1.0675694,-1.2064274193550736e-05,-1.7893863442392325e-05
batch1,0,260.0,1190.0,1.065221,1.065221,1.065221,1.06809,1.335068548387497e-05,-1.4131883357043379e-05
batch1,0,261.0,1190.0,1.0675694,1.0675694,1.0675694,1.0675694,3.9734637096773066e-05,-1.0096409672831035e-05
batch1,0,262.0,1190.0,1.0713251,1.0713251,1.0713251,1.0675694,6.340883064515644e-05,-5.4658662873412796e-06
batch1,0,263.0,1190.0,1.070654,1.070654,1.070654,1.067901,8.933068548387101e-05,-5.211957325749099e-06
batch1,0,264.0,1190.0,1.070429,1.070429,1.070429,1.0698726,0.00011294129032257372,-4.613502133712815e-06
batch1,0,265.0,1190.0,1.0698726,1.0698726,1.0698726,1.070429,0.00013952149193548931,-6.898460881935231e-06
batch1,0,266.0,1190.0,1.0674539,1.0674539,1.0674539,1.070654,0.000159006774193543,-1.027692460881968e-05
batch1,0,267.0,1190.0,1.067901,1.067901,1.067901,1.070654,0.00015101133064516128,-1.4113186344240792e-05
batch1,0,268.0,1190.0,1.0710255,1.0710255,1.0710255,1.0704929,0.00014357975806451694,-1.5002879089615392e-05
batch1,0,269.0,1190.0,1.0709585,1.0709585,1.0709585,1.0704929,0.00014254290322579925,-1.2377365576103642e-05
batch1,0,270.0,1190.0,1.0709193,1.0709193,1.0709193,1.070703,0.0001373143145161291,-8.575914651492846e-06
batch1,0,271.0,1190.0,1.0708414,1.0708414,1.0708414,1.070703,0.000160488911290325,-4.317371266003449e-06
batch1,0,272.0,1190.0,1.0697244,1.0697244,1.0697244,1.070703,0.0001760222580645147,-6.35305832111856e-08
batch1,0,273.0,1190.0,1.0704929,1.0704929,1.0704929,1.070703,7.646677419354802e-05,2.9179487908944865e-06
batch1,0,274.0,1190.0,1.0707847,1.0707847,1.0707847,1.0706118,2.0326370967737877e-05,1.0269416785066089e-07
batch1,0,275.0,1190.0,1.070703,1.070703,1.070703,1.0704929,-1.7236451612892894e-05,-4.357846372689694e-06
batch1,0,276.0,1190.0,1.0706118,1.0706118,1.0706118,1.070269,-3.950504032258368e-05,-8.00335135135442e-06
batch1,0,277.0,1190.0,1.0700974,1.0700974,1.0700974,1.0700974,-4.9324395161294085e-05,-1.797207681365375e-05
batch1,0,278.0,1190.0,1.070269,1.070269,1.070269,1.0700974,-3.7035161290323925e-05,-1.7068637268849364e-05
batch1,0,279.0,1190.0,1.0699091,1.0699091,1.0699091,1.0699389,-5.991516129033285e-05,-1.8113581792321412e-05
batch1,0,280.0,1190.0,1.0699389,1.0699389,1.0699389,1.0699091,-6.343838709677392e-05,-1.5729766714085597e-05
batch1,0,281.0,1190.0,1.0691898,1.0691898,1.0691898,1.0691898,-7.326620967742093e-05,-1.2242207681364892e-05
batch1,0,282.0,1190.0,1.0666218,1.0666218,1.0666218,1.0691898,-7.987036290323526e-05,-9.15020199146662e-06
batch1,0,283.0,1190.0,1.0662863,1.0662863,1.0662863,1.0691012,-8.535520161291179e-05,-5.7313513513511935e-06
batch1,0,284.0,1190.0,1.0651459,1.0651459,1.0651459,1.0691012,-7.202487903225611e-05,-3.664025604552592e-06
batch1,0,285.0,1190.0,1.0691012,1.0691012,1.0691012,1.0691012,-5.9382217741941226e-05,-1.8216870554765708e-06
batch1,0,286.0,1190.0,1.0685273,1.0685273,1.0685273,1.0691012,-4.483729838709188e-05,-1.0926600284336221e-07
batch1,0,287.0,1190.0,1.0708722,1.0708722,1.0708722,1.0691012,-3.0359959677423265e-05,7.394310099584077e-07
batch1,0,288.0,1190.0,1.0689743,1.0689743,1.0689743,1.0695846,-2.7286411290317328e-05,2.0626315789483715e-06
batch1,0,289.0,1190.0,1.0695846,1.0695846,1.0695846,1.0695846,-3.342866935483727e-05,3.0520654338562464e-06
batch1,0,290.0,1190.0,1.0698013,1.0698013,1.0698013,1.0695846,-2.3376048387101944e-05,3.6715732574676566e-06
batch1,0,291.0,1190.0,1.0701363,1.0701363,1.0701363,1.0695846,-1.137455645161379e-05,6.884051209103576e-06
batch1,0,292.0,1190.0,1.0700173,1.0700173,1.0700173,1.0698013,9.680241935492243e-07,3.839078236129324e-06
batch1,0,293.0,1190.0,1.0698297,1.0698297,1.0698297,1.0698013,1.3076491935480908e-05,6.011462304410186e-06
batch1,0,294.0,1190.0,1.0646312,1.0646312,1.0646312,1.0698013,2.686850806451913e-05,4.277490753916411e-06
batch1,0,295.0,1190.0,1.06767,1.06767,1.06767,1.0698013,3.0973306451617104e-05,-1.711898150782416e-05
batch1,0,296.0,1190.0,1.0670372,1.0670372,1.0670372,1.0698297,4.11090322580687e-05,-3.120690753911969e-05
batch1,0,297.0,1190.0,1.0699611,1.0699611,1.0699611,1.0698297,7.939354838708924e-06,-3.645526600284587e-05
batch1,0,298.0,1190.0,1.0698364,1.0698364,1.0698364,1.0697434,-2.804483870968219e-05,-3.9990190611666494e-05
batch1,0,299.0,1190.0,1.0697434,1.0697434,1.0697434,1.0696157,-6.458254032258791e-05,-3.95160312944547e-05
batch1,0,300.0,1190.0,1.0696157,1.0696157,1.0696157,1.0696157,-8.268092741935273e-05,-3.4985675675675734e-05
batch1,0,301.0,1190.0,1.0698825,1.0698825,1.0698825,1.0696157,-8.009020161290274e-05,-3.115934281650275e-05
batch1,0,302.0,1190.0,1.0698853,1.0698853,1.0698853,1.0696157,-7.589072580645927e-05,-2.7888310099572866e-05
batch1,0,303.0,1190.0,1.0691276,1.0691276,1.0691276,1.0696068,-5.7009072580648566e-05,-2.839667425319905e-05
batch1,0,304.0,1190.0,1.0667444,1.0667444,1.0667444,1.0696068,-4.978713709677789e-05,-3.0447365576102463e-05
batch1,0,305.0,1190.0,1.0688608,1.0688608,1.0688608,1.0691915,-3.848479838710226e-05,-3.0314756756756995e-05
batch1,0,306.0,1190.0,1.0691419,1.0691419,1.0691419,1.0691915,-3.389000000001246e-05,-2.901659174964737e-05
batch1,0,307.0,1190.0,1.0691915,1.0691915,1.0691915,1.0691419,-2.892850806451221e-05,-2.7802267425318156e-05
batch1,0,308.0,1190.0,1.0696068,1.0696068,1.0696068,1.0691276,-2.4495685483866713e-05,-2.6133152204836112e-05
batch1,0,309.0,1190.0,1.0696694,1.0696694,1.0696694,1.0688608,-2.7963790322569744e-05,-2.302953627311667e-05
batch1,0,310.0,1190.0,1.0684117,1.0684117,1.0684117,1.0690352,-5.8521370967750555e-05,-2.1168463726885374e-05
batch1,0,311.0,1190.0,1.0692772,1.0692772,1.0692772,1.0690352,-6.074971774193007e-05,-1.8480975817923843e-05
batch1,0,312.0,1190.0,1.0628723,1.0628723,1.0628723,1.0690352,-7.11511290322586e-05,-1.6873826458034437e-05
batch1,0,313.0,1190.0,1.064725,1.064725,1.064725,1.0690352,-5.997959677419396e-05,-1.76154452347113e-05
batch1,0,314.0,1190.0,1.0648649,1.0648649,1.0648649,1.0690352,-5.597137096773222e-05,-1.7011573257469794e-05
batch1,0,315.0,1190.0,1.0690352,1.0690352,1.0690352,1.0690352,-5.312447580645273e-05,-1.8349618776671964e-05
batch1,0,316.0,1190.0,1.0684961,1.0684961,1.0684961,1.0690352,-5.0990927419360016e-05,-1.718105832148018e-05
batch1,0,317.0,1190.0,1.0693339,1.0693339,1.0693339,1.0684961,-6.0541895161294816e-05,-1.5279661450923575e-05
batch1,0,318.0,1190.0,1.0693139,1.0693139,1.0693139,1.0684961,-6.86643548387138e-05,-1.2555584637266803e-05
batch1,0,319.0,1190.0,1.0693067,1.0693067,1.0693067,1.0684961,-4.843181451612327e-05,-1.1976273115222861e-05
batch1,0,320.0,1190.0,1.0693525,1.0693525,1.0693525,1.0684961,-4.830290322581703e-05,-2.1487470839261036e-05
batch1,0,321.0,1190.0,1.0679969,1.0679969,1.0679969,1.0684961,-2.631024193548071e-05,-2.4074753911805008e-05
batch1,0,322.0,1190.0,1.0675799,1.0675799,1.0675799,1.0679969,-2.6541532258092747e-06,-3.0490870554768045e-05
batch1,0,323.0,1190.0,1.067449,1.067449,1.067449,1.0679969,2.0801209677423298e-05,-3.269796017069531e-05
batch1,0,324.0,1190.0,1.0661716,1.0661716,1.0661716,1.0679792,4.4629838709678025e-05,-3.2391109530584555e-05
batch1,0,325.0,1190.0,1.066994,1.066994,1.066994,1.0675799,5.036669354837951e-05,-2.895632432432782e-05
batch1,0,326.0,1190.0,1.0685939,1.0685939,1.0685939,1.067449,5.475879032257323e-05,-2.7705852062588546e-05
batch1,0,327.0,1190.0,1.0679792,1.0679792,1.0679792,1.0673405,7.477217741935438e-05,-2.517011948790857e-05
batch1,0,328.0,1190.0,1.0684899,1.0684899,1.0684899,1.0670813,4.090705645161574e-05,-2.1949075391179596e-05
batch1,0,329.0,1190.0,1.0673405,1.0673405,1.0673405,1.0670813,1.6484112903220007e-05,-1.836234992887646e-05
batch1,0,330.0,1190.0,1.0670813,1.0670813,1.0670813,1.0673405,-5.841330645160309e-06,-1.518717211948406e-05
batch1,0,331.0,1190.0,1.0669221,1.0669221,1.0669221,1.0679792,5.775685483874149e-06,-1.234239829302678e-05
batch1,0,332.0,1190.0,1.0645261,1.0645261,1.0645261,1.0679792,1.3393185483877183e-05,-1.5195083926029876e-05
batch1,0,333.0,1190.0,1.0644022,1.0644022,1.0644022,1.0684899,2.605431451612079e-05,-1.9213214793738924e-05
batch1,0,334.0,1190.0,1.0695329,1.0695329,1.0695329,1.0687782,3.0447419354827605e-05,-2.0450324324324764e-05
batch1,0,335.0,1190.0,1.0687782,1.0687782,1.0687782,1.0687782,2.195842741935145e-05,-1.8646879089616596e-05
batch1,0,336.0,1190.0,1.0702711,1.0702711,1.0702711,1.0687782,2.2760846774190458e-05,-1.6982753911807533e-05
batch1,0,337.0,1190.0,1.0703403,1.0703403,1.0703403,1.0695329,7.291451612903033e-06,-1.532994310099741e-05
batch1,0,338.0,1190.0,1.0703341,1.0703341,1.0703341,1.0695329,2.784112903221754e-06,-1.3365584637268293e-05
batch1,0,339.0,1190.0,1.070029,1.070029,1.070029,1.0695329,3.500766129032627e-06,-1.3643843527735898e-05
batch1,0,340.0,1190.0,1.0669992,1.0669992,1.0669992,1.0687782,-9.028225806160907e-08,-1.3961692745377413e-05
batch1,0,341.0,1190.0,1.0679404,1.0679404,1.0679404,1.0691404,-7.343991935478289e-06,-1.7493644381222992e-05
batch1,0,342.0,1190.0,1.0695685,1.0695685,1.0695685,1.0690612,-4.6837379032251744e-05,-2.7102648648648952e-05
batch1,0,343.0,1190.0,1.0675119,1.0675119,1.0675119,1.0690391,-4.622145161290897e-05,-2.799407965860628e-05
batch1,0,344.0,1190.0,1.0674061,1.0674061,1.0674061,1.0679404,-5.683512096775339e-05,-2.5585160739687707e-05
batch1,0,345.0,1190.0,1.0677824,1.0677824,1.0677824,1.0677824,-7.388141129032078e-05,-2.3214779516358318e-05
batch1,0,346.0,1190.0,1.0691404,1.0691404,1.0691404,1.0677824,-7.431653225807126e-05,-2.045805405405295e-05
batch1,0,347.0,1190.0,1.0690612,1.0690612,1.0690612,1.0676738,-7.279653225806576e-05,-1.8220913229019067e-05
batch1,0,348.0,1190.0,1.0690391,1.0690391,1.0690391,1.0675119,-8.849899193547853e-05,-1.715406827880392e-05
batch1,0,349.0,1190.0,1.0676738,1.0676738,1.0676738,1.0676738,-0.00010301947580643936,-1.4938935988623043e-05
batch1,0,350.0,1190.0,1.0654423,1.0654423,1.0654423,1.0677824,-8.374693548386303e-05,-1.9009140825035258e-05
batch1,0,351.0,1190.0,1.066672,1.066672,1.066672,1.0677238,-6.928733870967815e-05,-2.2672162162160252e-05
batch1,0,352.0,1190.0,1.065249,1.065249,1.065249,1.0676738,-4.714177419354169e-05,-4.4007590327168605e-05
batch1,0,353.0,1190.0,1.067323,1.067323,1.067323,1.0674988,-2.491100806451819e-05,-6.159843812233218e-05
batch1,0,354.0,1190.0,1.0683092,1.0683092,1.0683092,1.067323,-2.698508064500694e-06,-8.740400568990222e-05
batch1,0,355.0,1190.0,1.0690169,1.0690169,1.0690169,1.066672,-6.688790322575147e-06,-9.704872261735338e-05
batch1,0,356.0,1190.0,1.0677238,1.0677238,1.0677238,1.067323,-8.608870967738072e-06,-9.407777809388251e-05
batch1,0,357.0,1190.0,1.0607356,1.0607356,1.0607356,1.0674988,-5.328911290319336e-06,-9.383969843527527e-05
batch1,0,358.0,1190.0,1.0674988,1.0674988,1.0674988,1.0677238,8.173225806455122e-06,-9.080187766714233e-05
batch1,0,359.0,1190.0,1.0650654,1.0650654,1.0650654,1.0678664,9.356895161300536e-06,-8.776561877667187e-05
batch1,0,360.0,1190.0,1.0649996,1.0649996,1.0649996,1.0678664,1.205895161290176e-05,-8.953293029872042e-05
batch1,0,361.0,1190.0,1.0678664,1.0678664,1.0678664,1.0678664,2.1527822580569064e-06,-8.97818862019901e-05
batch1,0,362.0,1190.0,1.0684118,1.0684118,1.0684118,1.0682194,9.657661290243562e-07,-9.082670554765002e-05
batch1,0,363.0,1190.0,1.0682194,1.0682194,1.0682194,1.0684118,-1.3705685483867504e-05,-9.259183499288666e-05
batch1,0,364.0,1190.0,1.0687932,1.0687932,1.0687932,1.0686384,-4.7179395161291916e-05,-9.020196017069569e-05
batch1,0,365.0,1190.0,1.0692003,1.0692003,1.0692003,1.0686384,-4.98445564516125e-05,-9.250557041251775e-05
batch1,0,366.0,1190.0,1.0691874,1.0691874,1.0691874,1.0686384,-4.932983870968048e-05,-9.675664295875393e-05
batch1,0,367.0,1190.0,1.068893,1.068893,1.068893,1.0686384,-4.2657620967737715e-05,-0.00010344582361308555
batch1,0,368.0,1190.0,1.0687414,1.0687414,1.0687414,1.0686384,-4.625705645160957e-05,-0.00012395733428164816
batch1,0,369.0,1190.0,1.0686384,1.0686384,1.0686384,1.0686384,-4.120108870967497e-05,-0.0001272485775248902
batch1,0,370.0,1190.0,1.0645186,1.0645186,1.0645186,1.0679543,-2.907443548387262e-05,-0.00013933014224750813
batch1,0,371.0,1190.0,1.0677253,1.0677253,1.0677253,1.0677253,-1.0964959677417305e-05,-0.00016408334281649945
batch1,0,372.0,1190.0,1.0676295,1.0676295,1.0676295,1.0676295,2.7701209677385194e-06,-0.000157093376955901
batch1,0,373.0,1190.0,1.0675622,1.0675622,1.0675622,1.0675855,-3.706084677418491e-05,-0.0001522024836415436
batch1,0,374.0,1190.0,1.0675855,1.0675855,1.0675855,1.0675622,-0.00013777572580644132,-0.000145604372688477
batch1,0,375.0,1190.0,1.0679543,1.0679543,1.0679543,1.0655049,-0.00025393185483871234,-0.00013789141678520526
batch1,0,376.0,1190.0,1.0655049,1.0655049,1.0655049,1.0675622,-0.0004111100806451588,-0.00013386268278804952
batch1,0,377.0,1190.0,1.0653461,1.0653461,1.0653461,1.0675622,-0.0004569511290322539,-0.00013766158748221874
batch1,0,378.0,1190.0,1.0629482,1.0629482,1.0629482,1.0675622,-0.0004237511290322628,-0.00013238368421052835
batch1,0,379.0,1190.0,1.0594556,1.0594556,1.0594556,1.0673084,-0.00040710229838710117,-0.00012859033001422427
batch1,0,380.0,1190.0,1.0653667,1.0653667,1.0653667,1.0673084,-0.0003700369354838671,-0.00014466134566145183
batch1,0,381.0,1190.0,1.0681189,1.0681189,1.0681189,1.0673084,-0.00032138745967741426,-0.0001495031635846394
batch1,0,382.0,1190.0,1.0680037,1.0680037,1.0680037,1.0674245,-0.0002972130241935533,-0.00014269394310099516
batch1,0,383.0,1190.0,1.0679121,1.0679121,1.0679121,1.0674245,-0.0002637233870967855,-0.0001361205633001394
batch1,0,384.0,1190.0,1.0673084,1.0673084,1.0673084,1.0674245,-0.00022662036290322442,-0.0001275419004267415
batch1,0,385.0,1190.0,1.0674245,1.0674245,1.0674245,1.0674245,-0.0001981680241935447,-0.00011963125746799334
batch1,0,386.0,1190.0,1.0675998,1.0675998,1.0675998,1.0674245,-0.00018090084677419935,-0.0001141110554765287
batch1,0,387.0,1190.0,1.0681614,1.0681614,1.0681614,1.0673084,-0.00016709112903225777,-0.00010992350497866099
batch1,0,388.0,1190.0,1.0667884,1.0667884,1.0667884,1.0667884,-0.00016692891129032965,-0.00010685373257468092
batch1,0,389.0,1190.0,1.0499117,1.0499117,1.0499117,1.0663438,-0.0001722512500000051,-0.00010390961024181813
batch1,0,390.0,1190.0,1.0487819,1.0487819,1.0487819,1.0661352,-0.0002529252016128979,-0.00010124621621621886
batch1,0,391.0,1190.0,1.0409842,1.0409842,1.0409842,1.0661352,-0.00022577689516129138,-0.00011030506970127876
batch1,0,392.0,1190.0,1.054733,1.054733,1.054733,1.0636747,-0.00024819294354838347,-0.00010642201991464942
batch1,0,393.0,1190.0,1.0663438,1.0663438,1.0663438,1.0636747,-0.0003409558467741966,-0.00010932162446657198
batch1,0,394.0,1190.0,1.0636747,1.0636747,1.0636747,1.0636747,-0.0002930714919354825,-0.00011189946230441393
batch1,0,395.0,1190.0,1.0661352,1.0661352,1.0661352,1.0636783,-0.00027713104838709914,-0.0001230397382645828
batch1,0,396.0,1190.0,1.067439,1.067439,1.067439,1.0647497,-0.00022553241935484034,-0.0001422013655761018
batch1,0,397.0,1190.0,1.0632888,1.0632888,1.0632888,1.0647497,-0.00015107717741935365,-0.00014646506970128598
batch1,0,398.0,1190.0,1.0647497,1.0647497,1.0647497,1.0647497,-9.848024193548105e-05,-0.00014169605689900376
batch1,0,399.0,1190.0,1.0652326,1.0652326,1.0652326,1.0636783,-8.872375000000673e-05,-0.00013525788051209041
batch1,0,400.0,1190.0,1.0636783,1.0636783,1.0636783,1.0636783,-9.285120967745791e-06,-0.00012671289615931864
batch1,0,401.0,1190.0,1.0658928,1.0658928,1.0658928,1.0632888,5.66587903225803e-05,-0.00011733273968705493
batch1,0,402.0,1190.0,1.0619923,1.0619923,1.0619923,1.0619923,7.620967741759922e-08,-0.00011220071123755319
batch1,0,403.0,1190.0,1.0594559,1.0594559,1.0594559,1.0608855,2.9762500000006443e-05,-0.00010500611664295885
batch1,0,404.0,1190.0,1.058076,1.058076,1.058076,1.0608855,0.00012120673387097448,-9.914263442389964e-05
batch1,0,405.0,1190.0,1.0449606,1.0449606,1.0449606,1.0608855,9.994689516128914e-05,-9.115183499288638e-05
batch1,0,406.0,1190.0,1.0608855,1.0608855,1.0608855,1.0608855,6.763810483870076e-05,-8.164487055476482e-05
batch1,0,407.0,1190.0,1.0548323,1.0548323,1.0548323,1.0608855,-2.5961572580642687e-05,-7.03364409672833e-05
batch1,0,408.0,1190.0,1.0426595,1.0426595,1.0426595,1.0608855,-5.5077298387090204e-05,-6.30546031294438e-05
batch1,0,409.0,1190.0,1.0669585,1.0669585,1.0669585,1.0608855,-1.2975362903221417e-05,-5.4008941678520685e-05
batch1,0,410.0,1190.0,1.0656699,1.0656699,1.0656699,1.0629419,1.9737419354838734e-05,-5.0369473684210574e-05
batch1,0,411.0,1190.0,1.0656745,1.0656745,1.0656745,1.0645865,5.937423387095249e-05,-4.120180369843464e-05
batch1,0,412.0,1190.0,1.0665383,1.0665383,1.0665383,1.0645865,0.00011518548387096424,-3.093020199146112e-05
batch1,0,413.0,1190.0,1.0629419,1.0629419,1.0629419,1.0645865,6.5010846774189e-05,-2.017443527738202e-05
batch1,0,414.0,1190.0,1.0556192,1.0556192,1.0556192,1.0656699,9.469971774192806e-05,-1.2132514935989424e-05
batch1,0,415.0,1190.0,1.0669644,1.0669644,1.0669644,1.0656699,8.416213709677437e-05,-4.597032716926401e-06
batch1,0,416.0,1190.0,1.0645865,1.0645865,1.0645865,1.0656745,7.534302419354711e-05,2.6383783783685077e-07
batch1,0,417.0,1190.0,1.0439526,1.0439526,1.0439526,1.0661353,7.617060483870882e-05,1.2531379800823558e-06
batch1,0,418.0,1190.0,1.0560402,1.0560402,1.0560402,1.0645865,-3.277943548388034e-05,6.929926031295069e-06
batch1,0,419.0,1190.0,1.0669073,1.0669073,1.0669073,1.0645865,-5.30329838709781e-05,6.733015647224327e-06
batch1,0,420.0,1190.0,1.0662833,1.0662833,1.0662833,1.0649281,-2.9977298387094595e-05,1.576741109530523e-05
batch1,0,421.0,1190.0,1.0667531,1.0667531,1.0667531,1.0645865,-0.00010241366935482818,2.5633598862017654e-05
batch1,0,422.0,1190.0,1.0661353,1.0661353,1.0661353,1.0646418,-7.147822580645751e-05,3.150487055476741e-05
batch1,0,423.0,1190.0,1.063808,1.063808,1.063808,1.0646418,-7.567116935484494e-05,3.795214793740946e-05
batch1,0,424.0,1190.0,1.0638028,1.0638028,1.0638028,1.0646418,-0.00019106266129032202,4.845358748221998e-05
batch1,0,425.0,1190.0,1.0649281,1.0649281,1.0649281,1.063808,-0.00014892838709677444,5.482900995732351e-05
batch1,0,426.0,1190.0,1.0635319,1.0635319,1.0635319,1.0638028,-0.00012182540322580663,6.348796301564681e-05
batch1,0,427.0,1190.0,1.0646418,1.0646418,1.0646418,1.0635319,-7.995987903226246e-05,5.265501280227659e-05
batch1,0,428.0,1190.0,1.0513592,1.0513592,1.0513592,1.0622097,-2.2637620967742555e-05,3.858892745376971e-05
batch1,0,429.0,1190.0,1.0622097,1.0622097,1.0622097,1.056126,2.2735040322568457e-05,1.873450924608728e-05
batch1,0,430.0,1190.0,1.0548745,1.0548745,1.0548745,1.056126,2.1743508064512473e-05,9.062657183500294e-06
batch1,0,431.0,1190.0,1.056126,1.056126,1.056126,1.056126,8.02291532258122e-05,1.6111923186344223e-05
batch1,0,432.0,1190.0,1.0548553,1.0548553,1.0548553,1.056126,9.340084677419112e-05,1.6780312944522908e-05
batch1,0,433.0,1190.0,1.0401301,1.0401301,1.0401301,1.056126,6.415887096769325e-06,1.781248364153604e-05
batch1,0,434.0,1190.0,1.0560426,1.0560426,1.0560426,1.0605631,-5.134314516124335e-06,2.4033704125177667e-05
batch1,0,435.0,1190.0,1.0644474,1.0644474,1.0644474,1.0605631,4.9814072580647894e-05,5.360881934567139e-06
batch1,0,436.0,1190.0,1.0630739,1.0630739,1.0630739,1.0605631,0.00010057258064515565,9.54909246088314e-06
batch1,0,437.0,1190.0,1.0643857,1.0643857,1.0643857,1.061882,0.00015283379032258684,1.7981755334282235e-05
batch1,0,438.0,1190.0,1.0652679,1.0652679,1.0652679,1.0625196,0.00020132548387096668,2.4715988620199712e-05
batch1,0,439.0,1190.0,1.0605631,1.0605631,1.0605631,1.0630739,0.0002351059677419354,3.331473968705736e-05
batch1,0,440.0,1190.0,1.061882,1.061882,1.061882,1.0639434,0.00025956483870968726,3.77739544807973e-05
batch1,0,441.0,1190.0,1.0604329,1.0604329,1.0604329,1.0639434,0.00024031951612902712,3.8494372688481876e-05
batch1,0,442.0,1190.0,1.0625196,1.0625196,1.0625196,1.0639434,0.0002677402419354835,3.828995732574661e-05
batch1,0,443.0,1190.0,1.0639434,1.0639434,1.0639434,1.0639434,0.00030699689516129185,1.599779800853404e-05
batch1,0,444.0,1190.0,1.0656309,1.0656309,1.0656309,1.0639434,0.00024096266129031542,4.313425320054569e-06
batch1,0,445.0,1190.0,1.0659555,1.0659555,1.0659555,1.064343,0.00024265713709677655,-5.792793741109519e-06
batch1,0,446.0,1190.0,1.0643766,1.0643766,1.0643766,1.0643766,0.00021866685483871534,-2.968040967283121e-05
batch1,0,447.0,1190.0,1.0592486,1.0592486,1.0592486,1.0648382,0.00017116205645161843,-2.8745109530581236e-05
batch1,0,448.0,1190.0,1.064343,1.064343,1.064343,1.0648382,0.00013422786290322948,-2.4032167852064143e-05
batch1,0,449.0,1190.0,1.0652808,1.0652808,1.0652808,1.0648382,-8.845967741929417e-06,-2.928716073968718e-05
batch1,0,450.0,1190.0,1.0652997,1.0652997,1.0652997,1.0647463,-6.766411290322436e-05,-2.9394802275957894e-05
batch1,0,451.0,1190.0,1.0651654,1.0651654,1.0651654,1.0647039,-5.694459677418771e-05,-2.52798918918927e-05
batch1,0,452.0,1190.0,1.0648382,1.0648382,1.0648382,1.0647039,-7.786217741934542e-05,-3.079689900426628e-05
batch1,0,453.0,1190.0,1.0647463,1.0647463,1.0647463,1.0647039,-6.412056451613004e-05,-2.4082403982930825e-05
batch1,0,454.0,1190.0,1.0647039,1.0647039,1.0647039,1.0647039,-6.4878911290323e-05,-1.845596870554644e-05
batch1,0,455.0,1190.0,1.063228,1.063228,1.063228,1.0640476,-0.00010768552419354443,-3.508487339971525e-05
batch1,0,456.0,1190.0,1.0547636,1.0547636,1.0547636,1.0640476,-0.00012051987903225285,-3.896791749644341e-05
batch1,0,457.0,1190.0,1.0632907,1.0632907,1.0632907,1.0632907,-0.0002607053629032323,-3.14871266002859e-05
batch1,0,458.0,1190.0,1.0640476,1.0640476,1.0640476,1.0632907,-0.0002611038306451665,-2.486523755334222e-05
batch1,0,459.0,1190.0,1.060768,1.060768,1.060768,1.063228,-0.00023099149193550286,-2.0476039829304468e-05
batch1,0,460.0,1190.0,1.0610192,1.0610192,1.0610192,1.062016,-0.00019048995967742638,-1.6305638691321992e-05
batch1,0,461.0,1190.0,1.0645175,1.0645175,1.0645175,1.062016,-0.00015038874999999684,-1.1482637268845715e-05
batch1,0,462.0,1190.0,1.0599377,1.0599377,1.0599377,1.062016,-0.00011959907258064251,-6.452042674251664e-06
batch1,0,463.0,1190.0,1.0632949,1.0632949,1.0632949,1.062016,-0.00012719495967742858,-1.4816358463738845e-06
batch1,0,464.0,1190.0,1.062016,1.062016,1.062016,1.0610192,-9.968108870968372e-05,2.863413940254986e-06
batch1,0,465.0,1190.0,1.060432,1.060432,1.060432,1.0610192,-0.0001104509274193589,7.236762446660381e-06
batch1,0,466.0,1190.0,1.0632564,1.0632564,1.0632564,1.0611887,-0.00015367435483871363,-6.025903271692433e-06
batch1,0,467.0,1190.0,1.0594114,1.0594114,1.0594114,1.060432,-0.00014686500000000353,-4.942221906116598e-06
batch1,0,468.0,1190.0,1.0634983,1.0634983,1.0634983,1.0611887,-0.00014235717741935416,-1.0543891891892953e-05
batch1,0,469.0,1190.0,1.0601008,1.0601008,1.0601008,1.0611887,-0.00014139298387097062,-1.4794221906117509e-05
batch1,0,470.0,1190.0,1.0578228,1.0578228,1.0578228,1.0611887,-0.00010940866935483216,-2.0328159317213738e-05
batch1,0,471.0,1190.0,1.0611887,1.0611887,1.0611887,1.0612651,-0.0001435847177419421,-4.6146660028452034e-05
batch1,0,472.0,1190.0,1.0416328,1.0416328,1.0416328,1.0612651,-0.00020578935483871465,-6.071621337126529e-05
batch1,0,473.0,1190.0,1.0612651,1.0612651,1.0612651,1.0633408,-0.0001684310080645062,-6.711983214793952e-05
batch1,0,474.0,1190.0,1.0647072,1.0647072,1.0647072,1.0633408,-0.0001358483467741984,-7.169675391180606e-05
batch1,0,475.0,1190.0,1.0646758,1.0646758,1.0646758,1.0633408,-0.0001225245967742008,-9.286025889046836e-05
batch1,0,476.0,1190.0,1.0641997,1.0641997,1.0641997,1.0633408,-0.00010017290322580108,-9.429736842105138e-05
batch1,0,477.0,1190.0,1.0642273,1.0642273,1.0642273,1.0633408,-5.587729838709239e-05,-9.294864864865373e-05
batch1,0,478.0,1190.0,1.0633408,1.0633408,1.0633408,1.0633408,-3.9114233870966056e-05,-9.073999999999679e-05
batch1,0,479.0,1190.0,1.0639844,1.0639844,1.0639844,1.0633408,-2.905806451610442e-06,-9.469221337126523e-05
batch1,0,480.0,1190.0,1.0566306,1.0566306,1.0566306,1.0612692,2.3609475806450555e-05,-9.441457752489411e-05
batch1,0,481.0,1190.0,1.0506681,1.0506681,1.0506681,1.058108,2.34322580645216e-05,-9.22159772403978e-05
batch1,0,482.0,1190.0,1.058108,1.058108,1.058108,1.057606,4.32672177419359e-05,-9.05227339971538e-05
batch1,0,483.0,1190.0,1.057606,1.057606,1.057606,1.057606,5.6897258064522755e-05,-8.435460597439649e-05
batch1,0,484.0,1190.0,1.056636,1.056636,1.056636,1.057606,9.666475806451884e-05,-7.95061906116618e-05
batch1,0,485.0,1190.0,1.0612692,1.0612692,1.0612692,1.057606,0.00010733092741935639,-9.799452916073991e-05
batch1,0,486.0,1190.0,1.051676,1.051676,1.051676,1.058108,0.00010727846774193896,-9.91075448079649e-05
batch1,0,487.0,1190.0,1.0553005,1.0553005,1.0553005,1.0610656,0.00012023915322581039,-9.150223613086687e-05
batch1,0,488.0,1190.0,1.0627018,1.0627018,1.0627018,1.0611809,-1.2312419354839938e-05,-8.995143100995901e-05
batch1,0,489.0,1190.0,1.0610656,1.0610656,1.0610656,1.0612692,-8.63516129032315e-06,-9.82766998577514e-05
batch1,0,490.0,1190.0,1.0611809,1.0611809,1.0611809,1.0621339,2.4442540322585726e-05,-0.00012101954480796587
batch1,0,491.0,1190.0,1.0624331,1.0624331,1.0624331,1.0621339,5.9665201612912175e-05,-0.00013687108677098119
batch1,0,492.0,1190.0,1.0624239,1.0624239,1.0624239,1.0621339,9.443068548387549e-05,-0.00012787639260312863
batch1,0,493.0,1190.0,1.0626174,1.0626174,1.0626174,1.0624239,0.00010634592741936322,-0.0001250351009957363
batch1,0,494.0,1190.0,1.06243,1.06243,1.06243,1.0624239,8.375330645161035e-05,-0.00012645780085348342
batch1,0,495.0,1190.0,1.0621339,1.0621339,1.0621339,1.0624239,6.372762096774612e-05,-0.00013528655476529268
batch1,0,496.0,1190.0,1.0594182,1.0594182,1.0594182,1.0624239,1.8104838709678715e-05,-0.00013285850355618584
batch1,0,497.0,1190.0,1.0596466,1.0596466,1.0596466,1.0621486,-0.00017003548387095217,-0.00013950658605974488
batch1,0,498.0,1190.0,1.0624814,1.0624814,1.0624814,1.0621339,-0.00020136806451612682,-0.0001386656187766725
batch1,0,499.0,1190.0,1.0626481,1.0626481,1.0626481,1.061404,-0.00019101040322579954,-0.0001378270753911818
batch1,0,500.0,1190.0,1.061404,1.061404,1.061404,1.061404,-0.00019162290322580488,-0.00013789194310099363
batch1,0,501.0,1190.0,1.0621486,1.0621486,1.0621486,1.061404,-0.00019068778225807362,-0.0001310847766714063
batch1,0,502.0,1190.0,1.0609982,1.0609982,1.0609982,1.0615808,-0.00023909133064513915,-0.000126075004267427
batch1,0,503.0,1190.0,1.0577871,1.0577871,1.0577871,1.0615808,-0.00026534233870967284,-0.00011980641536273178
batch1,0,504.0,1190.0,1.0604461,1.0604461,1.0604461,1.061404,-0.00025948657258064464,-0.00011164652347083999
batch1,0,505.0,1190.0,1.0615808,1.0615808,1.0615808,1.0609982,-0.00023947568548387282,-0.00010761353627311558
batch1,0,506.0,1190.0,1.0617605,1.0617605,1.0617605,1.0604461,-0.00021707374999998985,-0.00010185077382645832
batch1,0,507.0,1190.0,1.0619984,1.0619984,1.0619984,1.0580443,-0.00028915455645160963,-0.00010735696159317091
batch1,0,508.0,1190.0,1.0580443,1.0580443,1.0580443,1.0577871,-0.00028800403225806234,-0.00010979343954480765
batch1,0,509.0,1190.0,1.0528724,1.0528724,1.0528724,1.0580443,-0.00023967358870967574,-0.00010475345945945786
batch1,0,510.0,1190.0,1.0519124,1.0519124,1.0519124,1.0580443,-0.0002275610483870994,-0.00012981183214794175
batch1,0,511.0,1190.0,1.0547196,1.0547196,1.0547196,1.0567899,-0.0002720433870967728,-0.00014523598293030024
batch1,0,512.0,1190.0,1.0373893,1.0373893,1.0373893,1.0567899,-0.0004114445564516163,-0.0001575546714082536
batch1,0,513.0,1190.0,1.0544937,1.0544937,1.0544937,1.0567899,-0.0005035048790322456,-0.00016027372119488197
batch1,0,514.0,1190.0,1.061681,1.061681,1.061681,1.0564709,-0.00042981991935484926,-0.00015349556756757006
batch1,0,515.0,1190.0,1.0611736,1.0611736,1.0611736,1.0567899,-0.00038116584677418917,-0.0001423093428165004
batch1,0,516.0,1190.0,1.0567899,1.0567899,1.0567899,1.0585667,-0.0003110034677419357,-0.00013025530867709985
batch1,0,517.0,1190.0,1.0585667,1.0585667,1.0585667,1.0585667,-0.0003302907661290326,-0.00012226756472261477
batch1,0,518.0,1190.0,1.0588225,1.0588225,1.0588225,1.0585667,-0.00029309516129032994,-0.00011672882788050957
batch1,0,519.0,1190.0,1.0564709,1.0564709,1.0564709,1.0588225,-0.00030731637096775215,-0.00011802578093883349
batch1,0,520.0,1190.0,1.0601411,1.0601411,1.0601411,1.0585667,-0.00026126919354838496,-0.00011168999146514988
batch1,0,521.0,1190.0,1.0603518,1.0603518,1.0603518,1.0567899,-0.00022854004032259021,-0.0001061066827880509
batch1,0,522.0,1190.0,1.0433397,1.0433397,1.0433397,1.0564709,-0.00016950346774193022,-0.0001028489359886207
batch1,0,523.0,1190.0,1.0541842,1.0541842,1.0541842,1.0553482,-8.8427782258067e-05,-9.851722048364362e-05
batch1,0,524.0,1190.0,1.0612289,1.0612289,1.0612289,1.0553482,-3.453431451613313e-05,-0.00011766633854907738
batch1,0,525.0,1190.0,1.0553482,1.0553482,1.0553482,1.0553482,2.5187903225809784e-06,-0.00012696763584637413
batch1,0,526.0,1190.0,1.0458349,1.0458349,1.0458349,1.0553482,2.368024193547852e-05,-0.00012559325177809478
batch1,0,527.0,1190.0,1.0319518,1.0319518,1.0319518,1.0541842,5.952012096774026e-05,-0.00012857538833570078
batch1,0,528.0,1190.0,1.0377041,1.0377041,1.0377041,1.0544198,-3.372056451613147e-05,-0.00012084125462304275
batch1,0,529.0,1190.0,1.0606207,1.0606207,1.0606207,1.0544198,-6.912262096774945e-05,-0.0001135144893314376
batch1,0,530.0,1190.0,1.0561804,1.0561804,1.0561804,1.0544198,-2.6004677419359157e-05,-0.00010156475106685683
batch1,0,531.0,1190.0,1.0606323,1.0606323,1.0606323,1.0516956,3.833322580645493e-05,-8.965156187766699e-05
batch1,0,532.0,1190.0,1.0449976,1.0449976,1.0449976,1.0544198,2.376104838709138e-05,-7.732308392603347e-05
batch1,0,533.0,1190.0,1.0544198,1.0544198,1.0544198,1.0551944,-4.161338709677711e-05,-6.688067709815203e-05
batch1,0,534.0,1190.0,1.0489055,1.0489055,1.0489055,1.0554415,-0.00010444701612903426,-5.910119203414277e-05
batch1,0,535.0,1190.0,1.0554415,1.0554415,1.0554415,1.0554415,-0.00012283975806451813,-4.952897012802339e-05
batch1,0,536.0,1190.0,1.0516956,1.0516956,1.0516956,1.0554415,-5.872556451613511e-05,-3.7270802275960205e-05
batch1,0,537.0,1190.0,1.0551944,1.0551944,1.0551944,1.0554415,3.2607217741930106e-05,-2.6895137980084717e-05
batch1,0,538.0,1190.0,1.0581467,1.0581467,1.0581467,1.0565674,2.45262096774222e-05,-1.5441957325747423e-05
batch1,0,539.0,1190.0,1.0576135,1.0576135,1.0576135,1.0565674,5.180286290322705e-05,-3.597442389758921e-06
batch1,0,540.0,1190.0,1.0603172,1.0603172,1.0603172,1.0565674,0.00015426830645160432,-3.271539118066974e-06
batch1,0,541.0,1190.0,1.0592101,1.0592101,1.0592101,1.0576135,0.00021753060483870298,-2.9034850640113364e-05
batch1,0,542.0,1190.0,1.0591291,1.0591291,1.0591291,1.0576135,0.0002167034677419403,-3.0602381223329186e-05
batch1,0,543.0,1190.0,1.0565674,1.0565674,1.0565674,1.0576135,0.00011972802419354016,-1.8469209103838132e-05
batch1,0,544.0,1190.0,1.0491639,1.0491639,1.0491639,1.0565674,4.1672862903221835e-05,-5.922307254624138e-06
batch1,0,545.0,1190.0,1.0541241,1.0541241,1.0541241,1.0541241,8.075782258064576e-05,3.7129985775233767e-06
batch1,0,546.0,1190.0,1.0576699,1.0576699,1.0576699,1.0541241,1.713487903225657e-05,1.676170697011651e-06
batch1,0,547.0,1190.0,1.0490658,1.0490658,1.0490658,1.0541241,2.0377056451605575e-05,-3.2344807965869417e-06
batch1,0,548.0,1190.0,1.0382563,1.0382563,1.0382563,1.0541241,-5.7897620967737955e-05,1.7610526315667457e-07
batch1,0,549.0,1190.0,1.0370495,1.0370495,1.0370495,1.0541241,-9.434032258064822e-05,6.046702702702491e-06
batch1,0,550.0,1190.0,1.0454539,1.0454539,1.0454539,1.0544457,-0.00010484927419355311,-6.720796586060009e-06
batch1,0,551.0,1190.0,1.0544457,1.0544457,1.0544457,1.0553007,-8.722370967742311e-05,-2.353004267426752e-06
batch1,0,552.0,1190.0,1.0583414,1.0583414,1.0583414,1.0553007,-6.81987499999983e-05,1.0260819345659652e-05
batch1,0,553.0,1190.0,1.0599172,1.0599172,1.0599172,1.0583414,-3.1583467741932994e-05,1.5961217638689777e-05
batch1,0,554.0,1190.0,1.0553007,1.0553007,1.0553007,1.0585767,2.5514233870965122e-05,1.0347817923187666e-05
batch1,0,555.0,1190.0,1.060292,1.060292,1.060292,1.0585767,6.916302419354795e-05,1.7720768136559774e-05
batch1,0,556.0,1190.0,1.0600207,1.0600207,1.0600207,1.0585767,0.00013102201612902415,2.6634008534847148e-05
batch1,0,557.0,1190.0,1.0598836,1.0598836,1.0598836,1.0585767,0.000195318709677422,2.291908961593159e-05
batch1,0,558.0,1190.0,1.0597323,1.0597323,1.0597323,1.0585767,0.0002567881048387102,3.245379231863342e-05
batch1,0,559.0,1190.0,1.0585767,1.0585767,1.0585767,1.0553007,0.0002893408467741894,4.276214224751393e-05
batch1,0,560.0,1190.0,1.054891,1.054891,1.054891,1.0568609,0.00028694302419354713,2.0710307254624843e-05
batch1,0,561.0,1190.0,1.0422643,1.0422643,1.0422643,1.0550711,0.00030976685483871094,1.419909246088167e-05
batch1,0,562.0,1190.0,1.0476429,1.0476429,1.0476429,1.0550711,0.00029401145161290305,2.5719078236128793e-05
batch1,0,563.0,1190.0,1.0499765,1.0499765,1.0499765,1.0550711,9.434919354838344e-05,2.9105917496442058e-05
batch1,0,564.0,1190.0,1.0471743,1.0471743,1.0471743,1.0550711,-4.869088709678081e-05,2.2659994310102076e-05
batch1,0,565.0,1190.0,1.0568609,1.0568609,1.0568609,1.0550711,-0.0001334420564516076,3.4224637268855587e-06
batch1,0,566.0,1190.0,1.0550711,1.0550711,1.0550711,1.0568609,-0.00017173358870967945,-1.916887624466541e-05
batch1,0,567.0,1190.0,1.0592734,1.0592734,1.0592734,1.0578744,-0.0001759115725806427,-1.3299129445236132e-05
batch1,0,568.0,1190.0,1.0589548,1.0589548,1.0589548,1.0580186,-0.0001988192338709701,-1.1110839260310598e-05
batch1,0,569.0,1190.0,1.0594428,1.0594428,1.0594428,1.0580186,-0.00019335633064516085,-5.0540540538915926e-08
batch1,0,570.0,1190.0,1.0578744,1.0578744,1.0578744,1.0589548,-0.0001603817741935374,-5.8158662873400396e-06
batch1,0,571.0,1190.0,1.0580186,1.0580186,1.0580186,1.0589548,-9.880741935483668e-05,-6.194295874818233e-06
batch1,0,572.0,1190.0,1.0594493,1.0594493,1.0594493,1.0589548,-3.708366935484571e-05,-2.0114685632999832e-05
batch1,0,573.0,1190.0,1.0590842,1.0590842,1.0590842,1.0587294,1.9981491935475825e-05,-4.483014509246055e-05
batch1,0,574.0,1190.0,1.0570328,1.0570328,1.0570328,1.0580186,8.014209677418969e-05,-9.211249786628616e-05
batch1,0,575.0,1190.0,1.0591824,1.0591824,1.0591824,1.057959,9.624447580645275e-05,-0.00011105233001422498
batch1,0,576.0,1190.0,1.0587294,1.0587294,1.0587294,1.0580186,5.184713709677586e-05,-0.00010049325462304502
batch1,0,577.0,1190.0,1.0488758,1.0488758,1.0488758,1.057959,-8.589274193542874e-06,-9.217556187766778e-05
batch1,0,578.0,1190.0,1.0270613,1.0270613,1.0270613,1.0570328,-3.3053749999993056e-05,-8.114719772403765e-05
batch1,0,579.0,1190.0,1.046486,1.046486,1.046486,1.0549595,-0.00010455120967742468,-7.067128022759086e-05
batch1,0,580.0,1190.0,1.057959,1.057959,1.057959,1.0549595,-0.00014129681451613543,-5.88445120910379e-05
batch1,0,581.0,1190.0,1.0580696,1.0580696,1.0580696,1.0549595,-0.00011670108870967062,-5.389169559032754e-05
batch1,0,582.0,1190.0,1.0549595,1.0549595,1.0549595,1.0549595,-0.00018443318548386643,-5.408493314367008e-05
batch1,0,583.0,1190.0,1.0477417,1.0477417,1.0477417,1.057959,-0.00019837415322579929,-5.5977689900424484e-05
batch1,0,584.0,1190.0,1.0500448,1.0500448,1.0500448,1.0579836,-0.00015072362903226157,-4.7528654338552244e-05
batch1,0,585.0,1190.0,1.0588595,1.0588595,1.0588595,1.0579836,-0.00010993157258064532,-5.097011095305804e-05
batch1,0,586.0,1190.0,1.0585012,1.0585012,1.0585012,1.0579836,-7.487322580646458e-05,-7.882430440966953e-05
batch1,0,587.0,1190.0,1.0586959,1.0586959,1.0586959,1.0561335,-2.353290322581076e-05,-9.935023044096781e-05
batch1,0,588.0,1190.0,1.0579836,1.0579836,1.0579836,1.0572683,-1.3591612903221682e-05,-0.00010449889046941374
batch1,0,589.0,1190.0,1.0585301,1.0585301,1.0585301,1.0572683,2.120104838709452e-05,-9.882553058321502e-05
batch1,0,590.0,1190.0,1.0523983,1.0523983,1.0523983,1.0572683,5.0405685483862214e-05,-8.920764722617348e-05
batch1,0,591.0,1190.0,1.0459152,1.0459152,1.0459152,1.0566366,0.00011771374999999184,-7.79633342816477e-05
batch1,0,592.0,1190.0,1.0561335,1.0561335,1.0561335,1.0562239,0.00018268141129032235,-7.17473741109525e-05
batch1,0,593.0,1190.0,1.0572683,1.0572683,1.0572683,1.0561335,0.00015901745967741374,-6.025750782361342e-05
batch1,0,594.0,1190.0,1.0476447,1.0476447,1.0476447,1.0561335,-5.092838709677716e-05,-4.865015362731329e-05
batch1,0,595.0,1190.0,1.0562239,1.0562239,1.0562239,1.054775,-0.0002463293548387106,-3.6934201991462865e-05
batch1,0,596.0,1190.0,1.0566366,1.0566366,1.0566366,1.0551888,-0.00047140741935483224,-2.7347214793740602e-05
batch1,0,597.0,1190.0,1.0432659,1.0432659,1.0432659,1.0561335,-0.0005423207258064451,-1.830559601706997e-05
batch1,0,598.0,1190.0,1.0468899,1.0468899,1.0468899,1.0551888,-0.00047566500000002337,-1.2634176386915048e-05
batch1,0,599.0,1190.0,1.0565873,1.0565873,1.0565873,1.054775,-0.0004662537903225811,-2.2341246088193597e-05
batch1,0,600.0,1190.0,1.054775,1.054775,1.054775,1.054775,-0.00044675407258063063,-2.5410660028449734e-05
batch1,0,601.0,1190.0,1.0551888,1.0551888,1.0551888,1.054775,-0.00036968649193547606,-5.340052631579131e-05
batch1,0,602.0,1190.0,1.0575479,1.0575479,1.0575479,1.054775,-0.0002860501209677392,-9.078909246088242e-05
batch1,0,603.0,1190.0,1.0491458,1.0491458,1.0491458,1.054775,-0.00022456532258064555,-8.459245803698825e-05
batch1,0,604.0,1190.0,1.0529571,1.0529571,1.0529571,1.054775,-0.0001496349193548335,-8.294392034139486e-05
batch1,0,605.0,1190.0,1.0538129,1.0538129,1.0538129,1.0538129,-0.00010984274193549273,-7.420970128022776e-05
batch1,0,606.0,1190.0,1.0576051,1.0576051,1.0576051,1.0533774,-6.932596774193527e-05,-7.566075960170889e-05
batch1,0,607.0,1190.0,1.0575962,1.0575962,1.0575962,1.0529571,-8.712814516129582e-05,-7.230096443811902e-05
batch1,0,608.0,1190.0,1.0533774,1.0533774,1.0533774,1.0529571,-0.00011435536290322196,-6.686799146514925e-05
batch1,0,609.0,1190.0,1.0461477,1.0461477,1.0461477,1.0533774,-7.811830645160755e-05,-5.6330805120913404e-05
batch1,0,610.0,1190.0,1.0291052,1.0291052,1.0291052,1.0538129,-6.260967741936063e-05,-4.4613786628733764e-05
batch1,0,611.0,1190.0,1.010802,1.010802,1.010802,1.0555702,1.3017903225798437e-05,-3.759895590327186e-05
batch1,0,612.0,1190.0,1.0330288,1.0330288,1.0330288,1.0555702,8.988838709677849e-05,-4.3722699857752615e-05
batch1,0,613.0,1190.0,1.0574216,1.0574216,1.0574216,1.0533875,7.974193548387177e-05,-5.460766714082843e-05
batch1,0,614.0,1190.0,1.0558203,1.0558203,1.0558203,1.0555702,8.682802419355073e-05,-4.5117752489334477e-05
batch1,0,615.0,1190.0,1.0555702,1.0555702,1.0555702,1.0555702,0.00015208967741935385,-8.334556756757011e-05
batch1,0,616.0,1190.0,1.0560541,1.0560541,1.0560541,1.0555702,0.00020744681451612012,-0.00011375938264580368
batch1,0,617.0,1190.0,1.0573353,1.0573353,1.0573353,1.0555702,0.0002656215725806445,-0.00011570440967283224
batch1,0,618.0,1190.0,1.0533875,1.0533875,1.0533875,1.0555702,0.0003265475806451549,-0.00011528947083925891
batch1,0,619.0,1190.0,1.0560164,1.0560164,1.0560164,1.0555507,0.0003375786290322519,-0.0001204422446657189
batch1,0,620.0,1190.0,1.0494928,1.0494928,1.0494928,1.0555507,0.00037366774193548614,-0.00013261112091038474
batch1,0,621.0,1190.0,1.0555507,1.0555507,1.0555507,1.0555507,0.0004043075806451629,-0.0001372976756756761
batch1,0,622.0,1190.0,1.0530341,1.0530341,1.0530341,1.0555507,0.00046589604838708854,-0.0001319280113797997
batch1,0,623.0,1190.0,1.0410509,1.0410509,1.0410509,1.0555507,0.0003718771370967669,-0.00012621159032717176
batch1,0,624.0,1190.0,1.0493277,1.0493277,1.0493277,1.0556364,0.00022199540322579653,-0.00011389603698435223
batch1,0,625.0,1190.0,1.0556364,1.0556364,1.0556364,1.0556364,0.00022403040322581264,-0.00010530255761024047
batch1,0,626.0,1190.0,1.0569577,1.0569577,1.0569577,1.0564497,9.750685483872339e-05,-0.0001117807083926055
batch1,0,627.0,1190.0,1.0567719,1.0567719,1.0567719,1.0565324,-0.00014204806451613165,-0.00011836243527738138
batch1,0,628.0,1190.0,1.0566562,1.0566562,1.0566562,1.0565324,-0.000312927379032262,-0.00012388629302987313
batch1,0,629.0,1190.0,1.0565324,1.0565324,1.0565324,1.0565324,-0.0003087072177419271,-0.0001246251123755294
batch1,0,630.0,1190.0,1.0564497,1.0564497,1.0564497,1.0565324,-0.0002911710887096802,-0.00011968613655761062
batch1,0,631.0,1190.0,1.0567361,1.0567361,1.0567361,1.0565324,-0.000245995604838705,-0.0001056284238975817
batch1,0,632.0,1190.0,1.0568913,1.0568913,1.0568913,1.0564497,-0.0002001931451612932,-0.00010074995448079665
batch1,0,633.0,1190.0,1.0549433,1.0549433,1.0549433,1.0559826,-0.00017120145161290628,-8.801387482219143e-05
batch1,0,634.0,1190.0,1.0554826,1.0554826,1.0554826,1.0554826,-0.0002291705645161282,-7.635606827880486e-05
batch1,0,635.0,1190.0,1.0559826,1.0559826,1.0559826,1.0554795,-0.0003083461693548318,-8.028785775248986e-05
batch1,0,636.0,1190.0,1.0543705,1.0543705,1.0543705,1.0549433,-0.00030474754032257343,-8.714065433854832e-05
batch1,0,637.0,1190.0,1.0554795,1.0554795,1.0554795,1.0543705,-0.000477206249999991,-0.00010558260028449753
batch1,0,638.0,1190.0,1.0296202,1.0296202,1.0296202,1.0538239,-0.0004751208467741981,-9.752056899004227e-05
batch1,0,639.0,1190.0,1.0230192,1.0230192,1.0230192,1.0535718,-0.000501448870967736,-8.443537411095235e-05
batch1,0,640.0,1190.0,1.0538239,1.0538239,1.0538239,1.0512593,-0.0005359362096774075,-7.251417638691262e-05
batch1,0,641.0,1190.0,1.0512593,1.0512593,1.0512593,1.0512593,-0.0005625462096774152,-7.490326031294452e-05
batch1,0,642.0,1190.0,1.0535718,1.0535718,1.0535718,1.0512593,-0.0005978602419354739,-6.727465149359915e-05
batch1,0,643.0,1190.0,1.0440689,1.0440689,1.0440689,1.0509996,-0.0005407758870967741,-5.5966668563298573e-05
batch1,0,644.0,1190.0,1.0477357,1.0477357,1.0477357,1.0509996,-0.000437436249999994,-4.1632864864864536e-05
batch1,0,645.0,1190.0,1.0509996,1.0509996,1.0509996,1.0509996,-0.00038628262096774576,-3.1190051209102976e-05
batch1,0,646.0,1190.0,1.0555147,1.0555147,1.0555147,1.0509996,-0.00029357673387096143,-2.3794699857753855e-05
batch1,0,647.0,1190.0,1.0550985,1.0550985,1.0550985,1.0508888,-0.00022116600806451522,-2.326844665718796e-05
batch1,0,648.0,1190.0,1.0508888,1.0508888,1.0508888,1.0477357,-0.00022846294354838598,-4.040989758179431e-05
batch1,0,649.0,1190.0,1.0402925,1.0402925,1.0402925,1.0508888,-0.00024735262096773594,-8.144677667140611e-05
batch1,0,650.0,1190.0,1.0331092,1.0331092,1.0331092,1.0508888,-0.00021420024193548033,-0.00010152970697012637
batch1,0,651.0,1190.0,1.0522259,1.0522259,1.0522259,1.0457997,-0.00010603407258064616,-0.00010012052347083756
batch1,0,652.0,1190.0,1.0168382,1.0168382,1.0168382,1.0440476,-3.6447298387087125e-05,-8.715023044097067e-05
batch1,0,653.0,1190.0,1.0457997,1.0457997,1.0457997,1.0440476,8.717745967740589e-05,-7.476371550497833e-05
batch1,0,654.0,1190.0,1.0534018,1.0534018,1.0534018,1.0440476,5.1066088709667496e-05,-6.546504694167777e-05
batch1,0,655.0,1190.0,1.0440476,1.0440476,1.0440476,1.0457997,-4.4826048387087916e-05,-5.870842105262912e-05
batch1,0,656.0,1190.0,1.0382687,1.0382687,1.0382687,1.0468471,3.642245967741822e-05,-6.283963300142086e-05
batch1,0,657.0,1190.0,1.0342624,1.0342624,1.0342624,1.0468471,9.448056451612759e-05,-5.214494452347096e-05
batch1,0,658.0,1190.0,1.0482241,1.0482241,1.0482241,1.0468471,0.0001294754435483871,-5.139115504978926e-05
batch1,0,659.0,1190.0,1.0554252,1.0554252,1.0554252,1.0468471,-2.0509153225791396e-05,-3.969215931721001e-05
batch1,0,660.0,1190.0,1.0468471,1.0468471,1.0468471,1.0440476,1.9494072580648184e-05,-2.8856844950210246e-05
batch1,0,661.0,1190.0,1.0531596,1.0531596,1.0531596,1.0468471,0.00010513290322580857,-3.160984921763809e-05
batch1,0,662.0,1190.0,1.0492793,1.0492793,1.0492793,1.0468471,0.00019708104838710811,-2.806765576102229e-05
batch1,0,663.0,1190.0,1.0354383,1.0354383,1.0354383,1.0482241,0.00025711927419354026,-1.6449257467992816e-05
batch1,0,664.0,1190.0,1.0341693,1.0341693,1.0341693,1.0492793,0.0003271334677419252,-2.9101871977238937e-05
batch1,0,665.0,1190.0,1.0408134,1.0408134,1.0408134,1.0492793,0.0003442183467741948,-1.3694440967283038e-05
batch1,0,666.0,1190.0,1.0517044,1.0517044,1.0517044,1.0517044,0.0003033695161290325,1.4583926031299224e-06
batch1,0,667.0,1190.0,1.0467603,1.0467603,1.0467603,1.0512321,0.00035486157258064245,1.53070867709797e-05
batch1,0,668.0,1190.0,1.0540043,1.0540043,1.0540043,1.0512321,0.0001866773387096706,-3.7287539118048287e-06
batch1,0,669.0,1190.0,1.0550795,1.0550795,1.0550795,1.0512321,0.00019684971774192874,-1.5912327169274223e-05
batch1,0,670.0,1190.0,1.0539341,1.0539341,1.0539341,1.0512321,0.00025914927419355466,-6.850304409669204e-06
batch1,0,671.0,1190.0,1.052424,1.052424,1.052424,1.0517044,0.00024187604838709828,3.2934992887601827e-06
batch1,0,672.0,1190.0,1.0512321,1.0512321,1.0512321,1.0512321,0.00017404254032259156,-4.121951635847689e-06
batch1,0,673.0,1190.0,1.0449505,1.0449505,1.0449505,1.0512321,5.121544354838093e-05,-1.5339715504980517e-05
batch1,0,674.0,1190.0,1.0239289,1.0239289,1.0239289,1.0511117,8.914673387096416e-05,-1.6887470839262414e-05
batch1,0,675.0,1190.0,1.0500863,1.0500863,1.0500863,1.0511117,0.00016900447580645475,-2.4982019914642615e-06
batch1,0,676.0,1190.0,1.0543066,1.0543066,1.0543066,1.0511117,0.00017306447580645832,-1.2448756756758808e-05
batch1,0,677.0,1190.0,1.0507541,1.0507541,1.0507541,1.0507541,0.00019287254032258343,-2.9253046941678354e-05
batch1,0,678.0,1190.0,1.0456049,1.0456049,1.0456049,1.0500863,0.00015046133064516225,-1.616617923186172e-05
batch1,0,679.0,1190.0,1.0511117,1.0511117,1.0511117,1.0507541,8.912213709677822e-05,-8.750759601705576e-06
batch1,0,680.0,1190.0,1.0536783,1.0536783,1.0536783,1.0508434,-4.1453225806420324e-06,4.675772403978721e-06
batch1,0,681.0,1190.0,1.0526545,1.0526545,1.0526545,1.0508434,-3.518862903225806e-05,-3.2248933143821216e-07
batch1,0,682.0,1190.0,1.0488334,1.0488334,1.0488334,1.0507541,9.496653225804852e-06,7.910469416781191e-07
batch1,0,683.0,1190.0,1.0500343,1.0500343,1.0500343,1.0500343,1.783826612903468e-05,7.454352773827256e-06
batch1,0,684.0,1190.0,1.0508434,1.0508434,1.0508434,1.0508434,5.696923387096559e-05,2.3728492176387293e-05
batch1,0,685.0,1190.0,1.0516891,1.0516891,1.0516891,1.0508434,0.00011164092741934935,3.8552298719774e-05
batch1,0,686.0,1190.0,1.0483967,1.0483967,1.0483967,1.0506324,1.1744556451610833e-05,4.9681192034140245e-05
batch1,0,687.0,1190.0,1.0464915,1.0464915,1.0464915,1.0500343,7.01766532258104e-05,4.654897012802522e-05
batch1,0,688.0,1190.0,1.0422208,1.0422208,1.0422208,1.0500343,0.00011903076612903493,2.362022190611778e-05
batch1,0,689.0,1190.0,1.0544376,1.0544376,1.0544376,1.0506324,0.00011907407258063872,2.6136947368423132e-05
batch1,0,690.0,1190.0,1.0541025,1.0541025,1.0541025,1.0483967,-0.0002087345967741942,-3.0300995732593124e-06
batch1,0,691.0,1190.0,1.0506324,1.0506324,1.0506324,1.0483967,-0.0003349504435483906,9.674395448073254e-07
batch1,0,692.0,1190.0,1.0467551,1.0467551,1.0467551,1.0506324,-0.00030834842741936494,1.2737103840684512e-05
batch1,0,693.0,1190.0,1.0401802,1.0401802,1.0401802,1.0512079,-0.0002848025000000113,1.3799089615931878e-05
batch1,0,694.0,1190.0,1.0512079,1.0512079,1.0512079,1.0514075,-0.0003989456048387168,3.8592546230442565e-06
batch1,0,695.0,1190.0,1.048334,1.048334,1.048334,1.0514075,-0.0005007308870967915,-9.61274822190282e-06
batch1,0,696.0,1190.0,1.052479,1.052479,1.052479,1.0512079,-0.0005153120161290418,-6.484039829302753e-06
batch1,0,697.0,1190.0,1.0541601,1.0541601,1.0541601,1.0514075,-0.0004478568548387141,5.1072517780914054e-06
batch1,0,698.0,1190.0,1.0535887,1.0535887,1.0535887,1.052479,-0.00038415524193546657,-1.9251009957314446e-06
batch1,0,699.0,1190.0,1.0514075,1.0514075,1.0514075,1.0526569,-0.0003090656451612856,6.10264011379679e-06
batch1,0,700.0,1190.0,1.0526569,1.0526569,1.0526569,1.0526569,-0.0002449956048387136,1.1815798008535432e-05
batch1,0,701.0,1190.0,1.0281619,1.0281619,1.0281619,1.0526569,-0.00019290125000000685,-2.5062332859195e-06
batch1,0,702.0,1190.0,1.0542315,1.0542315,1.0542315,1.0526569,-0.00014121616935483956,-2.10174054054046e-05
batch1,0,703.0,1190.0,1.0540398,1.0540398,1.0540398,1.0514075,-0.00015049528225805913,-3.5655618776671466e-05
batch1,0,704.0,1190.0,1.0528573,1.0528573,1.0528573,1.0488297,-0.00017417306451612686,-3.106031009957378e-05
batch1,0,705.0,1190.0,1.0216026,1.0216026,1.0216026,1.0460932,-0.00010942024193549419,-3.492094736841961e-05
batch1,0,706.0,1190.0,1.0268763,1.0268763,1.0268763,1.036703,-1.771612903225202e-05,-3.429280512090825e-05
batch1,0,707.0,1190.0,1.0460932,1.0460932,1.0460932,1.0460932,4.585330645162157e-05,-2.7727012802276885e-05
batch1,0,708.0,1190.0,1.0488297,1.0488297,1.0488297,1.0460932,8.824044354839267e-05,-2.657470554765069e-05
batch1,0,709.0,1190.0,1.0314293,1.0314293,1.0314293,1.0460932,6.995004032257978e-05,-3.6129374110948796e-05
batch1,0,710.0,1190.0,1.0266535,1.0266535,1.0266535,1.0460932,5.124721774193031e-05,-2.9730796586060967e-05
batch1,0,711.0,1190.0,1.036703,1.036703,1.036703,1.0488297,4.732814516127858e-05,-5.9078768136554844e-05
batch1,0,712.0,1190.0,1.0502267,1.0502267,1.0502267,1.0492407,0.00010837580645161726,-0.00010162401137980144
batch1,0,713.0,1190.0,1.0535201,1.0535201,1.0535201,1.0492407,0.00019739637096774452,-0.00010338825320056535
batch1,0,714.0,1190.0,1.0544344,1.0544344,1.0544344,1.0492407,0.0002819423387096789,-9.32736984352805e-05
batch1,0,715.0,1190.0,1.0520428,1.0520428,1.0520428,1.0492407,0.0003493591129032106,-8.911854623043822e-05
batch1,0,716.0,1190.0,1.0492407,1.0492407,1.0492407,1.0502267,0.00039867310483870445,-9.729765860597178e-05
batch1,0,717.0,1190.0,1.0525217,1.0525217,1.0525217,1.0520428,0.0002981830241935413,-0.00010840721479374164
batch1,0,718.0,1190.0,1.0447495,1.0447495,1.0447495,1.0521197,0.00036871774193548035,-9.554561308676944e-05
batch1,0,719.0,1190.0,1.0468082,1.0468082,1.0468082,1.0520428,0.00044387939516128065,-8.624679374111137e-05
batch1,0,720.0,1190.0,1.0487033,1.0487033,1.0487033,1.0502402,0.0004582362500000054,-0.00011198664580369993
batch1,0,721.0,1190.0,1.0531344,1.0531344,1.0531344,1.0492407,0.00032190653225807394,-0.0001313545718349923
batch1,0,722.0,1190.0,1.0521197,1.0521197,1.0521197,1.0497973,0.0002185614919354789,-0.00012582723186344247
batch1,0,723.0,1190.0,1.0528525,1.0528525,1.0528525,1.0497973,0.00020056600806451515,-0.00011322985206259149
batch1,0,724.0,1190.0,1.0502402,1.0502402,1.0502402,1.0502402,0.00018570463709677147,-0.00010923375533428197
batch1,0,725.0,1190.0,1.0390798,1.0390798,1.0390798,1.0516083,4.311290322578715e-05,-0.00010857335704125303
batch1,0,726.0,1190.0,1.043781,1.043781,1.043781,1.0516083,-9.12923790322535e-05,-0.00011143171550497712
batch1,0,727.0,1190.0,1.0497973,1.0497973,1.0497973,1.0502402,-0.0001880087903225763,-9.75556870554742e-05
batch1,0,728.0,1190.0,1.0524502,1.0524502,1.0524502,1.05011,-0.00022036145161290574,-9.485154480796742e-05
batch1,0,729.0,1190.0,1.0522059,1.0522059,1.0522059,1.05011,-0.00020266701612902896,-9.258610526315815e-05
batch1,0,730.0,1190.0,1.0516083,1.0516083,1.0516083,1.0497973,-0.00020156120967741338,-0.00010969454623044191
batch1,0,731.0,1190.0,1.047296,1.047296,1.047296,1.0497973,-0.000264958669354835,-0.00011790727169274553
batch1,0,732.0,1190.0,1.048299,1.048299,1.048299,1.05011,-0.0002428687903225861,-0.00011050003982930042
batch1,0,733.0,1190.0,1.05011,1.05011,1.05011,1.05011,-0.0003662311693548436,-0.00014443532005689992
batch1,0,734.0,1190.0,1.0508047,1.0508047,1.0508047,1.0494848,-0.0004762664112903096,-0.00014079648364153654
batch1,0,735.0,1190.0,1.0417973,1.0417973,1.0417973,1.048299,-0.0004941759274193461,-0.00012887315789474133
batch1,0,736.0,1190.0,1.0494848,1.0494848,1.0494848,1.0482421,-0.0004571473790322701,-0.00011628674537695655
batch1,0,737.0,1190.0,1.0511718,1.0511718,1.0511718,1.0482421,-0.00040457193548387363,-0.00010155268563299968
batch1,0,738.0,1190.0,1.0464046,1.0464046,1.0464046,1.0464046,-0.0003954073387096694,-9.986809957325604e-05
batch1,0,739.0,1190.0,1.0440246,1.0440246,1.0440246,1.0461867,-0.00042853616935485184,-0.00011973561593172465
batch1,0,740.0,1190.0,1.0411466,1.0411466,1.0411466,1.0451931,-0.00035124338709676474,-0.00010577737411095113
batch1,0,741.0,1190.0,1.0482421,1.0482421,1.0482421,1.0451931,-0.0003607557258064454,-8.680863157894736e-05
batch1,0,742.0,1190.0,1.0451931,1.0451931,1.0451931,1.0451931,-0.000521977903225808,-6.919620483641497e-05
batch1,0,743.0,1190.0,1.0419753,1.0419753,1.0419753,1.0440246,-0.0006100895161290355,-9.461278805121406e-05
batch1,0,744.0,1190.0,1.0461867,1.0461867,1.0461867,1.0419799,-0.0005366535483870917,-0.0001095390099573259
batch1,0,745.0,1190.0,1.0419799,1.0419799,1.0419799,1.0419753,-0.00042736995967741716,-0.00010247069132289811
batch1,0,746.0,1190.0,1.0330361,1.0330361,1.0330361,1.0419799,-0.00035046060483872113,-0.0001038809445234713
batch1,0,747.0,1190.0,1.0488918,1.0488918,1.0488918,1.0419799,-0.0003068002822580684,-0.00012466980085348495
batch1,0,748.0,1190.0,1.0213207,1.0213207,1.0213207,1.0419753,-0.0002495747177419254,-0.0001372419061166395
batch1,0,749.0,1190.0,1.0297344,1.0297344,1.0297344,1.0417689,-0.0001587502419354861,-0.00013917349359886166
batch1,0,750.0,1190.0,1.0417689,1.0417689,1.0417689,1.0417689,-0.00012599858870967963,-0.00013760110668563445
batch1,0,751.0,1190.0,1.0484946,1.0484946,1.0484946,1.0417689,-0.00012993508064516432,-0.0001309944210526335
batch1,0,752.0,1190.0,1.0463246,1.0463246,1.0463246,1.0417689,-0.00017284092741935383,-0.0001134148221906129
batch1,0,753.0,1190.0,1.0397757,1.0397757,1.0397757,1.0397757,-0.00010698374999999798,-0.00010494787482219176
batch1,0,754.0,1190.0,1.0311786,1.0311786,1.0311786,1.0417689,-4.647088709677373e-05,-9.628867425320089e-05
batch1,0,755.0,1190.0,1.0507765,1.0507765,1.0507765,1.0449833,-0.00022142536290322944,-8.1362864864868e-05
batch1,0,756.0,1190.0,1.0483649,1.0483649,1.0483649,1.0458556,-0.00021694790322581084,-8.442152204836676e-05
batch1,0,757.0,1190.0,1.0188866,1.0188866,1.0188866,1.0449833,-0.00013080173387096817,-9.446980369843577e-05
batch1,0,758.0,1190.0,1.0228972,1.0228972,1.0228972,1.0449833,-5.703286290322407e-05,-0.00011459780938833652
batch1,0,759.0,1190.0,1.0449833,1.0449833,1.0449833,1.0455662,2.0434717741939553e-05,-0.00010962822759601957
batch1,0,760.0,1190.0,1.0506729,1.0506729,1.0506729,1.0455662,3.898439516129282e-05,-9.733750782361547e-05
batch1,0,761.0,1190.0,1.0458556,1.0458556,1.0458556,1.0449833,6.0156088709683484e-05,-7.982933428164868e-05
batch1,0,762.0,1190.0,1.0445747,1.0445747,1.0445747,1.0445747,5.8782540322573895e-05,-6.675292460881825e-05
batch1,0,763.0,1190.0,1.0455662,1.0455662,1.0455662,1.0445747,0.00018319064516127348,-6.527099288762335e-05
batch1,0,764.0,1190.0,1.0490073,1.0490073,1.0490073,1.0448481,0.00012807048387095685,-5.738887055476496e-05
batch1,0,765.0,1190.0,1.0385914,1.0385914,1.0385914,1.0445747,6.205358870968346e-05,-4.350991180654278e-05
batch1,0,766.0,1190.0,1.0413193,1.0413193,1.0413193,1.0413193,9.97348387096824e-05,-3.01050384068297e-05
batch1,0,767.0,1190.0,1.0266445,1.0266445,1.0266445,1.0413193,0.00018912500000000792,-1.9678722617354324e-05
batch1,0,768.0,1190.0,1.0413045,1.0413045,1.0413045,1.0413193,0.00019927475806451596,-6.2440512091055255e-06
batch1,0,769.0,1190.0,1.0448481,1.0448481,1.0448481,1.0413193,0.00016565879032258275,4.611911806541501e-06
batch1,0,770.0,1190.0,1.0083524,1.0083524,1.0083524,1.0413045,0.0001556101612903212,1.1540537695591588e-05
batch1,0,771.0,1190.0,1.0387102,1.0387102,1.0387102,1.0413045,0.0002671002016128982,1.195648364153542e-05
batch1,0,772.0,1190.0,1.0444818,1.0444818,1.0444818,1.0413045,0.0003017081451612988,2.2550238975816708e-05
batch1,0,773.0,1190.0,1.045437,1.045437,1.045437,1.0444818,0.00015641681451614273,2.262183214793612e-05
batch1,0,774.0,1190.0,1.0494971,1.0494971,1.0494971,1.0448481,8.349419354838488e-05,2.1676935988617826e-05
batch1,0,775.0,1190.0,1.0357653,1.0357653,1.0357653,1.0444818,0.00010395822580645108,3.781004551920341e-05
batch1,0,776.0,1190.0,1.0399913,1.0399913,1.0399913,1.045437,0.00017885419354838006,4.596701564722759e-05
batch1,0,777.0,1190.0,1.0456713,1.0456713,1.0456713,1.0456713,0.00023958552419354022,5.2478344238973205e-05
batch1,0,778.0,1190.0,1.0503968,1.0503968,1.0503968,1.0456713,0.00023520366935483883,5.639169843527865e-05
batch1,0,779.0,1190.0,1.0502243,1.0502243,1.0502243,1.0456713,0.00018543790322580396,6.436730583214665e-05
batch1,0,780.0,1190.0,1.041375,1.041375,1.041375,1.0456713,9.15484677419322e-05,7.194978093883026e-05
batch1,0,781.0,1190.0,1.046459,1.046459,1.046459,1.046459,5.445451612903545e-05,7.572693314366938e-05
batch1,0,782.0,1190.0,1.0481468,1.0481468,1.0481468,1.046459,8.128500000001861e-05,8.673391749644354e-05
batch1,0,783.0,1190.0,1.0373372,1.0373372,1.0373372,1.046459,3.627318548387499e-05,7.323855476529008e-05
batch1,0,784.0,1190.0,1.0364876,1.0364876,1.0364876,1.046459,6.701366935484125e-05,5.873625035561871e-05
batch1,0,785.0,1190.0,1.0493351,1.0493351,1.0493351,1.0434487,0.00012046149193551013,7.218888477951492e-05
batch1,0,786.0,1190.0,1.0497355,1.0497355,1.0497355,1.0462769,-5.366850806451407e-05,5.697578378378672e-05
batch1,0,787.0,1190.0,1.0395273,1.0395273,1.0395273,1.0462769,-5.038955645161485e-05,3.602934850640031e-05
batch1,0,788.0,1190.0,1.0406383,1.0406383,1.0406383,1.0434487,-3.327165322580815e-05,3.6466196301563207e-05
batch1,0,789.0,1190.0,1.0497754,1.0497754,1.0497754,1.0434487,-2.711967741935431e-05,4.643893598862109e-05
batch1,0,790.0,1190.0,1.0434487,1.0434487,1.0434487,1.0434487,2.5782056451621292e-05,5.330163584637219e-05
batch1,0,791.0,1190.0,1.0462769,1.0462769,1.0462769,1.0406383,2.5834677419480045e-06,4.6895459459459707e-05
batch1,0,792.0,1190.0,1.0487804,1.0487804,1.0487804,1.0406383,-2.68952016129027e-05,3.719287908961451e-05
batch1,0,793.0,1190.0,1.0395763,1.0395763,1.0395763,1.0434487,-7.04688709677407e-05,4.893844665718228e-05
batch1,0,794.0,1190.0,1.030682,1.030682,1.030682,1.0447724,-2.7500080645168946e-05,3.221126600284313e-05
batch1,0,795.0,1190.0,1.0187241,1.0187241,1.0187241,1.0447724,1.1482056451605712e-05,-2.2312113798007922e-05
batch1,0,796.0,1190.0,1.0372057,1.0372057,1.0372057,1.0462769,-5.6958709677420595e-05,-3.738556756756854e-05
batch1,0,797.0,1190.0,1.0447724,1.0447724,1.0447724,1.0471404,-4.389596774192358e-06,-3.1358452347085225e-05
batch1,0,798.0,1190.0,1.0487778,1.0487778,1.0487778,1.045436,4.181399193549363e-05,-1.6514352773824768e-05
batch1,0,799.0,1190.0,1.0471404,1.0471404,1.0471404,1.045436,2.4695604838708062e-05,-1.0484765291607617e-05
batch1,0,800.0,1190.0,1.0475039,1.0475039,1.0475039,1.0458816,1.9643145161274947e-06,-6.217769559032252e-06
batch1,0,801.0,1190.0,1.0489835,1.0489835,1.0489835,1.0471404,3.830455645161072e-05,1.5889416785210575e-06
batch1,0,802.0,1190.0,1.0486422,1.0486422,1.0486422,1.0471404,9.563810483871298e-05,1.3767055476530744e-05
batch1,0,803.0,1190.0,1.045436,1.045436,1.045436,1.0471404,8.699806451612902e-05,1.529811664296186e-05
batch1,0,804.0,1190.0,1.0426677,1.0426677,1.0426677,1.0458816,9.915237903226415e-05,1.7069746799430657e-05
batch1,0,805.0,1190.0,1.0458816,1.0458816,1.0458816,1.045436,5.297197580644492e-05,9.903783783786659e-07
batch1,0,806.0,1190.0,1.0477059,1.0477059,1.0477059,1.0433052,2.202629032257026e-05,5.100762446658802e-06
batch1,0,807.0,1190.0,1.0429559,1.0429559,1.0429559,1.0433052,7.476508064516208e-05,1.2836591749646653e-05
batch1,0,808.0,1190.0,1.0347645,1.0347645,1.0347645,1.0433052,0.0001495752822580635,-1.9383203413940654e-05
batch1,0,809.0,1190.0,1.0433052,1.0433052,1.0433052,1.0433052,8.442838709678114e-05,-2.4499954480794573e-05
batch1,0,810.0,1190.0,1.0423573,1.0423573,1.0423573,1.0447927,1.2759274193566214e-05,-4.072524324324347e-05
batch1,0,811.0,1190.0,1.0335115,1.0335115,1.0335115,1.0433052,-0.00012778818548386242,-6.57215248933132e-05
batch1,0,812.0,1190.0,1.0475713,1.0475713,1.0475713,1.0433052,-0.00016467887096773736,-6.396463157894661e-05
batch1,0,813.0,1190.0,1.0447927,1.0447927,1.0447927,1.0447927,-0.00019149967741935504,-6.975620199146613e-05
batch1,0,814.0,1190.0,1.0456301,1.0456301,1.0456301,1.0451788,-0.00015565754032258227,-8.631763015647247e-05
batch1,0,815.0,1190.0,1.0461612,1.0461612,1.0461612,1.0451788,-0.0001248558870967838,-8.208322048364093e-05
batch1,0,816.0,1190.0,1.0428686,1.0428686,1.0428686,1.0451788,-0.000240316169354835,-6.581403698435113e-05
batch1,0,817.0,1190.0,1.0454813,1.0454813,1.0454813,1.0454813,-0.0003738033064516159,-5.1502642958748596e-05
batch1,0,818.0,1190.0,1.0451788,1.0451788,1.0451788,1.0454813,-0.0002942892338709697,-4.673053200569013e-05
batch1,0,819.0,1190.0,1.0478085,1.0478085,1.0478085,1.0454813,-0.00024673032258064066,-3.673485633001402e-05
batch1,0,820.0,1190.0,1.0288956,1.0288956,1.0288956,1.0451788,-0.00020145467741935282,-2.6059507823613885e-05
batch1,0,821.0,1190.0,1.0367709,1.0367709,1.0367709,1.0450939,-0.00015856165322581002,-2.796867140824968e-05
batch1,0,822.0,1190.0,1.0471448,1.0471448,1.0471448,1.0450939,-0.00010553649193549176,-3.0740449502134225e-05
batch1,0,823.0,1190.0,1.0481814,1.0481814,1.0481814,1.0442761,-6.739778225805871e-05,-1.9791300142248397e-05
batch1,0,824.0,1190.0,1.0348196,1.0348196,1.0348196,1.0440003,-7.941677419355052e-05,-7.975009957322866e-06
batch1,0,825.0,1190.0,1.0429114,1.0429114,1.0429114,1.0440003,-3.787612903225418e-05,-7.011428165006068e-06
batch1,0,826.0,1190.0,1.0450939,1.0450939,1.0450939,1.0440003,-1.8054999999999345e-05,-6.25320056899051e-06
batch1,0,827.0,1190.0,1.0442761,1.0442761,1.0442761,1.0440003,-6.70217741935445e-05,5.5689587482242395e-06
batch1,0,828.0,1190.0,1.0383412,1.0383412,1.0383412,1.0440003,-1.3761290322481956e-06,7.981877667140382e-06
batch1,0,829.0,1190.0,1.0440003,1.0440003,1.0440003,1.0440003,4.63037096774391e-05,1.5477365576104078e-05
batch1,0,830.0,1190.0,1.044595,1.044595,1.044595,1.0442761,9.595943548387592e-05,2.2834492176385786e-05
batch1,0,831.0,1190.0,1.0198556,1.0198556,1.0198556,1.0442761,0.00012205092741935786,2.395504694168143e-05
batch1,0,832.0,1190.0,1.0134537,1.0134537,1.0134537,1.0440003,2.9378104838711577e-05,1.51378748221911e-05
batch1,0,833.0,1190.0,1.0466653,1.0466653,1.0466653,1.0440003,-9.895270161289397e-05,-6.883908961589934e-06
batch1,0,834.0,1190.0,1.0446702,1.0446702,1.0446702,1.044595,-9.366463709678242e-05,-9.235675675674123e-06
batch1,0,835.0,1190.0,1.0471945,1.0471945,1.0471945,1.0446702,-2.8104556451607916e-05,-3.6837297297261916e-06
batch1,0,836.0,1190.0,1.0436742,1.0436742,1.0436742,1.0446702,-0.00016959080645160562,6.406751066857839e-06
batch1,0,837.0,1190.0,1.0432563,1.0432563,1.0432563,1.0446702,-0.00017782350806451274,1.409383783783585e-05
batch1,0,838.0,1190.0,1.0455651,1.0455651,1.0455651,1.0455651,-8.211197580644993e-05,2.258817354196385e-05
batch1,0,839.0,1190.0,1.0461838,1.0461838,1.0461838,1.0455651,9.182822580645666e-06,3.261772972972775e-05
batch1,0,840.0,1190.0,1.0466902,1.0466902,1.0466902,1.0461838,1.4364032258069983e-05,4.1989408250357125e-05
batch1,0,841.0,1190.0,1.044336,1.044336,1.044336,1.0455651,6.619012096774641e-05,4.773241820768173e-05
batch1,0,842.0,1190.0,1.0425305,1.0425305,1.0425305,1.0455651,0.00012398157258063704,5.071428733997208e-05
batch1,0,843.0,1190.0,1.0470839,1.0470839,1.0470839,1.0455651,0.00017066016129032685,5.686632716927567e-05
batch1,0,844.0,1190.0,1.0470449,1.0470449,1.0470449,1.044336,0.0001803528629032263,6.513545376955834e-05
batch1,0,845.0,1190.0,1.0466285,1.0466285,1.0466285,1.043061,0.00022425580645162166,6.768372688478042e-05
batch1,0,846.0,1190.0,1.0422326,1.0422326,1.0422326,1.0425305,0.0002733214112903339,6.130772403983052e-05
batch1,0,847.0,1190.0,1.0258471,1.0258471,1.0258471,1.0423036,0.00016276306451612054,6.251426173542136e-05
batch1,0,848.0,1190.0,1.01603,1.01603,1.01603,1.0423036,-6.568064516131082e-06,6.351720625889024e-05
batch1,0,849.0,1190.0,1.0364809,1.0364809,1.0364809,1.0423036,3.331290322580115e-05,5.5632386913229644e-05
batch1,0,850.0,1190.0,1.043061,1.043061,1.043061,1.0423036,4.529012096773703e-05,6.183673968705639e-05
batch1,0,851.0,1190.0,1.0286866,1.0286866,1.0286866,1.0423036,8.576322580644638e-05,6.561908961592839e-05
batch1,0,852.0,1190.0,1.0423036,1.0423036,1.0423036,1.043061,8.784899193548315e-05,7.017456614509303e-05
batch1,0,853.0,1190.0,1.0487924,1.0487924,1.0487924,1.0449082,0.00010807608870967895,7.55864978662858e-05
batch1,0,854.0,1190.0,1.0470663,1.0470663,1.0470663,1.0451659,0.00014137725806452001,7.719960455192221e-05
batch1,0,855.0,1190.0,1.0470071,1.0470071,1.0470071,1.0452406,0.00017952689516128692,8.14306145092467e-05
batch1,0,856.0,1190.0,1.0469003,1.0469003,1.0469003,1.0455425,0.000223782580645163,8.551000568990138e-05
batch1,0,857.0,1190.0,1.0458245,1.0458245,1.0458245,1.0456032,0.0002529610887096755,9.19169502133719e-05
batch1,0,858.0,1190.0,1.0449082,1.0449082,1.0449082,1.0456032,0.00027120786290322466,7.753470839260339e-05
batch1,0,859.0,1190.0,1.0451659,1.0451659,1.0451659,1.0456032,0.0003132737500000056,7.18834537695583e-05
batch1,0,860.0,1190.0,1.0452406,1.0452406,1.0452406,1.0455425,0.000357813467741931,7.714615078235958e-05
batch1,0,861.0,1190.0,1.0455425,1.0455425,1.0455425,1.0452406,0.0003994824596774239,8.396087908961544e-05
batch1,0,862.0,1190.0,1.0456032,1.0456032,1.0456032,1.0451659,0.0004109311290322569,7.660497012802009e-05
batch1,0,863.0,1190.0,1.0444313,1.0444313,1.0444313,1.0451659,0.0003139028225806602,7.78622532005685e-05
batch1,0,864.0,1190.0,1.0456605,1.0456605,1.0456605,1.0452406,0.0001470133870967769,7.195068563300109e-05
batch1,0,865.0,1190.0,1.0431082,1.0431082,1.0431082,1.0454966,9.890322580644974e-05,7.505676244665671e-05
batch1,0,866.0,1190.0,1.0450228,1.0450228,1.0450228,1.0455425,9.043641129032564e-05,7.187107539118116e-05
batch1,0,867.0,1190.0,1.0422863,1.0422863,1.0422863,1.0456032,-1.5449233870978153e-05,7.365243812233474e-05
batch1,0,868.0,1190.0,1.0456389,1.0456389,1.0456389,1.0456337,-4.006447580644981e-05,7.661549075390877e-05
batch1,0,869.0,1190.0,1.0454966,1.0454966,1.0454966,1.0456337,-3.165375000000386e-05,5.2600571834994556e-05
batch1,0,870.0,1190.0,1.0456337,1.0456337,1.0456337,1.0456337,-2.748185483870667e-05,2.0598204836415033e-05
batch1,0,871.0,1190.0,1.0460664,1.0460664,1.0460664,1.0456389,-1.8361935483870258e-05,2.3149266002843038e-05
batch1,0,872.0,1190.0,1.0460432,1.0460432,1.0460432,1.0456389,-1.3606451612906266e-05,2.0996583214794547e-05
batch1,0,873.0,1190.0,1.0462755,1.0462755,1.0462755,1.0456389,-1.190435483870292e-05,2.2827559032716657e-05
batch1,0,874.0,1190.0,1.0456063,1.0456063,1.0456063,1.0456337,-1.6419677419353153e-05,2.1458435277389216e-05
batch1,0,875.0,1190.0,1.0459584,1.0459584,1.0459584,1.0456337,-1.7671975806452444e-05,2.0042884779513712e-05
batch1,0,876.0,1190.0,1.0458555,1.0458555,1.0458555,1.0456063,-1.9878629032255708e-05,2.1291470839260884e-05
batch1,0,877.0,1190.0,1.0454965,1.0454965,1.0454965,1.0454965,-2.0754354838707006e-05,2.2445334281651116e-05
batch1,0,878.0,1190.0,1.0452571,1.0452571,1.0452571,1.0454723,-1.9928790322581094e-05,2.52750526315817e-05
batch1,0,879.0,1190.0,1.0454723,1.0454723,1.0454723,1.0453798,-2.928189516128988e-05,2.2961140825035236e-05
batch1,0,880.0,1190.0,1.045259,1.045259,1.045259,1.045259,-3.3111572580637914e-05,1.877167852062361e-05
batch1,0,881.0,1190.0,1.0453798,1.0453798,1.0453798,1.0452571,-4.8906693548386645e-05,2.001394025604604e-05
batch1,0,882.0,1190.0,1.0447605,1.0447605,1.0447605,1.0449216,-5.328701612902535e-05,2.2750537695589544e-05
batch1,0,883.0,1190.0,1.044744,1.044744,1.044744,1.0447605,-7.295383064515287e-05,2.0420221906119413e-05
batch1,0,884.0,1190.0,1.0434456,1.0434456,1.0434456,1.044744,-7.087475806451462e-05,1.7427911806547733e-05
batch1,0,885.0,1190.0,1.0442295,1.0442295,1.0442295,1.0447439,-6.845076612903272e-05,-1.7983271692794832e-06
batch1,0,886.0,1190.0,1.0449216,1.0449216,1.0449216,1.0446359,-0.00011926697580644915,-3.399299004267657e-05
batch1,0,887.0,1190.0,1.0441749,1.0441749,1.0441749,1.0445061,-0.00010791431451611863,-4.442609672830829e-05
batch1,0,888.0,1190.0,1.0446359,1.0446359,1.0446359,1.0444783,-9.540068548386086e-05,-4.7823889046944075e-05
batch1,0,889.0,1190.0,1.0445061,1.0445061,1.0445061,1.0444609,-8.647608870968023e-05,-6.639720341393964e-05
batch1,0,890.0,1190.0,1.0447439,1.0447439,1.0447439,1.0444609,-7.785987903225802e-05,-7.075601137980117e-05
batch1,0,891.0,1190.0,1.0444783,1.0444783,1.0444783,1.0444609,-6.788560483870457e-05,-7.016219345661176e-05
batch1,0,892.0,1190.0,1.0443255,1.0443255,1.0443255,1.0443255,-6.004020161289411e-05,-6.880030440967206e-05
batch1,0,893.0,1190.0,1.0444609,1.0444609,1.0444609,1.0443621,-5.6521330645165215e-05,-6.814168705547795e-05
batch1,0,894.0,1190.0,1.0439519,1.0439519,1.0439519,1.0443621,-6.889262096774195e-05,-6.65563669985791e-05
batch1,0,895.0,1190.0,1.043522,1.043522,1.043522,1.0443621,-7.15472580645204e-05,-6.745727453769617e-05
batch1,0,896.0,1190.0,1.0441236,1.0441236,1.0441236,1.0443255,-7.156701612902692e-05,-6.926243812233944e-05
batch1,0,897.0,1190.0,1.0440363,1.0440363,1.0440363,1.0443255,-6.756254032258451e-05,-7.023876244666075e-05
batch1,0,898.0,1190.0,1.0443621,1.0443621,1.0443621,1.0443621,-6.563955645160958e-05,-7.187934566145254e-05
batch1,0,899.0,1190.0,1.0445197,1.0445197,1.0445197,1.0441236,-6.792564516128769e-05,-7.232845519203515e-05
batch1,0,900.0,1190.0,1.0446539,1.0446539,1.0446539,1.0443621,-7.17372580645145e-05,-7.225478520626053e-05
batch1,0,901.0,1190.0,1.0356491,1.0356491,1.0356491,1.0443621,-8.58928225806466e-05,-7.423389189188945e-05
batch1,0,902.0,1190.0,1.0448005,1.0448005,1.0448005,1.0443621,-9.429931451612641e-05,-7.431035277382836e-05
batch1,0,903.0,1190.0,1.0449328,1.0449328,1.0449328,1.0443621,-0.00010317169354839946,-7.737751920341167e-05
batch1,0,904.0,1190.0,1.0440176,1.0440176,1.0440176,1.0443071,-9.996403225806881e-05,-7.848949644380921e-05
batch1,0,905.0,1190.0,1.0445299,1.0445299,1.0445299,1.0440176,-0.00012396282258064098,-8.205040113798045e-05
batch1,0,906.0,1190.0,1.0443071,1.0443071,1.0443071,1.0439548,-0.00012166802419354723,-8.217510953058113e-05
batch1,0,907.0,1190.0,1.0439548,1.0439548,1.0439548,1.0439548,-0.00011138560483869697,-8.29826031294454e-05
batch1,0,908.0,1190.0,1.0434957,1.0434957,1.0434957,1.0434957,-0.00011218701612903206,-8.753574395448224e-05
batch1,0,909.0,1190.0,1.0409905,1.0409905,1.0409905,1.0430235,-0.00010870657258064701,-8.618660028449429e-05
batch1,0,910.0,1190.0,1.042083,1.042083,1.042083,1.0430235,-0.0001069264112903293,-8.40834679943082e-05
batch1,0,911.0,1190.0,1.0425202,1.0425202,1.0425202,1.0428741,-0.00010508766129031815,-8.194466856329969e-05
batch1,0,912.0,1190.0,1.0428741,1.0428741,1.0428741,1.0425202,-9.943620967742421e-05,-8.106492460881742e-05
batch1,0,913.0,1190.0,1.0430235,1.0430235,1.0430235,1.0422294,-0.00010530854838710263,-8.334871123755e-05
batch1,0,914.0,1190.0,1.0422294,1.0422294,1.0422294,1.0422294,-9.367604838709944e-05,-8.060993741109432e-05
batch1,0,915.0,1190.0,1.0431945,1.0431945,1.0431945,1.0422294,-8.456008064516797e-05,-8.027126315789479e-05
batch1,0,916.0,1190.0,1.0406314,1.0406314,1.0406314,1.0422294,-6.819806451613103e-05,-7.882729729729394e-05
batch1,0,917.0,1190.0,1.0406038,1.0406038,1.0406038,1.0422294,-0.00011727068548387883,-7.696883357041027e-05
batch1,0,918.0,1190.0,1.0410354,1.0410354,1.0410354,1.041466,-0.00010966411290323056,-7.570237837837807e-05
batch1,0,919.0,1190.0,1.0423316,1.0423316,1.0423316,1.0414201,-9.704665322580206e-05,-7.568706685632955e-05
batch1,0,920.0,1190.0,1.0378183,1.0378183,1.0378183,1.0414201,-9.370491935484419e-05,-7.586446941678363e-05
batch1,0,921.0,1190.0,1.041466,1.041466,1.041466,1.0414201,-8.136201612902524e-05,-7.55580284495039e-05
batch1,0,922.0,1190.0,1.0428514,1.0428514,1.0428514,1.041466,-6.711141129031531e-05,-7.660238122332592e-05
batch1,0,923.0,1190.0,1.0410734,1.0410734,1.0410734,1.041466,-5.910435483870814e-05,-7.648831578947401e-05
batch1,0,924.0,1190.0,1.0414201,1.0414201,1.0414201,1.0414792,-4.996008064515633e-05,-7.465523470839336e-05
batch1,0,925.0,1190.0,1.0414792,1.0414792,1.0414792,1.041466,-5.799600806451715e-05,-7.488063157894775e-05
batch1,0,926.0,1190.0,1.0417826,1.0417826,1.0417826,1.0414792,-5.983814516130035e-05,-7.356271408250423e-05
batch1,0,927.0,1190.0,1.0416553,1.0416553,1.0416553,1.0414792,-5.595673387096335e-05,-7.220937980085213e-05
batch1,0,928.0,1190.0,1.0396786,1.0396786,1.0396786,1.0414201,-5.0359112903235254e-05,-6.976497866287295e-05
batch1,0,929.0,1190.0,1.0419347,1.0419347,1.0419347,1.0414201,-4.6673467741936124e-05,-7.014325462304247e-05
batch1,0,930.0,1190.0,1.0411887,1.0411887,1.0411887,1.0411887,-7.00830645161199e-05,-6.832736842105068e-05
batch1,0,931.0,1190.0,1.0420215,1.0420215,1.0420215,1.0409799,-5.505564516128338e-05,-6.606725746799529e-05
batch1,0,932.0,1190.0,1.0406326,1.0406326,1.0406326,1.0409799,-5.195943548387769e-05,-6.492033570412179e-05
batch1,0,933.0,1190.0,1.0405743,1.0405743,1.0405743,1.0408435,-5.132334677419135e-05,-6.377494452347086e-05
batch1,0,934.0,1190.0,1.0409799,1.0409799,1.0409799,1.0408435,-5.1993508064520896e-05,-6.182959601707072e-05
batch1,0,935.0,1190.0,1.040159,1.040159,1.040159,1.0407169,-6.523923387096246e-05,-6.070081365576339e-05
batch1,0,936.0,1190.0,1.0408435,1.0408435,1.0408435,1.0406326,-7.73710887096796e-05,-5.9214426742529e-05
batch1,0,937.0,1190.0,1.0411508,1.0411508,1.0411508,1.0405743,-7.970999999999864e-05,-5.6111109530583515e-05
batch1,0,938.0,1190.0,1.0402839,1.0402839,1.0402839,1.0405334,-6.543604838710434e-05,-5.328311522048412e-05
batch1,0,939.0,1190.0,1.0407169,1.0407169,1.0407169,1.0403634,-6.142487903225917e-05,-6.012390042674102e-05
batch1,0,940.0,1190.0,1.0403634,1.0403634,1.0403634,1.0403072,-5.785322580645726e-05,-5.73294537695596e-05
batch1,0,941.0,1190.0,1.0401803,1.0401803,1.0401803,1.0403634,-6.215060483871303e-05,-5.3857399715505455e-05
batch1,0,942.0,1190.0,1.0405334,1.0405334,1.0405334,1.0403634,-6.170955645160871e-05,-5.194407396870256e-05
batch1,0,943.0,1190.0,1.0403072,1.0403072,1.0403072,1.0403634,-5.9007217741936074e-05,-4.923217069701541e-05
batch1,0,944.0,1190.0,1.0396606,1.0396606,1.0396606,1.0403634,-6.8679032258065e-05,-4.634568705547571e-05
batch1,0,945.0,1190.0,1.0358037,1.0358037,1.0358037,1.0403105,-6.249487903225346e-05,-4.3885439544808595e-05
batch1,0,946.0,1190.0,1.0407008,1.0407008,1.0407008,1.0403105,-5.529306451612691e-05,-4.205476813655607e-05
batch1,0,947.0,1190.0,1.0412959,1.0412959,1.0412959,1.0403105,-5.0258750000003074e-05,-4.22521394025617e-05
batch1,0,948.0,1190.0,1.0409629,1.0409629,1.0409629,1.0403105,-4.7757701612899056e-05,-4.212244096728277e-05
batch1,0,949.0,1190.0,1.0403105,1.0403105,1.0403105,1.0405301,-4.503826612903293e-05,-4.115332574679943e-05
batch1,0,950.0,1190.0,1.0368004,1.0368004,1.0368004,1.0405301,-3.533520161289272e-05,-3.98918918918921e-05
batch1,0,951.0,1190.0,1.04143,1.04143,1.04143,1.0405301,-4.5956532258051136e-05,-3.725234992887563e-05
batch1,0,952.0,1190.0,1.039399,1.039399,1.039399,1.0403105,-3.8745564516126765e-05,-3.6628130867710625e-05
batch1,0,953.0,1190.0,1.0405301,1.0405301,1.0405301,1.0400994,-2.8174314516135556e-05,-3.505157610241825e-05
batch1,0,954.0,1190.0,1.0405751,1.0405751,1.0405751,1.039399,-2.670133064516014e-05,-3.616211379800886e-05
batch1,0,955.0,1190.0,1.0400994,1.0400994,1.0400994,1.0393174,-2.015334677418901e-05,-3.693182361308973e-05
batch1,0,956.0,1190.0,1.0386473,1.0386473,1.0386473,1.039399,-1.5237701612901319e-05,-3.700045519203156e-05
batch1,0,957.0,1190.0,1.0389183,1.0389183,1.0389183,1.0393174,-1.6114274193544465e-05,-3.528708961592848e-05
batch1,0,958.0,1190.0,1.039237,1.039237,1.039237,1.0393174,-1.5009637096767774e-05,-3.887993741109211e-05
batch1,0,959.0,1190.0,1.0391384,1.0391384,1.0391384,1.0393174,-7.259274193538456e-06,-3.869264580369462e-05
batch1,0,960.0,1190.0,1.0393174,1.0393174,1.0393174,1.0393174,-6.713225806444101e-06,-3.687912091038289e-05
batch1,0,961.0,1190.0,1.0401069,1.0401069,1.0401069,1.039237,-3.144512096774983e-05,-3.602382076813363e-05
batch1,0,962.0,1190.0,1.0387881,1.0387881,1.0387881,1.0393174,-2.6905806451615486e-05,-3.517587766713973e-05
batch1,0,963.0,1190.0,1.0396352,1.0396352,1.0396352,1.0396352,-1.5781895161290325e-05,-3.396967567567326e-05
batch1,0,964.0,1190.0,1.039667,1.039667,1.039667,1.0396352,-1.027169354839042e-05,-3.270245234708297e-05
batch1,0,965.0,1190.0,1.0403285,1.0403285,1.0403285,1.039667,-7.578870967738651e-06,-3.0923166429585806e-05
batch1,0,966.0,1190.0,1.0378004,1.0378004,1.0378004,1.0396851,-2.5528991935484296e-05,-3.1681368421052404e-05
batch1,0,967.0,1190.0,1.0398613,1.0398613,1.0398613,1.039667,-1.569366935482718e-05,-2.9415152204837498e-05
batch1,0,968.0,1190.0,1.0400236,1.0400236,1.0400236,1.039667,-1.9582217741934224e-05,-2.830057752489439e-05
batch1,0,969.0,1190.0,1.0393689,1.0393689,1.0393689,1.0396851,-1.2801572580653386e-05,-2.626620483641547e-05
batch1,0,970.0,1190.0,1.0396851,1.0396851,1.0396851,1.0396851,-1.0434032258065872e-05,-2.6193288762446237e-05
batch1,0,971.0,1190.0,1.0397235,1.0397235,1.0397235,1.0394875,-8.779798387104736e-06,-2.6078332859174326e-05
batch1,0,972.0,1190.0,1.0389185,1.0389185,1.0389185,1.0394875,-1.7088064516122164e-05,-2.5598788051211222e-05
batch1,0,973.0,1190.0,1.0387853,1.0387853,1.0387853,1.0394875,-1.7331290322577198e-05,-2.5384233285913478e-05
batch1,0,974.0,1190.0,1.0400088,1.0400088,1.0400088,1.0394107,-2.3003790322574735e-05,-2.466414224751158e-05
batch1,0,975.0,1190.0,1.0394875,1.0394875,1.0394875,1.0394107,-3.0129758064513576e-05,-2.3168480796585287e-05
batch1,0,976.0,1190.0,1.0394107,1.0394107,1.0394107,1.0392826,-3.60657258064553e-05,-2.28846315789458e-05
batch1,0,977.0,1190.0,1.0392671,1.0392671,1.0392671,1.0392671,-3.4720604838711504e-05,-2.208446941678387e-05
batch1,0,978.0,1190.0,1.0396254,1.0396254,1.0396254,1.0392671,-4.022451612902747e-05,-2.176117496444021e-05
batch1,0,979.0,1190.0,1.0389411,1.0389411,1.0389411,1.0392826,-3.8405645161287684e-05,-2.12077240398256e-05
batch1,0,980.0,1190.0,1.0390364,1.0390364,1.0390364,1.0392671,-3.91062903225797e-05,-2.0576122332857834e-05
batch1,0,981.0,1190.0,1.0392826,1.0392826,1.0392826,1.0391037,-3.587903225805875e-05,-2.0391911806547805e-05
batch1,0,982.0,1190.0,1.0391037,1.0391037,1.0391037,1.0390364,-4.7921451612908966e-05,-2.0848369843531042e-05
batch1,0,983.0,1190.0,1.038846,1.038846,1.038846,1.0390364,-4.208129032258741e-05,-2.5272301564723356e-05
batch1,0,984.0,1190.0,1.0393666,1.0393666,1.0393666,1.0389411,-3.741084677418861e-05,-2.453784352773997e-05
batch1,0,985.0,1190.0,1.0385114,1.0385114,1.0385114,1.038846,-3.518528225805283e-05,-2.3121257467993168e-05
batch1,0,986.0,1190.0,1.0387633,1.0387633,1.0387633,1.0387633,-3.26893145161252e-05,-2.1862953058320812e-05
batch1,0,987.0,1190.0,1.038576,1.038576,1.038576,1.038576,-2.629274193548586e-05,-2.17495049786599e-05
batch1,0,988.0,1190.0,1.0396156,1.0396156,1.0396156,1.038576,-2.75622580645149e-05,-2.4821792318635958e-05
batch1,0,989.0,1190.0,1.0384245,1.0384245,1.0384245,1.038576,-2.6392500000006758e-05,-2.3615374110954272e-05
batch1,0,990.0,1190.0,1.0382352,1.0382352,1.0382352,1.0385114,-1.9926774193544842e-05,-2.4291880512091616e-05
batch1,0,991.0,1190.0,1.0381808,1.0381808,1.0381808,1.0384667,-1.66150806451607e-05,-2.3813317211951592e-05
batch1,0,992.0,1190.0,1.0384667,1.0384667,1.0384667,1.0384308,-1.6679677419360577e-05,-2.316685633001441e-05
batch1,0,993.0,1190.0,1.0386317,1.0386317,1.0386317,1.0384308,-1.6982983870971393e-05,-2.396784637268787e-05
batch1,0,994.0,1190.0,1.0389284,1.0389284,1.0389284,1.0384308,-1.5371975806453804e-05,-2.569790896159523e-05
batch1,0,995.0,1190.0,1.0384308,1.0384308,1.0384308,1.0384667,-1.4461814516120095e-05,-2.7209596017071932e-05
batch1,0,996.0,1190.0,1.0382922,1.0382922,1.0382922,1.0385895,-1.4411774193550683e-05,-2.807112375533623e-05
batch1,0,997.0,1190.0,1.0383285,1.0383285,1.0383285,1.0386317,-1.0363830645155425e-05,-2.8890142247511424e-05
batch1,0,998.0,1190.0,1.039122,1.039122,1.039122,1.0386714,-9.222016129041075e-06,-3.046621906116611e-05
batch1,0,999.0,1190.0,1.0387062,1.0387062,1.0387062,1.0387062,-9.491975806454211e-06,-3.066355618776855e-05
batch1,0,1000.0,1190.0,1.0389125,1.0389125,1.0389125,1.0387062,-7.147096774192612e-06,-3.22981963015664e-05
batch1,0,1001.0,1190.0,1.0385895,1.0385895,1.0385895,1.0387524,-7.755201612906298e-06,-3.331093029871888e-05
batch1,0,1002.0,1190.0,1.0391204,1.0391204,1.0391204,1.0387524,-8.776653225814562e-06,-3.3882315789472e-05
batch1,0,1003.0,1190.0,1.0386714,1.0386714,1.0386714,1.0387524,-1.2342983870971186e-05,-3.357650355618715e-05
batch1,0,1004.0,1190.0,1.0392003,1.0392003,1.0392003,1.0387062,-9.015483870965125e-06,-3.587671123755363e-05
batch1,0,1005.0,1190.0,1.0387985,1.0387985,1.0387985,1.0386714,-1.1833104838712122e-05,-3.577694167852399e-05
batch1,0,1006.0,1190.0,1.0387524,1.0387524,1.0387524,1.0386435,-1.61594354838778e-05,-3.5780179231865846e-05
batch1,0,1007.0,1190.0,1.0382271,1.0382271,1.0382271,1.0386714,-2.0982379032265423e-05,-3.5968893314370107e-05
batch1,0,1008.0,1190.0,1.0382619,1.0382619,1.0382619,1.0386435,-2.3281330645157097e-05,-3.620108108108223e-05
batch1,0,1009.0,1190.0,1.0381292,1.0381292,1.0381292,1.0384082,-2.737629032257586e-05,-3.650029587482047e-05
batch1,0,1010.0,1190.0,1.0386435,1.0386435,1.0386435,1.0384033,-2.6101330645151097e-05,-3.700657183499261e-05
batch1,0,1011.0,1190.0,1.0383798,1.0383798,1.0383798,1.0384033,-3.1681330645160554e-05,-3.791951635846392e-05
batch1,0,1012.0,1190.0,1.0387344,1.0387344,1.0387344,1.0383798,-3.663092741936371e-05,-3.7507834992888666e-05
batch1,0,1013.0,1190.0,1.0384082,1.0384082,1.0384082,1.0383798,-4.1777822580649344e-05,-3.74773143670015e-05
batch1,0,1014.0,1190.0,1.0384033,1.0384033,1.0384033,1.0383798,-4.130633064517348e-05,-3.7380779516359046e-05
batch1,0,1015.0,1190.0,1.0382508,1.0382508,1.0382508,1.0383798,-4.876120967742605e-05,-3.747767567567595e-05
batch1,0,1016.0,1190.0,1.0386004,1.0386004,1.0386004,1.0382693,-5.094338709678007e-05,-3.7891482219062736e-05
batch1,0,1017.0,1190.0,1.0382693,1.0382693,1.0382693,1.0382508,-5.518133064515985e-05,-3.861136557610418e-05
batch1,0,1018.0,1190.0,1.0380154,1.0380154,1.0380154,1.0381613,-5.392939516128549e-05,-3.941306685633057e-05
batch1,0,1019.0,1190.0,1.0380089,1.0380089,1.0380089,1.0381563,-5.430455645161421e-05,-3.9543766714083584e-05
batch1,0,1020.0,1190.0,1.0381563,1.0381563,1.0381563,1.0381563,-5.650294354837858e-05,-3.9720201991463146e-05
batch1,0,1021.0,1190.0,1.0380909,1.0380909,1.0380909,1.0380909,-5.763745967742254e-05,-4.028739118065097e-05
batch1,0,1022.0,1190.0,1.0380572,1.0380572,1.0380572,1.0380572,-5.888987903225877e-05,-4.004284495021319e-05
batch1,0,1023.0,1190.0,1.0381613,1.0381613,1.0381613,1.0380154,-6.475338709677707e-05,-4.1644927453769033e-05
batch1,0,1024.0,1190.0,1.037668,1.037668,1.037668,1.0380089,-6.785774193548447e-05,-4.206216216216275e-05
batch1,0,1025.0,1190.0,1.0381751,1.0381751,1.0381751,1.0377138,-7.075403225806736e-05,-4.3796862019915706e-05
batch1,0,1026.0,1190.0,1.0375223,1.0375223,1.0375223,1.037668,-6.96488306451525e-05,-4.385815078236076e-05
batch1,0,1027.0,1190.0,1.0377138,1.0377138,1.0377138,1.0376381,-6.868899193549023e-05,-4.4730034139399804e-05
batch1,0,1028.0,1190.0,1.0376039,1.0376039,1.0376039,1.0376039,-6.694995967741932e-05,-4.6289798008533206e-05
batch1,0,1029.0,1190.0,1.0376381,1.0376381,1.0376381,1.0375223,-6.402427419353926e-05,-4.751969274537478e-05
batch1,0,1030.0,1190.0,1.0366722,1.0366722,1.0366722,1.0374084,-6.317576612904003e-05,-4.874527453769816e-05
batch1,0,1031.0,1190.0,1.0371883,1.0371883,1.0371883,1.0373186,-6.371725806451354e-05,-4.944642958748499e-05
batch1,0,1032.0,1190.0,1.037078,1.037078,1.037078,1.0371883,-5.799814516129162e-05,-4.958891607397e-05
batch1,0,1033.0,1190.0,1.0373186,1.0373186,1.0373186,1.037078,-5.558729838710231e-05,-5.0758645803695505e-05
batch1,0,1034.0,1190.0,1.0374084,1.0374084,1.0374084,1.0368803,-5.4505645161289566e-05,-5.138806827880301e-05
batch1,0,1035.0,1190.0,1.0364586,1.0364586,1.0364586,1.0368243,-5.240915322580701e-05,-5.2495015647227916e-05
batch1,0,1036.0,1190.0,1.0368803,1.0368803,1.0368803,1.0368503,-4.8433629032260154e-05,-5.258096159317313e-05
batch1,0,1037.0,1190.0,1.0367821,1.0367821,1.0367821,1.0368503,-4.4971693548395235e-05,-5.256117211949012e-05
batch1,0,1038.0,1190.0,1.0364487,1.0364487,1.0364487,1.0368243,-4.56231451612816e-05,-5.2482199146512937e-05
batch1,0,1039.0,1190.0,1.0367492,1.0367492,1.0367492,1.0368243,-4.285508064515926e-05,-5.29391749644352e-05
batch1,0,1040.0,1190.0,1.0368243,1.0368243,1.0368243,1.0367821,-4.399681451612552e-05,-5.3773237553342315e-05
batch1,0,1041.0,1190.0,1.0368503,1.0368503,1.0368503,1.0367821,-3.936068548385856e-05,-5.427836130867697e-05
batch1,0,1042.0,1190.0,1.036988,1.036988,1.036988,1.0367821,-3.781580645160377e-05,-5.441491891892212e-05
batch1,0,1043.0,1190.0,1.0366458,1.0366458,1.0366458,1.0367492,-3.5656249999989364e-05,-5.4288566145090334e-05
batch1,0,1044.0,1190.0,1.0370507,1.0370507,1.0370507,1.0367492,-3.2588991935480505e-05,-5.4648432432432144e-05
batch1,0,1045.0,1190.0,1.036622,1.036622,1.036622,1.0367018,-3.458169354837991e-05,-5.559640967283006e-05
batch1,0,1046.0,1190.0,1.0364361,1.0364361,1.0364361,1.0367018,-3.7161693548381884e-05,-5.6315547652915386e-05
batch1,0,1047.0,1190.0,1.0369773,1.0369773,1.0369773,1.0366753,-4.30358064516055e-05,-5.686019914651604e-05
batch1,0,1048.0,1190.0,1.0366753,1.0366753,1.0366753,1.0366604,-4.617157258064367e-05,-5.653039544807758e-05
batch1,0,1049.0,1190.0,1.0366201,1.0366201,1.0366201,1.0366604,-4.503790322580392e-05,-5.667393456614653e-05
batch1,0,1050.0,1190.0,1.0367018,1.0367018,1.0367018,1.036622,-4.591556451612016e-05,-5.6579300142244895e-05
batch1,0,1051.0,1190.0,1.0367681,1.0367681,1.0367681,1.0366201,-5.030737903225507e-05,-5.631485917496498e-05
batch1,0,1052.0,1190.0,1.0366604,1.0366604,1.0366604,1.0366201,-5.379282258065061e-05,-5.65383669985752e-05
batch1,0,1053.0,1190.0,1.0359209,1.0359209,1.0359209,1.0363454,-5.577673387097563e-05,-5.695504409672765e-05
batch1,0,1054.0,1190.0,1.0362328,1.0362328,1.0362328,1.0363283,-5.852201612901457e-05,-5.6986307254623165e-05
batch1,0,1055.0,1190.0,1.035984,1.035984,1.035984,1.0362861,-6.233387096774163e-05,-5.680759317211514e-05
batch1,0,1056.0,1190.0,1.0362861,1.0362861,1.0362861,1.0362328,-6.15537096774237e-05,-5.726566998577698e-05
batch1,0,1057.0,1190.0,1.0363454,1.0363454,1.0363454,1.0361643,-6.351528225806245e-05,-5.7336850640111546e-05
batch1,0,1058.0,1190.0,1.0361643,1.0361643,1.0361643,1.0361522,-6.34512096774108e-05,-5.770250924608666e-05
batch1,0,1059.0,1190.0,1.0363283,1.0363283,1.0363283,1.0361522,-6.229455645160156e-05,-5.8094310099571424e-05
batch1,0,1060.0,1190.0,1.0353702,1.0353702,1.0353702,1.035984,-5.952745967741938e-05,-5.837900711237568e-05
batch1,0,1061.0,1190.0,1.0361522,1.0361522,1.0361522,1.035789,-6.047197580645374e-05,-5.815588051209128e-05
batch1,0,1062.0,1190.0,1.0350224,1.0350224,1.0350224,1.0355475,-6.800693548387271e-05,-5.809877667140787e-05
batch1,0,1063.0,1190.0,1.0354484,1.0354484,1.0354484,1.0354484,-6.72192741935546e-05,-5.77134850640095e-05
batch1,0,1064.0,1190.0,1.035789,1.035789,1.035789,1.0354484,-6.925637096773871e-05,-5.8430102418208566e-05
batch1,0,1065.0,1190.0,1.0352587,1.0352587,1.0352587,1.0354269,-6.748729838710513e-05,-5.8519732574678186e-05
batch1,0,1066.0,1190.0,1.0355475,1.0355475,1.0355475,1.0354484,-6.762653225806174e-05,-5.8524751066855265e-05
batch1,0,1067.0,1190.0,1.0351868,1.0351868,1.0351868,1.0354269,-6.72166129032218e-05,-5.8232697012801894e-05
batch1,0,1068.0,1190.0,1.0354269,1.0354269,1.0354269,1.0354269,-6.60192338709711e-05,-5.890744238975576e-05
batch1,0,1069.0,1190.0,1.0355663,1.0355663,1.0355663,1.0354269,-6.744875000000086e-05,-5.889225320056703e-05
batch1,0,1070.0,1190.0,1.0350106,1.0350106,1.0350106,1.0352587,-6.504189516128582e-05,-5.8748822190614156e-05
batch1,0,1071.0,1190.0,1.0355738,1.0355738,1.0355738,1.0352503,-6.533459677419299e-05,-5.8542978662874166e-05
batch1,0,1072.0,1190.0,1.0350094,1.0350094,1.0350094,1.0351868,-6.451350806450802e-05,-5.7903837837836264e-05
batch1,0,1073.0,1190.0,1.0350747,1.0350747,1.0350747,1.0350747,-6.0185887096776964e-05,-5.933211664296042e-05
batch1,0,1074.0,1190.0,1.0354928,1.0354928,1.0354928,1.0350106,-5.968979838710019e-05,-5.943355049786851e-05
batch1,0,1075.0,1190.0,1.0352503,1.0352503,1.0352503,1.0350094,-5.812495967742218e-05,-6.0247584637266314e-05
batch1,0,1076.0,1190.0,1.0349739,1.0349739,1.0349739,1.0349739,-6.239858870967299e-05,-6.078233570412384e-05
batch1,0,1077.0,1190.0,1.0339727,1.0339727,1.0339727,1.0348344,-5.8480000000000484e-05,-6.0757328591749745e-05
batch1,0,1078.0,1190.0,1.0346072,1.0346072,1.0346072,1.0346072,-6.377629032257701e-05,-6.164934850640043e-05
batch1,0,1079.0,1190.0,1.0343043,1.0343043,1.0343043,1.0344391,-6.420903225806164e-05,-6.160616785206382e-05
batch1,0,1080.0,1190.0,1.0348344,1.0348344,1.0348344,1.0344391,-6.508862903225619e-05,-6.171227311522124e-05
batch1,0,1081.0,1190.0,1.0343127,1.0343127,1.0343127,1.0343549,-6.892653225807752e-05,-6.157703271692522e-05
batch1,0,1082.0,1190.0,1.0341735,1.0341735,1.0341735,1.0343127,-7.005141129032642e-05,-6.168441251777969e-05
batch1,0,1083.0,1190.0,1.0342456,1.0342456,1.0342456,1.0343549,-7.108625000000551e-05,-6.215853200569054e-05
batch1,0,1084.0,1190.0,1.0344391,1.0344391,1.0344391,1.0343127,-6.853705645161919e-05,-6.283492460881824e-05
batch1,0,1085.0,1190.0,1.0346419,1.0346419,1.0346419,1.0343127,-6.630395161290697e-05,-6.309176671408233e-05
batch1,0,1086.0,1190.0,1.0343549,1.0343549,1.0343549,1.0342456,-6.983443548387056e-05,-6.328093314366819e-05
batch1,0,1087.0,1190.0,1.0341082,1.0341082,1.0341082,1.0341735,-6.72163306451656e-05,-6.306366429587459e-05
batch1,0,1088.0,1190.0,1.0344795,1.0344795,1.0344795,1.0341082,-6.68384274193574e-05,-6.350976102418272e-05
batch1,0,1089.0,1190.0,1.0339148,1.0339148,1.0339148,1.0340583,-6.453883064517467e-05,-6.353672261735144e-05
batch1,0,1090.0,1190.0,1.0337666,1.0337666,1.0337666,1.0339148,-5.910116935484195e-05,-6.307231294452532e-05
batch1,0,1091.0,1190.0,1.0336525,1.0336525,1.0336525,1.0338552,-5.413713709677045e-05,-6.343876244665708e-05
batch1,0,1092.0,1190.0,1.0340583,1.0340583,1.0340583,1.0337666,-4.9392177419347305e-05,-6.38831066856325e-05
batch1,0,1093.0,1190.0,1.0336003,1.0336003,1.0336003,1.0336525,-5.2225241935489575e-05,-6.47412489331419e-05
batch1,0,1094.0,1190.0,1.0338552,1.0338552,1.0338552,1.0336525,-4.9390201612909764e-05,-6.405293314366893e-05
batch1,0,1095.0,1190.0,1.0333118,1.0333118,1.0333118,1.0336003,-5.4654596774195154e-05,-6.383746230440924e-05
batch1,0,1096.0,1190.0,1.0332232,1.0332232,1.0332232,1.033473,-5.136427419355663e-05,-6.33660483641511e-05
batch1,0,1097.0,1190.0,1.033228,1.033228,1.033228,1.0333788,-5.48206451612946e-05,-6.328427596017226e-05
batch1,0,1098.0,1190.0,1.033473,1.033473,1.033473,1.0333118,-5.54266935483811e-05,-6.340132574680236e-05
batch1,0,1099.0,1190.0,1.0336952,1.0336952,1.0336952,1.0333118,-5.426375000000292e-05,-6.257249502133445e-05
batch1,0,1100.0,1190.0,1.0333788,1.0333788,1.0333788,1.0333019,-5.768399193548375e-05,-6.377616785206126e-05
batch1,0,1101.0,1190.0,1.0328728,1.0328728,1.0328728,1.0333019,-5.436177419355037e-05,-6.439764153627572e-05
batch1,0,1102.0,1190.0,1.0331461,1.0331461,1.0331461,1.0333362,-5.4479475806447496e-05,-6.455403129445025e-05
batch1,0,1103.0,1190.0,1.0332159,1.0332159,1.0332159,1.0333362,-5.25943548387066e-05,-6.512254338548909e-05
batch1,0,1104.0,1190.0,1.0333444,1.0333444,1.0333444,1.0333362,-5.229290322580276e-05,-6.55920000000008e-05
batch1,0,1105.0,1190.0,1.0333019,1.0333019,1.0333019,1.0333019,-5.488455645160534e-05,-6.603873684210439e-05
batch1,0,1106.0,1190.0,1.0333362,1.0333362,1.0333362,1.0332159,-5.8391814516127116e-05,-6.648106685632935e-05
batch1,0,1107.0,1190.0,1.0334672,1.0334672,1.0334672,1.0332159,-6.353661290322398e-05,-6.63559544807988e-05
batch1,0,1108.0,1190.0,1.0331818,1.0331818,1.0331818,1.0332159,-6.381512096774462e-05,-6.720888193456722e-05
batch1,0,1109.0,1190.0,1.0333894,1.0333894,1.0333894,1.0331818,-6.422782258063889e-05,-6.70966514935975e-05
batch1,0,1110.0,1190.0,1.0322922,1.0322922,1.0322922,1.033007,-6.742225806451005e-05,-6.715811948790944e-05
batch1,0,1111.0,1190.0,1.033007,1.033007,1.033007,1.0329384,-7.194241935484071e-05,-6.707948221905981e-05
batch1,0,1112.0,1190.0,1.0323262,1.0323262,1.0323262,1.0328135,-7.36312903225754e-05,-6.724951351351831e-05
batch1,0,1113.0,1190.0,1.0328135,1.0328135,1.0328135,1.0326695,-7.568044354838497e-05,-6.701318349928984e-05
batch1,0,1114.0,1190.0,1.0329384,1.0329384,1.0329384,1.0326154,-7.85831048387067e-05,-6.74980768136582e-05
batch1,0,1115.0,1190.0,1.0318871,1.0318871,1.0318871,1.0323262,-8.076310483870094e-05,-6.86732517780939e-05
batch1,0,1116.0,1190.0,1.0326154,1.0326154,1.0326154,1.0323262,-7.765721774193244e-05,-6.922282788051274e-05
batch1,0,1117.0,1190.0,1.0322177,1.0322177,1.0322177,1.0322177,-8.100455645162146e-05,-7.020019914651567e-05
batch1,0,1118.0,1190.0,1.0326695,1.0326695,1.0326695,1.0319157,-8.015899193548767e-05,-7.011104125178028e-05
batch1,0,1119.0,1190.0,1.0319157,1.0319157,1.0319157,1.0319157,-8.221637096773643e-05,-7.026326315789528e-05
batch1,0,1120.0,1190.0,1.0318688,1.0318688,1.0318688,1.0318871,-7.857044354839136e-05,-7.027259459459548e-05
batch1,0,1121.0,1190.0,1.0317391,1.0317391,1.0317391,1.0318688,-7.45027822580613e-05,-7.089406827880426e-05
batch1,0,1122.0,1190.0,1.0314549,1.0314549,1.0314549,1.031759,-7.489834677419328e-05,-7.106680227596109e-05
batch1,0,1123.0,1190.0,1.0316801,1.0316801,1.0316801,1.0317391,-7.336000000000059e-05,-7.112686201991337e-05
batch1,0,1124.0,1190.0,1.0319879,1.0319879,1.0319879,1.0316801,-7.273225806452227e-05,-7.128660028449681e-05
batch1,0,1125.0,1190.0,1.0311486,1.0311486,1.0311486,1.0315967,-6.962608870968097e-05,-7.15130298719784e-05
batch1,0,1126.0,1190.0,1.0313286,1.0313286,1.0313286,1.0315967,-7.444262096774923e-05,-7.118597155049928e-05
batch1,0,1127.0,1190.0,1.031759,1.031759,1.031759,1.0314549,-7.230596774193386e-05,-7.122964438122502e-05
batch1,0,1128.0,1190.0,1.0315967,1.0315967,1.0315967,1.0314872,-7.57694354838741e-05,-7.153998008534767e-05
batch1,0,1129.0,1190.0,1.0310855,1.0310855,1.0310855,1.0313286,-7.36610887096729e-05,-7.21905519203468e-05
batch1,0,1130.0,1190.0,1.0308088,1.0308088,1.0308088,1.0313286,-7.276794354839831e-05,-7.251182930298803e-05
batch1,0,1131.0,1190.0,1.0318278,1.0318278,1.0318278,1.0314585,-7.620217741936253e-05,-7.303979800853469e-05
batch1,0,1132.0,1190.0,1.0311972,1.0311972,1.0311972,1.0314585,-7.258536290322068e-05,-7.338083641536234e-05
batch1,0,1133.0,1190.0,1.0314872,1.0314872,1.0314872,1.0311972,-7.096802419354006e-05,-7.452891607396815e-05
batch1,0,1134.0,1190.0,1.0308222,1.0308222,1.0308222,1.0310855,-7.04512096774286e-05,-7.526716073968707e-05
batch1,0,1135.0,1190.0,1.0314685,1.0314685,1.0314685,1.0308222,-7.064080645160519e-05,-7.550124893314566e-05
batch1,0,1136.0,1190.0,1.0314585,1.0314585,1.0314585,1.0308222,-7.362193548386346e-05,-7.546048364153483e-05
batch1,0,1137.0,1190.0,1.0305611,1.0305611,1.0305611,1.0305611,-7.509149193548176e-05,-7.559669701280466e-05
batch1,0,1138.0,1190.0,1.0305561,1.0305561,1.0305561,1.0305561,-7.85875000000014e-05,-7.569037553342895e-05
batch1,0,1139.0,1190.0,1.0305159,1.0305159,1.0305159,1.0305265,-8.122935483870789e-05,-7.627596017069599e-05
batch1,0,1140.0,1190.0,1.0305265,1.0305265,1.0305265,1.0305159,-7.887536290323321e-05,-7.721890184921506e-05
batch1,0,1141.0,1190.0,1.0301961,1.0301961,1.0301961,1.0304435,-7.994935483871106e-05,-7.777025604551776e-05
batch1,0,1142.0,1190.0,1.0304435,1.0304435,1.0304435,1.0303241,-7.833524193548139e-05,-7.77500682788061e-05
batch1,0,1143.0,1190.0,1.0300729,1.0300729,1.0300729,1.0302869,-7.800979838710845e-05,-7.829908108108061e-05
batch1,0,1144.0,1190.0,1.0303241,1.0303241,1.0303241,1.0302253,-7.710798387096115e-05,-7.820074253200606e-05
batch1,0,1145.0,1190.0,1.029824,1.029824,1.029824,1.0301961,-7.998741935484048e-05,-7.805423044096492e-05
batch1,0,1146.0,1190.0,1.0300223,1.0300223,1.0300223,1.0300729,-8.349334677419846e-05,-7.854036130867748e-05
batch1,0,1147.0,1190.0,1.0302869,1.0302869,1.0302869,1.0300223,-7.940245967740638e-05,-7.822581792318664e-05
batch1,0,1148.0,1190.0,1.0302253,1.0302253,1.0302253,1.0298998,-7.819185483870881e-05,-7.93545860597465e-05
batch1,0,1149.0,1190.0,1.0294286,1.0294286,1.0294286,1.029824,-7.373467741935445e-05,-7.930501564722699e-05
batch1,0,1150.0,1190.0,1.0298998,1.0298998,1.0298998,1.0295745,-7.39911290322598e-05,-8.002401422474949e-05
batch1,0,1151.0,1190.0,1.0293539,1.0293539,1.0293539,1.0295745,-7.132391129031371e-05,-7.986283072546539e-05
batch1,0,1152.0,1190.0,1.0295745,1.0295745,1.0295745,1.0295745,-6.898891129032502e-05,-7.98836130867674e-05
batch1,0,1153.0,1190.0,1.0293983,1.0293983,1.0293983,1.029492,-7.04371370967736e-05,
batch1,0,1154.0,1190.0,1.0291622,1.0291622,1.0291622,1.0294286,-7.239278225806116e-05,
batch1,0,1155.0,1190.0,1.029492,1.029492,1.029492,1.0293983,-7.582479838708791e-05,
batch1,0,1156.0,1190.0,1.0296541,1.0296541,1.0296541,1.0293539,-7.607866935484096e-05,
batch1,0,1157.0,1190.0,1.0298069,1.0298069,1.0298069,1.0291622,-7.545302419354122e-05,
batch1,0,1158.0,1190.0,1.0290333,1.0290333,1.0290333,1.02912,-7.324415322580029e-05,
batch1,0,1159.0,1190.0,1.02912,1.02912,1.02912,1.0290465,-7.580516129031433e-05,
batch1,0,1160.0,1190.0,1.028875,1.028875,1.028875,1.0290333,-7.457463709678111e-05,
batch1,0,1161.0,1190.0,1.0289192,1.0289192,1.0289192,1.0289677,-7.6188951612897e-05,
batch1,0,1162.0,1190.0,1.0289623,1.0289623,1.0289623,1.0289623,-8.030653225806985e-05,
batch1,0,1163.0,1190.0,1.0289677,1.0289677,1.0289677,1.0289192,-8.071576612902985e-05,
batch1,0,1164.0,1190.0,1.0290465,1.0290465,1.0290465,1.028875,-7.87894758064501e-05,
batch1,0,1165.0,1190.0,1.0288138,1.0288138,1.0288138,1.0288138,-8.486846774192863e-05,
batch1,0,1166.0,1190.0,1.0284739,1.0284739,1.0284739,1.0284739,-8.441685483871416e-05,
batch1,0,1167.0,1190.0,1.02823,1.02823,1.02823,1.0284221,-8.79529435483864e-05,
batch1,0,1168.0,1190.0,1.0283465,1.0283465,1.0283465,1.0283465,-9.203778225806803e-05,
batch1,0,1169.0,1190.0,1.0281203,1.0281203,1.0281203,1.0283017,-9.380673387096862e-05,
batch1,0,1170.0,1190.0,1.0277567,1.0277567,1.0277567,1.02823,-9.86279838709595e-05,
batch1,0,1171.0,1190.0,1.0280869,1.0280869,1.0280869,1.0281203,-9.885770161290996e-05,
batch1,0,1172.0,1190.0,1.0284221,1.0284221,1.0284221,1.0280869,-9.813395161290114e-05,
batch1,0,1173.0,1190.0,1.0283017,1.0283017,1.0283017,1.0279707,-9.407419354838203e-05,
batch1,0,1174.0,1190.0,1.0277656,1.0277656,1.0277656,1.0278769,-9.65678629032261e-05,
batch1,0,1175.0,1190.0,1.0279707,1.0279707,1.0279707,1.0277656,,
batch1,0,1176.0,1190.0,1.0278769,1.0278769,1.0278769,1.0277656,,
batch1,0,1177.0,1190.0,1.0271217,1.0271217,1.0271217,1.0275092,,
batch1,0,1178.0,1190.0,1.0272592,1.0272592,1.0272592,1.0272599,,
batch1,0,1179.0,1190.0,1.0275092,1.0275092,1.0275092,1.0272592,,
batch1,0,1180.0,1190.0,1.0268544,1.0268544,1.0268544,1.0271217,,
batch1,0,1181.0,1190.0,1.0272599,1.0272599,1.0272599,1.0270069,,
batch1,0,1182.0,1190.0,1.0270069,1.0270069,1.0270069,1.0268919,,
batch1,0,1183.0,1190.0,1.0265244,1.0265244,1.0265244,1.0268544,,
batch1,0,1184.0,1190.0,1.0268919,1.0268919,1.0268919,1.0267,,
batch1,0,1185.0,1190.0,1.026472,1.026472,1.026472,,,
batch1,0,1186.0,1190.0,1.0267,1.0267,1.0267,,,
batch1,0,1187.0,1190.0,1.0264986,1.0264986,1.0264986,,,
batch1,0,1188.0,1190.0,1.0266768,1.0266768,1.0266768,,,
batch1,0,1189.0,1190.0,1.0262098,1.0262098,1.0262098,,,
batch1,18,10.0,691.0,1.0695512,1.0695512,1.0695512,,,
batch1,18,11.0,691.0,1.0683745,1.0683745,1.0683745,,,
batch1,18,12.0,691.0,1.069784,1.069784,1.069784,,,
batch1,18,13.0,691.0,1.0698236,1.0698236,1.0698236,,,
batch1,18,14.0,691.0,1.0698264,1.0698264,1.0698264,,,
batch1,18,15.0,691.0,1.0697458,1.0697458,1.0697458,1.0698264,,
batch1,18,16.0,691.0,1.0699476,1.0699476,1.0699476,1.0699476,,
batch1,18,17.0,691.0,1.0700938,1.0700938,1.0700938,1.0700632,,
batch1,18,18.0,691.0,1.0700723,1.0700723,1.0700723,1.0700723,,
batch1,18,19.0,691.0,1.0701458,1.0701458,1.0701458,1.0700723,,
batch1,18,20.0,691.0,1.0700632,1.0700632,1.0700632,1.0700723,,
batch1,18,21.0,691.0,1.0701082,1.0701082,1.0701082,1.0700723,,
batch1,18,22.0,691.0,1.0701121,1.0701121,1.0701121,1.0700723,,
batch1,18,23.0,691.0,1.0700816,1.0700816,1.0700816,1.0700632,,
batch1,18,24.0,691.0,1.0700165,1.0700165,1.0700165,1.0700165,,
batch1,18,25.0,691.0,1.0699893,1.0699893,1.0699893,1.0699893,,
batch1,18,26.0,691.0,1.0699711,1.0699711,1.0699711,1.0699711,,
batch1,18,27.0,691.0,1.0699532,1.0699532,1.0699532,1.0699532,,
batch1,18,28.0,691.0,1.0698727,1.0698727,1.0698727,1.0698727,,
batch1,18,29.0,691.0,1.0696832,1.0696832,1.0696832,1.0698689,,
batch1,18,30.0,691.0,1.0698504,1.0698504,1.0698504,1.0698504,,
batch1,18,31.0,691.0,1.0698689,1.0698689,1.0698689,1.0698024,,
batch1,18,32.0,691.0,1.0697455,1.0697455,1.0697455,1.0697455,,
batch1,18,33.0,691.0,1.0698024,1.0698024,1.0698024,1.0697377,,
batch1,18,34.0,691.0,1.0697377,1.0697377,1.0697377,1.0696832,,
batch1,18,35.0,691.0,1.0696578,1.0696578,1.0696578,,,
batch1,18,36.0,691.0,1.0696011,1.0696011,1.0696011,,,
batch1,18,37.0,691.0,1.069602,1.069602,1.069602,,,
batch1,18,38.0,691.0,1.0695733,1.0695733,1.0695733,,,
batch1,18,39.0,691.0,1.0694541,1.0694541,1.0694541,,,
batch1,18,40.0,691.0,2.8840845,2.8840845,,,,
batch1,18,41.0,691.0,1.0694818,1.0694818,1.0694818,,,
batch1,18,42.0,691.0,1.0694627,1.0694627,1.0694627,,,
batch1,18,43.0,691.0,1.0694138,1.0694138,1.0694138,,,
batch1,18,44.0,691.0,1.0692772,1.0692772,1.0692772,,,
batch1,18,45.0,691.0,1.0692852,1.0692852,1.0692852,,,
batch1,18,46.0,691.0,1.06911,1.06911,1.06911,1.06911,,
batch1,18,47.0,691.0,1.0690894,1.0690894,1.0690894,1.0690894,,
batch1,18,48.0,691.0,1.0690513,1.0690513,1.0690513,1.0690513,,
batch1,18,49.0,691.0,1.0689088,1.0689088,1.0689088,1.0689219,,
batch1,18,50.0,691.0,1.0689219,1.0689219,1.0689219,1.0689219,,
batch1,18,51.0,691.0,1.0688115,1.0688115,1.0688115,1.0689219,,
batch1,18,52.0,691.0,1.0687654,1.0687654,1.0687654,1.0689219,,
batch1,18,53.0,691.0,1.0675288,1.0675288,1.0675288,1.0689088,,
batch1,18,54.0,691.0,1.0688134,1.0688134,1.0688134,1.0688134,,
batch1,18,55.0,691.0,1.0689895,1.0689895,1.0689895,1.0688115,,
batch1,18,56.0,691.0,1.0690435,1.0690435,1.0690435,1.0687654,-6.592927419352947e-05,
batch1,18,57.0,691.0,1.0690312,1.0690312,1.0690312,1.0685651,-6.717133064516684e-05,
batch1,18,58.0,691.0,1.0685651,1.0685651,1.0685651,1.0683942,-6.810653225805516e-05,
batch1,18,59.0,691.0,1.0683942,1.0683942,1.0683942,1.0683942,-6.901145161289935e-05,
batch1,18,60.0,691.0,1.0682666,1.0682666,1.0682666,1.0682666,-7.039052419355116e-05,
batch1,18,61.0,691.0,1.0682377,1.0682377,1.0682377,1.0682377,-7.167185483871029e-05,
batch1,18,62.0,691.0,1.0681961,1.0681961,1.0681961,1.0681961,-7.332608870967959e-05,
batch1,18,63.0,691.0,1.068053,1.068053,1.068053,1.068053,-7.51184677419413e-05,
batch1,18,64.0,691.0,1.0680323,1.0680323,1.0680323,1.0680323,-7.650814516129652e-05,
batch1,18,65.0,691.0,1.0679131,1.0679131,1.0679131,1.0679131,-7.850806451613343e-05,
batch1,18,66.0,691.0,1.0678315,1.0678315,1.0678315,1.0678315,-8.001504032258162e-05,
batch1,18,67.0,691.0,1.0677707,1.0677707,1.0677707,1.0677707,-8.19858870967749e-05,
batch1,18,68.0,691.0,1.0676849,1.0676849,1.0676849,1.0676849,-8.426512096773565e-05,
batch1,18,69.0,691.0,1.0675687,1.0675687,1.0675687,1.0675687,-9.36720161290339e-05,
batch1,18,70.0,691.0,1.0674714,1.0674714,1.0674714,1.0674714,-9.405762096773841e-05,
batch1,18,71.0,691.0,1.0673964,1.0673964,1.0673964,1.0673964,-9.416374999999679e-05,
batch1,18,72.0,691.0,1.0673052,1.0673052,1.0673052,1.0673052,-9.296733870966911e-05,
batch1,18,73.0,691.0,1.0672312,1.0672312,1.0672312,1.0672312,-9.071846774192277e-05,
batch1,18,74.0,691.0,1.0671396,1.0671396,1.0671396,1.0671396,-9.112056451612793e-05,
batch1,18,75.0,691.0,1.0670553,1.0670553,1.0670553,1.0670553,-9.215048387096897e-05,
batch1,18,76.0,691.0,1.0669148,1.0669148,1.0669148,1.0669148,-9.258044354838633e-05,
batch1,18,77.0,691.0,1.066882,1.066882,1.066882,1.066882,-9.31696774193554e-05,
batch1,18,78.0,691.0,1.0667326,1.0667326,1.0667326,1.0667326,-9.405157258064311e-05,-9.181892176386514e-05
batch1,18,79.0,691.0,1.0666827,1.0666827,1.0666827,1.0666827,-9.534350806452768e-05,-9.262097866287839e-05
batch1,18,80.0,691.0,1.0665759,1.0665759,1.0665759,1.0665759,-0.00010332794354839407,-9.33746401137979e-05
batch1,18,81.0,691.0,1.0664879,1.0664879,1.0664879,1.0664879,-0.00010427350806451317,-9.412261450925531e-05
batch1,18,82.0,691.0,1.0663667,1.0663667,1.0663667,1.0663667,-0.00010444508064515904,-9.505753627311498e-05
batch1,18,83.0,691.0,1.0662019,1.0662019,1.0662019,1.0662024,-0.00010466645161289918,-9.588890469417083e-05
batch1,18,84.0,691.0,1.0661716,1.0661716,1.0661716,1.0662019,-0.00010474294354838602,-9.690825320056941e-05
batch1,18,85.0,691.0,1.0662024,1.0662024,1.0662024,1.0661716,-0.0001048378629032173,-9.776368705547732e-05
batch1,18,86.0,691.0,1.0658867,1.0658867,1.0658867,1.0658867,-0.00010509931451613402,-9.861847510668144e-05
batch1,18,87.0,691.0,1.0658376,1.0658376,1.0658376,1.0658376,-0.00010507165322580412,-9.950316927453849e-05
batch1,18,88.0,691.0,1.065811,1.065811,1.065811,1.065811,-0.00010489189516129316,-0.00010037161024181611
batch1,18,89.0,691.0,1.0656552,1.0656552,1.0656552,1.0656552,-0.00010493951612903048,-0.00010122264011380082
batch1,18,90.0,691.0,1.0655397,1.0655397,1.0655397,1.0655847,-0.00010488334677419466,-0.00010206454338548865
batch1,18,91.0,691.0,1.0655847,1.0655847,1.0655847,1.0655397,-0.00010497661290323078,-0.00010415498150782058
batch1,18,92.0,691.0,1.0654104,1.0654104,1.0654104,1.0654104,-0.00010485330645162085,-0.00010486566145092219
batch1,18,93.0,691.0,1.0652179,1.0652179,1.0652179,1.0652179,-0.00010420294354838873,-0.00010532647795162953
batch1,18,94.0,691.0,1.0651042,1.0651042,1.0651042,1.0651042,-0.00010451584677419595,-0.00010567584068279171
batch1,18,95.0,691.0,1.0638232,1.0638232,1.0638232,1.0648432,-0.00010458052419355538,-0.00010597025035561828
batch1,18,96.0,691.0,1.0648335,1.0648335,1.0648335,1.0648335,-0.00010517540322581501,-0.00010648493598862239
batch1,18,97.0,691.0,1.0648432,1.0648432,1.0648432,1.0647006,-0.00010581116935482898,-0.00010716948790896805
batch1,18,98.0,691.0,1.0647006,1.0647006,1.0647006,1.0646114,-0.00010671032258064449,-0.00010793991749644663
batch1,18,99.0,691.0,1.0646114,1.0646114,1.0646114,1.0645274,-0.0001067483467741978,-0.00010859914651493902
batch1,18,100.0,691.0,1.0645274,1.0645274,1.0645274,1.0644009,-0.00010672310483871613,-0.00011052876529161199
batch1,18,101.0,691.0,1.0644009,1.0644009,1.0644009,1.0644009,-0.00010572495967742372,-0.00011102971550497964
batch1,18,102.0,691.0,1.064324,1.064324,1.064324,1.064324,-0.00010607387096774172,-0.00011173328591749858
batch1,18,103.0,691.0,1.0642416,1.0642416,1.0642416,1.0642416,-0.00010620637096774335,-0.00011236760455192071
batch1,18,104.0,691.0,1.0640787,1.0640787,1.0640787,1.0640787,-0.0001065202419354822,-0.00011308398862019943
batch1,18,105.0,691.0,1.0639834,1.0639834,1.0639834,1.0639834,-0.0001070127016129049,-0.00011370277382645843
batch1,18,106.0,691.0,1.0638382,1.0638382,1.0638382,1.0638382,-0.00010800125000000259,-0.00011439472830725737
batch1,18,107.0,691.0,1.0638094,1.0638094,1.0638094,1.0638094,-0.00010736096774193017,-0.00011503064295874937
batch1,18,108.0,691.0,1.0637245,1.0637245,1.0637245,1.0637245,-0.00010731084677419911,-0.00011550516073968355
batch1,18,109.0,691.0,1.0635141,1.0635141,1.0635141,1.0635141,-0.00010752278225806637,-0.00011607620768136709
batch1,18,110.0,691.0,1.0633938,1.0633938,1.0633938,1.0633938,-0.00010822544354838993,-0.0001166306401137976
batch1,18,111.0,691.0,1.0632008,1.0632008,1.0632008,1.0632008,-0.00011617798387097296,-0.0001172571749644329
batch1,18,112.0,691.0,1.0630629,1.0630629,1.0630629,1.0630629,-0.000117526693548381,-0.00011781842105263085
batch1,18,113.0,691.0,1.0629203,1.0629203,1.0629203,1.0630087,-0.0001181093145161237,-0.00011833267994310162
batch1,18,114.0,691.0,1.0630087,1.0630087,1.0630087,1.0629203,-0.00011923358870967967,-0.00011900146799431155
batch1,18,115.0,691.0,1.0628386,1.0628386,1.0628386,1.0628386,-0.0001203860483870849,-0.00011965678520625574
batch1,18,116.0,691.0,1.0627444,1.0627444,1.0627444,1.0627444,-0.00012159790322581082,-0.00012029137126600117
batch1,18,117.0,691.0,1.0626279,1.0626279,1.0626279,1.0626279,-0.00012305842741936387,-0.00012088608819345698
batch1,18,118.0,691.0,1.0624988,1.0624988,1.0624988,1.0624988,-0.00012322072580645135,-0.00012156477098151019
batch1,18,119.0,691.0,1.0622746,1.0622746,1.0622746,1.0622746,-0.00012362887096774267,-0.00012202253485063624
batch1,18,120.0,691.0,1.0621755,1.0621755,1.0621755,1.0621755,-0.00012454564516128499,-0.00012252462588904916
batch1,18,121.0,691.0,1.0619847,1.0619847,1.0619847,1.0619847,-0.00012502048387095992,-0.00012334480796586045
batch1,18,122.0,691.0,1.061969,1.061969,1.061969,1.061969,-0.00013324907258064418,-0.00012389707254623528
batch1,18,123.0,691.0,1.0618163,1.0618163,1.0618163,1.0618163,-0.00013206145161290272,-0.00012433731152204598
batch1,18,124.0,691.0,1.0617387,1.0617387,1.0617387,1.0617387,-0.00013224096774193462,-0.0001249503783783762
batch1,18,125.0,691.0,1.0615469,1.0615469,1.0615469,1.0615469,-0.00013236096774193491,-0.00012552128307255053
batch1,18,126.0,691.0,1.0614775,1.0614775,1.0614775,1.0614775,-0.0001329991935483908,-0.00012603479658605978
batch1,18,127.0,691.0,1.0613353,1.0613353,1.0613353,1.0613353,-0.00013370415322580371,-0.0001265698776671423
batch1,18,128.0,691.0,1.0612184,1.0612184,1.0612184,1.0612184,-0.00013499653225807387,-0.0001275090270270258
batch1,18,129.0,691.0,1.0610393,1.0610393,1.0610393,1.0610393,-0.0001359664919354901,-0.0001279614310099603
batch1,18,130.0,691.0,1.0608857,1.0608857,1.0608857,1.0608857,-0.00013465987903225863,-0.00012841222190612293
batch1,18,131.0,691.0,1.0607171,1.0607171,1.0607171,1.0607171,-0.0001343187903225745,-0.00012891390042674757
batch1,18,132.0,691.0,1.0605569,1.0605569,1.0605569,1.0605973,-0.00013370100806452272,-0.0001293088563300129
batch1,18,133.0,691.0,1.0605973,1.0605973,1.0605973,1.0605569,-0.00013356064516129254,-0.00013144786628733609
batch1,18,134.0,691.0,1.0603961,1.0603961,1.0603961,1.0603961,-0.00013306100806451818,-0.0001317496102418224
batch1,18,135.0,691.0,1.0602294,1.0602294,1.0602294,1.0602294,-0.0001329837903225725,-0.00013194728876244895
batch1,18,136.0,691.0,1.0601475,1.0601475,1.0601475,1.0601475,-0.00013338197580645847,-0.00013243788620199217
batch1,18,137.0,691.0,1.0587647,1.0587647,1.0587647,1.060014,-0.00013451032258065241,-0.0001329222446657153
batch1,18,138.0,691.0,1.060014,1.060014,1.060014,1.0596255,-0.00013449826612903557,-0.00013346297297297085
batch1,18,139.0,691.0,1.0596255,1.0596255,1.0596255,1.0595865,-0.0001347025806451667,-0.0001337803015647238
batch1,18,140.0,691.0,1.0595865,1.0595865,1.0595865,1.0593673,-0.00013501350806452173,-0.00013431036984352476
batch1,18,141.0,691.0,1.0593673,1.0593673,1.0593673,1.0592937,-0.00013449495967742182,-0.0001342868108108107
batch1,18,142.0,691.0,1.0592937,1.0592937,1.0592937,1.0590832,-0.00013375056451612633,-0.00013528144523470583
batch1,18,143.0,691.0,1.0590832,1.0590832,1.0590832,1.0590832,-0.00013452153225806623,-0.00013509362731152085
batch1,18,144.0,691.0,1.0590233,1.0590233,1.0590233,1.0590456,-0.00013405262096775154,-0.0001349147311522087
batch1,18,145.0,691.0,1.0590456,1.0590456,1.0590456,1.0590233,-0.00013407084677419083,-0.00013485097581792077
batch1,18,146.0,691.0,1.0588032,1.0588032,1.0588032,1.0588032,-0.00013393141129032317,-0.00013455424182077047
batch1,18,147.0,691.0,1.0586804,1.0586804,1.0586804,1.0586804,-0.000134139395161295,-0.00013446773826458224
batch1,18,148.0,691.0,1.0584548,1.0584548,1.0584548,1.0584548,-0.0001347147983871014,-0.00013458010810811168
batch1,18,149.0,691.0,1.0583737,1.0583737,1.0583737,1.0583737,-0.0001340339919354921,-0.0001348119203413932
batch1,18,150.0,691.0,1.058268,1.058268,1.058268,1.058268,-0.00013603419354839226,-0.00013505365576102268
batch1,18,151.0,691.0,1.058028,1.058028,1.058028,1.058028,-0.000136308790322584,-0.00013536528591749893
batch1,18,152.0,691.0,1.0578343,1.0578343,1.0578343,1.0578343,-0.000135846612903229,-0.0001354932546230472
batch1,18,153.0,691.0,1.0577629,1.0577629,1.0577629,1.0577629,-0.00014321395161290227,-0.00013564795448079738
batch1,18,154.0,691.0,1.0576096,1.0576096,1.0576096,1.0576096,-0.0001415128629032243,-0.00013599127453769717
batch1,18,155.0,691.0,1.0573943,1.0573943,1.0573943,1.0574464,-0.00014416125000000132,-0.00013603359886201554
batch1,18,156.0,691.0,1.0574464,1.0574464,1.0574464,1.0573943,-0.0001423633467741948,-0.00013607061450924703
batch1,18,157.0,691.0,1.0572844,1.0572844,1.0572844,1.0572844,-0.00014131862903225598,-0.0001363779061166448
batch1,18,158.0,691.0,1.056906,1.056906,1.056906,1.0569404,-0.00014147350806451565,-0.00013647524324324282
batch1,18,159.0,691.0,1.0569404,1.0569404,1.0569404,1.056906,-0.00014223709677418873,-0.000136556162162161
batch1,18,160.0,691.0,1.0567657,1.0567657,1.0567657,1.0567657,-0.00014306028225806314,-0.00013636349644381381
batch1,18,161.0,691.0,1.0566707,1.0566707,1.0566707,1.0566707,-0.0001414957258064548,-0.00013607338264580532
batch1,18,162.0,691.0,1.0565121,1.0565121,1.0565121,1.0565121,-0.00014205298387097144,-0.00013562223613086615
batch1,18,163.0,691.0,1.0563419,1.0563419,1.0563419,1.0563419,-0.00013951499999999663,-0.00013526176671408344
batch1,18,164.0,691.0,1.0562255,1.0562255,1.0562255,1.0562255,-0.00014319358870967588,-0.0001350483470839214
batch1,18,165.0,691.0,1.0557054,1.0557054,1.0557054,1.0558558,-0.0001397414112903175,-0.00013489798008534777
batch1,18,166.0,691.0,1.0558558,1.0558558,1.0558558,1.0557734,-0.0001360941935483879,-0.00013478330014224992
batch1,18,167.0,691.0,1.0557734,1.0557734,1.0557734,1.0557054,-0.00013444254032258927,-0.00013479646657183698
batch1,18,168.0,691.0,1.0556623,1.0556623,1.0556623,1.0556623,-0.00013215024193549517,-0.00013486376386913056
batch1,18,169.0,691.0,1.0556222,1.0556222,1.0556222,1.0556222,-0.0001302698790322565,-0.00014088101849217904
batch1,18,170.0,691.0,1.0550247,1.0550247,1.0550247,1.0554947,-0.0001297597580645146,-0.00014063879089615532
batch1,18,171.0,691.0,1.0554947,1.0554947,1.0554947,1.0553312,-0.00013007528225807106,-0.00013974190327169307
batch1,18,172.0,691.0,1.0553312,1.0553312,1.0553312,1.0550247,-0.0001292154435483841,-0.00013883099004267528
batch1,18,173.0,691.0,1.0549423,1.0549423,1.0549423,1.0549423,-0.00012880072580644827,-0.0001379334452347097
batch1,18,174.0,691.0,1.0547761,1.0547761,1.0547761,1.0547761,-0.000130202137096777,-0.0001369219914651488
batch1,18,175.0,691.0,1.054543,1.054543,1.054543,1.0546153,-0.00013048205645161635,-0.00013736800568990042
batch1,18,176.0,691.0,1.0546153,1.0546153,1.0546153,1.0545654,-0.00013231891129032876,-0.00013671353627311349
batch1,18,177.0,691.0,1.0542277,1.0542277,1.0542277,1.054543,-0.00013221580645161334,-0.00013647613655760681
batch1,18,178.0,691.0,1.0545654,1.0545654,1.0545654,1.0544393,-0.00013225245967741708,-0.00013624009672830886
batch1,18,179.0,691.0,1.0535039,1.0535039,1.0535039,1.054322,-0.00013350600806451567,-0.0001359906856330064
batch1,18,180.0,691.0,1.0544393,1.0544393,1.0544393,1.0542277,-0.00013360633064516542,-0.0001356419146514963
batch1,18,181.0,691.0,1.054322,1.054322,1.054322,1.054028,-0.00013573645161289564,-0.000135476426742533
batch1,18,182.0,691.0,1.053985,1.053985,1.053985,1.053985,-0.00013534374999999845,-0.0001352111322901838
batch1,18,183.0,691.0,1.054028,1.054028,1.054028,1.0537823,-0.00013402891129032113,-0.00013476647226173265
batch1,18,184.0,691.0,1.0537823,1.0537823,1.0537823,1.0535039,-0.00013208116935484426,-0.00013443780938833714
batch1,18,185.0,691.0,1.0534539,1.0534539,1.0534539,1.0534539,-0.00012980298387096754,-0.00013403779516358292
batch1,18,186.0,691.0,1.05327,1.05327,1.05327,1.05327,-0.00013182209677419356,-0.00013382555049786681
batch1,18,187.0,691.0,1.0531338,1.0531338,1.0531338,1.0531338,-0.00013046592741936273,-0.00013359906685632924
batch1,18,188.0,691.0,1.0529455,1.0529455,1.0529455,1.0529455,-0.00012956387096774895,-0.00013307691038406751
batch1,18,189.0,691.0,1.0527596,1.0527596,1.0527596,1.0527596,-0.00013071495967741434,-0.0001328145633001398
batch1,18,190.0,691.0,1.0526319,1.0526319,1.0526319,1.0526319,-0.00013229350806451937,-0.0001321804295874807
batch1,18,191.0,691.0,1.0522736,1.0522736,1.0522736,1.0523962,-0.00016851608870967146,-0.00013153333997154864
batch1,18,192.0,691.0,1.0523962,1.0523962,1.0523962,1.0522736,-0.00016599564516129009,-0.0001310809189189167
batch1,18,193.0,691.0,1.0522573,1.0522573,1.0522573,1.0522573,-0.0001624574999999978,-0.0001308058918918926
batch1,18,194.0,691.0,1.051954,1.051954,1.051954,1.0519763,-0.00015563967741934797,-0.00013038281650070636
batch1,18,195.0,691.0,1.0519763,1.0519763,1.0519763,1.051954,-0.00015476145161290197,-0.00012994522332859253
batch1,18,196.0,691.0,1.0519122,1.0519122,1.0519122,1.051916,-0.00014711161290321842,-0.00012977864011379695
batch1,18,197.0,691.0,1.051916,1.051916,1.051916,1.0519122,-0.00014002362903226223,-0.00012919246088193798
batch1,18,198.0,691.0,1.0518937,1.0518937,1.0518937,1.0518937,-0.0001363353629032215,-0.00012886092460881666
batch1,18,199.0,691.0,1.0518582,1.0518582,1.0518582,1.0518582,-0.00013237024193548497,-0.00012869078520625767
batch1,18,200.0,691.0,1.051702,1.051702,1.051702,1.051702,-0.000129627822580646,-0.00012812563300142085
batch1,18,201.0,691.0,1.0513675,1.0513675,1.0513675,1.0513675,-0.0001274751612903163,-0.00012752242958748034
batch1,18,202.0,691.0,1.0511804,1.0511804,1.0511804,1.0511804,-0.00012547826612903205,-0.00012682004836415693
batch1,18,203.0,691.0,1.0509921,1.0509921,1.0509921,1.0509921,-0.00012414141129032485,-0.00012657028733996975
batch1,18,204.0,691.0,1.0507782,1.0507782,1.0507782,1.0508418,-0.00012307552419354642,-0.000126201442389761
batch1,18,205.0,691.0,1.0506072,1.0506072,1.0506072,1.0507981,-0.00012235741935483595,-0.00012599931721195046
batch1,18,206.0,691.0,1.0448501,1.0448501,1.0448501,1.0507782,-0.00012171330645161642,-0.00012579369843527857
batch1,18,207.0,691.0,1.0505323,1.0505323,1.0505323,1.0506972,-0.0001222764112903235,-0.00012538697297296894
batch1,18,208.0,691.0,1.0508418,1.0508418,1.0508418,1.0506319,-0.00012189995967741328,-0.0001254064182076825
batch1,18,209.0,691.0,1.0507981,1.0507981,1.0507981,1.0506072,-0.00012186927419354338,-0.0001248004950213407
batch1,18,210.0,691.0,1.0506972,1.0506972,1.0506972,1.0505323,-0.00012147596774193155,-0.00012423807396870503
batch1,18,211.0,691.0,1.0506319,1.0506319,1.0506319,1.0504103,-0.0001211096370967695,-0.0001241178805120928
batch1,18,212.0,691.0,1.0504103,1.0504103,1.0504103,1.0504103,-0.00011787362903225494,-0.0001239087681365564
batch1,18,213.0,691.0,1.0499469,1.0499469,1.0499469,1.0499469,-0.00011421354838709456,-0.00012378647795163852
batch1,18,214.0,691.0,1.0496776,1.0496776,1.0496776,1.0496776,-0.00011092802419355713,-0.00012327844665718476
batch1,18,215.0,691.0,1.0494475,1.0494475,1.0494475,1.0494475,-0.00010753318548387331,-0.00012360493883357314
batch1,18,216.0,691.0,1.0494113,1.0494113,1.0494113,1.0494113,-0.00010452770161290232,-0.0001231259146514954
batch1,18,217.0,691.0,1.0493122,1.0493122,1.0493122,1.0493122,-0.00010252879032257806,-0.00012383407681365753
batch1,18,218.0,691.0,1.0490845,1.0490845,1.0490845,1.0490845,-0.00010096919354839267,-0.00012288568136557677
batch1,18,219.0,691.0,1.0489706,1.0489706,1.0489706,1.0489706,-9.843395161289795e-05,-0.00012174729445234743
batch1,18,220.0,691.0,1.0488464,1.0488464,1.0488464,1.0488464,-9.776991935484287e-05,-0.00012096747368420962
batch1,18,221.0,691.0,1.0487095,1.0487095,1.0487095,1.0487095,-9.864056451613165e-05,-0.00012027852631578635
batch1,18,222.0,691.0,1.0486306,1.0486306,1.0486306,1.0486306,-0.00013347040322580808,-0.00011990991180654751
batch1,18,223.0,691.0,1.0484123,1.0484123,1.0484123,1.0484123,-0.0001327968951612919,-0.00011963787766714196
batch1,18,224.0,691.0,1.0482377,1.0482377,1.0482377,1.0483683,-0.00012893576612902824,-0.00011924034139402308
batch1,18,225.0,691.0,1.0483532,1.0483532,1.0483532,1.0483532,-0.0001246754838709658,-0.0001189094623044094
batch1,18,226.0,691.0,1.0480849,1.0480849,1.0480849,1.0482377,-0.00012116266129032558,-0.00011832416216216335
batch1,18,227.0,691.0,1.0483683,1.0483683,1.0483683,1.0481981,-0.00011836145161291059,-0.00011771378378378506
batch1,18,228.0,691.0,1.0481981,1.0481981,1.0481981,1.0480849,-0.0001160586693548388,-0.0001172156130867752
batch1,18,229.0,691.0,1.0479121,1.0479121,1.0479121,1.0479121,-0.000115157217741933,-0.00011763052631578842
batch1,18,230.0,691.0,1.0477026,1.0477026,1.0477026,1.0477026,-0.000114720443548393,-0.00011685527453769616
batch1,18,231.0,691.0,1.0475278,1.0475278,1.0475278,1.0475278,-0.00011508334677419596,-0.0001162411834992894
batch1,18,232.0,691.0,1.0474399,1.0474399,1.0474399,1.0474399,-0.00011504080645160302,-0.00011593102133712907
batch1,18,233.0,691.0,1.047305,1.047305,1.047305,1.0474088,-0.0001158452822580641,-0.00011558379231863322
batch1,18,234.0,691.0,1.0474088,1.0474088,1.0474088,1.047305,-0.00011656701612903497,-0.0001154561024182089
batch1,18,235.0,691.0,1.0470887,1.0470887,1.0470887,1.0470887,-0.00011713028225806956,-0.00011510592603129464
batch1,18,236.0,691.0,1.0467714,1.0467714,1.0467714,1.047042,-0.0001167682258064479,-0.000114640648648652
batch1,18,237.0,691.0,1.047042,1.047042,1.047042,1.046997,-0.00011978987903226235,-0.00011424680796585594
batch1,18,238.0,691.0,1.046997,1.046997,1.046997,1.0469582,-0.00012074028225807019,-0.00011374301849217543
batch1,18,239.0,691.0,1.0469582,1.0469582,1.0469582,1.0468119,-0.0001234030241935458,-0.00011368563015646987
batch1,18,240.0,691.0,1.0468119,1.0468119,1.0468119,1.0467714,-0.00012340342741935044,-0.00011342783783783941
batch1,18,241.0,691.0,1.0465302,1.0465302,1.0465302,1.0465302,-0.00012107012096774681,-0.00011359552204836673
batch1,18,242.0,691.0,1.0462044,1.0462044,1.0462044,1.0462044,-0.000120611572580649,-0.00011353970981507889
batch1,18,243.0,691.0,1.0460632,1.0460632,1.0460632,1.0460632,-0.00011928491935483841,-0.00011383776671408045
batch1,18,244.0,691.0,1.046036,1.046036,1.046036,1.046036,-0.00011934350806451683,-0.0001198912176386937
batch1,18,245.0,691.0,1.0459857,1.0459857,1.0459857,1.0459857,-0.00011968862903225408,-0.00011977867425320171
batch1,18,246.0,691.0,1.0458528,1.0458528,1.0458528,1.0458528,-0.00011950592741935281,-0.00011904203698435223
batch1,18,247.0,691.0,1.0457188,1.0457188,1.0457188,1.0457188,-0.0001200394354838847,-0.00011843635561877405
batch1,18,248.0,691.0,1.0454383,1.0454383,1.0454383,1.0454383,-0.00011856725806451257,-0.00011786780085348738
batch1,18,249.0,691.0,1.0454366,1.0454366,1.0454366,1.0454366,-0.00011677479838709784,-0.00011702225889047333
batch1,18,250.0,691.0,1.0453411,1.0453411,1.0453411,1.0453846,-0.00011429084677419474,-0.00011647786913228938
batch1,18,251.0,691.0,1.0453846,1.0453846,1.0453846,1.0453411,-0.00011690673387096467,-0.00011604880512091006
batch1,18,252.0,691.0,1.0447404,1.0447404,1.0447404,1.0450213,-0.00011540068548386749,-0.00011577247510668589
batch1,18,253.0,691.0,1.0449024,1.0449024,1.0449024,1.0449761,-0.00011244995967741363,-0.00011589809103841146
batch1,18,254.0,691.0,1.0446036,1.0446036,1.0446036,1.0449024,-0.00010970060483870776,-0.00011567580369843141
batch1,18,255.0,691.0,1.0449761,1.0449761,1.0449761,1.0447754,-0.00010709435483871013,-0.0001155730924608811
batch1,18,256.0,691.0,1.0450213,1.0450213,1.0450213,1.0447404,-0.00010622983870968191,-0.0001151182162162164
batch1,18,257.0,691.0,1.0447754,1.0447754,1.0447754,1.0446036,-0.00010582036290322737,-0.00011472111806543277
batch1,18,258.0,691.0,1.044396,1.044396,1.044396,1.044396,-0.00010671080645160829,-0.00011409848079658616
batch1,18,259.0,691.0,1.0440837,1.0440837,1.0440837,1.0441377,-0.00010880072580644385,-0.00011373221906116678
batch1,18,260.0,691.0,1.0440671,1.0440671,1.0440671,1.0441215,-0.0001095468951612831,-0.00011387370981508023
batch1,18,261.0,691.0,1.0441215,1.0441215,1.0441215,1.0441144,-0.00011117556451613205,-0.00011348440398292872
batch1,18,262.0,691.0,1.0439508,1.0439508,1.0439508,1.0440837,-0.00011130520161290143,-0.00011324033854907482
batch1,18,263.0,691.0,1.0441377,1.0441377,1.0441377,1.0440671,-0.00011358665322580764,-0.00011290934850640266
batch1,18,264.0,691.0,1.0441144,1.0441144,1.0441144,1.0439508,-0.00011499205645161701,-0.00011289535419630127
batch1,18,265.0,691.0,1.0439053,1.0439053,1.0439053,1.0439287,-0.00011742899193548702,-0.00011335596301564816
batch1,18,266.0,691.0,1.04317,1.04317,1.04317,1.0439053,-0.00011771693548387837,-0.00011326489900426436
batch1,18,267.0,691.0,1.0439287,1.0439287,1.0439287,1.0436894,-0.00011666427419354589,-0.00011330752489331607
batch1,18,268.0,691.0,1.0436894,1.0436894,1.0436894,1.0434806,-0.00011807379032258397,-0.00011316656614509301
batch1,18,269.0,691.0,1.0434806,1.0434806,1.0434806,1.0432639,-0.00011920802419354727,-0.00011477941963015852
batch1,18,270.0,691.0,1.0432639,1.0432639,1.0432639,1.04317,-0.00012199520161290337,-0.00011448296443812034
batch1,18,271.0,691.0,1.0428857,1.0428857,1.0428857,1.0428857,-0.0001205804838709668,-0.0001148251180654339
batch1,18,272.0,691.0,1.0428492,1.0428492,1.0428492,1.0428492,-0.0001192837903225841,-0.0001144124210526307
batch1,18,273.0,691.0,1.0427364,1.0427364,1.0427364,1.0427364,-0.00011728479838709439,-0.00011455099573257335
batch1,18,274.0,691.0,1.0424575,1.0424575,1.0424575,1.0424683,-0.0001169160080645225,-0.00011456975533428021
batch1,18,275.0,691.0,1.0424683,1.0424683,1.0424683,1.0424575,-0.00011950350806450951,-0.00011450223044096618
batch1,18,276.0,691.0,1.0421382,1.0421382,1.0421382,1.0422713,-0.00012003294354838747,-0.00011435461735419975
batch1,18,277.0,691.0,1.0422713,1.0422713,1.0422713,1.0421382,-0.00012037370967741596,-0.00011408840967283035
batch1,18,278.0,691.0,1.0418197,1.0418197,1.0418197,1.0420038,-0.0001183718548387133,-0.0001140978065433874
batch1,18,279.0,691.0,1.0420038,1.0420038,1.0420038,1.0418197,-0.00011489387096774297,-0.00011431067709815088
batch1,18,280.0,691.0,1.0416061,1.0416061,1.0416061,1.0418079,-0.00010947177419354392,-0.00011535347083925874
batch1,18,281.0,691.0,1.0418079,1.0418079,1.0418079,1.0417852,-0.0001060120967741969,-0.00011564415931721042
batch1,18,282.0,691.0,1.0417476,1.0417476,1.0417476,1.0417476,-0.00010969979838709554,-0.00011536854907539055
batch1,18,283.0,691.0,1.0417852,1.0417852,1.0417852,1.0416061,-0.00010419713709678146,-0.00011516090469416784
batch1,18,284.0,691.0,1.0414609,1.0414609,1.0414609,1.0414609,-9.987528225807103e-05,-0.000115801334281651
batch1,18,285.0,691.0,1.0412769,1.0412769,1.0412769,1.0413525,-9.703145161290556e-05,-0.00011572558463726955
batch1,18,286.0,691.0,1.0413525,1.0413525,1.0413525,1.0412769,-9.569592741934733e-05,-0.00011566529160739344
batch1,18,287.0,691.0,1.0410432,1.0410432,1.0410432,1.0411564,-0.0001012264112903248,-0.00011513699573257619
batch1,18,288.0,691.0,1.0411564,1.0411564,1.0411564,1.0410503,-0.00010267048387095543,-0.00011523486486486113
batch1,18,289.0,691.0,1.0410503,1.0410503,1.0410503,1.0410432,-0.00010383129032257248,-0.0001144572972972966
batch1,18,290.0,691.0,1.0406716,1.0406716,1.0406716,1.0408894,-0.00010441294354839629,-0.00011499851493598781
batch1,18,291.0,691.0,1.0408021,1.0408021,1.0408021,1.0408491,-0.00011400879032257977,-0.00011517330298719976
batch1,18,292.0,691.0,1.0405576,1.0405576,1.0405576,1.0408021,-0.00011386580645161636,-0.00011528499857752602
batch1,18,293.0,691.0,1.0408894,1.0408894,1.0408894,1.04073,-0.00011585451612903756,-0.00011502189758179103
batch1,18,294.0,691.0,1.04073,1.04073,1.04073,1.0406716,-0.00011698173387096776,-0.00011456085917496287
batch1,18,295.0,691.0,1.0408491,1.0408491,1.0408491,1.0405576,-0.0001183062500000029,-0.00011431533428165079
batch1,18,296.0,691.0,1.04053,1.04053,1.04053,1.04053,-0.00011951431451612486,-0.00011418664011379681
batch1,18,297.0,691.0,1.0399076,1.0399076,1.0399076,1.0404003,-0.00012074068548386787,-0.00011395258605974503
batch1,18,298.0,691.0,1.0404003,1.0404003,1.0404003,1.0402251,-0.00012161471774194256,-0.0001138250440967285
batch1,18,299.0,691.0,1.0402251,1.0402251,1.0402251,1.0399725,-0.00012131125000000363,-0.00011346947083926144
batch1,18,300.0,691.0,1.0399725,1.0399725,1.0399725,1.0399076,-0.0001237199193548324,-0.0001132742702702678
batch1,18,301.0,691.0,1.0397204,1.0397204,1.0397204,1.0397204,-0.0001267022580645137,-0.00011301271977240378
batch1,18,302.0,691.0,1.0387524,1.0387524,1.0387524,1.0392665,-0.00013190100806451788,-0.00011257141963015586
batch1,18,303.0,691.0,1.0391914,1.0391914,1.0391914,1.0391914,-0.00013360491935483705,-0.00011208199715504847
batch1,18,304.0,691.0,1.0391147,1.0391147,1.0391147,1.0391864,-0.00013111092741934665,-0.00011147806543385589
batch1,18,305.0,691.0,1.0392665,1.0392665,1.0392665,1.0391147,-0.00012936451612903125,-0.00010997134566145015
batch1,18,306.0,691.0,1.0375519,1.0375519,1.0375519,1.0388676,-0.00013407165322581365,-0.0001082301308677095
batch1,18,307.0,691.0,1.0391864,1.0391864,1.0391864,1.0387524,-0.00013286794354838285,-0.00010770153627311296
batch1,18,308.0,691.0,1.0384952,1.0384952,1.0384952,1.0386478,-0.0001315285080645198,-0.00010708296159317015
batch1,18,309.0,691.0,1.0388676,1.0388676,1.0388676,1.0384952,-0.00012535229838709573,-0.00010745648933143692
batch1,18,310.0,691.0,1.0384418,1.0384418,1.0384418,1.0384418,-0.00012313258064516468,-0.0001065443926031299
batch1,18,311.0,691.0,1.0386478,1.0386478,1.0386478,1.0382323,-0.00011518580645160613,-0.0001062755448079691
batch1,18,312.0,691.0,1.0382323,1.0382323,1.0382323,1.0382323,-0.000112767258064512,-0.0001068376187766672
batch1,18,313.0,691.0,1.0381165,1.0381165,1.0381165,1.0381165,-0.000112987822580644,-0.00010618474537695819
batch1,18,314.0,691.0,1.038029,1.038029,1.038029,1.038029,-0.00010780149193547415,-0.00010468934850640116
batch1,18,315.0,691.0,1.0376761,1.0376761,1.0376761,1.0377668,-0.0001036820161290303,-0.00010315010526315922
batch1,18,316.0,691.0,1.0375252,1.0375252,1.0375252,1.0376761,-0.00010018516129032748,-0.00010150375817923318
batch1,18,317.0,691.0,1.036828,1.036828,1.036828,1.0375304,-9.796245967741982e-05,-9.963629302987145e-05
batch1,18,318.0,691.0,1.0374341,1.0374341,1.0374341,1.0375252,-0.00010025249999999821,-9.811402844950077e-05
batch1,18,319.0,691.0,1.0377668,1.0377668,1.0377668,1.0374696,-9.745673387096856e-05,-9.678830440967296e-05
batch1,18,320.0,691.0,1.0375304,1.0375304,1.0375304,1.0374341,-9.577572580645461e-05,-9.579560455192091e-05
batch1,18,321.0,691.0,1.0366327,1.0366327,1.0366327,1.0373125,-9.221177419354436e-05,-9.47864893314349e-05
batch1,18,322.0,691.0,1.0372015,1.0372015,1.0372015,1.0372447,-9.957375000000293e-05,-9.46976899004294e-05
batch1,18,323.0,691.0,1.0372447,1.0372447,1.0372447,1.0372447,-9.778931451613172e-05,-9.466164153627386e-05
batch1,18,324.0,691.0,1.0374696,1.0374696,1.0374696,1.0372015,-9.919322580645242e-05,-9.40669502133714e-05
batch1,18,325.0,691.0,1.0367575,1.0367575,1.0367575,1.0367575,-9.679080645161602e-05,-9.349040967283637e-05
batch1,18,326.0,691.0,1.0373125,1.0373125,1.0373125,1.0366327,-9.190310483871502e-05,-9.319584637268964e-05
batch1,18,327.0,691.0,1.0365031,1.0365031,1.0365031,1.0366009,-8.540862903225785e-05,-9.291900711237351e-05
batch1,18,328.0,691.0,1.0364622,1.0364622,1.0364622,1.0365031,-7.897116935484186e-05,-9.251883641536249e-05
batch1,18,329.0,691.0,1.0366009,1.0366009,1.0366009,1.0364622,-7.935060483872066e-05,-9.216366714082567e-05
batch1,18,330.0,691.0,1.0363581,1.0363581,1.0363581,1.0363581,-7.856967741935681e-05,-9.171359317211598e-05
batch1,18,331.0,691.0,1.0362668,1.0362668,1.0362668,1.0363188,-8.357403225806258e-05,-9.071645803698236e-05
batch1,18,332.0,691.0,1.036078,1.036078,1.036078,1.0362668,-8.199012096773922e-05,-9.014996586059634e-05
batch1,18,333.0,691.0,1.0361216,1.0361216,1.0361216,1.0361216,-8.82530645161279e-05,-8.935534850639879e-05
batch1,18,334.0,691.0,1.0363188,1.0363188,1.0363188,1.036078,-9.409653225807475e-05,-8.861311806543197e-05
batch1,18,335.0,691.0,1.0360248,1.0360248,1.0360248,1.0360248,-9.08656451612878e-05,-8.896387766714237e-05
batch1,18,336.0,691.0,1.0359682,1.0359682,1.0359682,1.0360248,-8.234088709678042e-05,-8.80000625889046e-05
batch1,18,337.0,691.0,1.0357708,1.0357708,1.0357708,1.0359682,-8.052048387096835e-05,-8.737539971550287e-05
batch1,18,338.0,691.0,1.0354208,1.0354208,1.0354208,1.0359682,-7.226745967742005e-05,-8.674140825035621e-05
batch1,18,339.0,691.0,1.0353799,1.0353799,1.0353799,1.0359242,-6.405528225806493e-05,-8.74766145092449e-05
batch1,18,340.0,691.0,1.0354043,1.0354043,1.0354043,1.0357708,-5.433112903225631e-05,-8.77647738264595e-05
batch1,18,341.0,691.0,1.0360385,1.0360385,1.0360385,1.0354208,-5.1833225806443086e-05,-8.802296159317388e-05
batch1,18,342.0,691.0,1.0359242,1.0359242,1.0359242,1.0354043,-4.7730161290321484e-05,-8.761272830725581e-05
batch1,18,343.0,691.0,1.0361764,1.0361764,1.0361764,1.0353799,-4.908689516129407e-05,-8.70762332859174e-05
batch1,18,344.0,691.0,1.0350358,1.0350358,1.0350358,1.0353692,-5.436104838710141e-05,-8.884186059744023e-05
batch1,18,345.0,691.0,1.0351156,1.0351156,1.0351156,1.0351156,-5.8066854838707723e-05,-8.828564722617282e-05
batch1,18,346.0,691.0,1.0343413,1.0343413,1.0343413,1.0351156,-6.0662459677426795e-05,-8.88176500711231e-05
batch1,18,347.0,691.0,1.0353692,1.0353692,1.0353692,1.0351156,-6.226338709676588e-05,-8.782395448079779e-05
batch1,18,348.0,691.0,1.0346718,1.0346718,1.0346718,1.0351156,-6.764927419355099e-05,-8.864821337126599e-05
batch1,18,349.0,691.0,1.0339509,1.0339509,1.0339509,1.0351156,-7.23971774193461e-05,-8.870302418207824e-05
batch1,18,350.0,691.0,1.0348641,1.0348641,1.0348641,1.0353692,-7.29495161290285e-05,-8.909386059744085e-05
batch1,18,351.0,691.0,1.035798,1.035798,1.035798,1.0353692,-7.653556451613719e-05,-8.921150782361227e-05
batch1,18,352.0,691.0,1.0355316,1.0355316,1.0355316,1.0353692,-7.854225806450752e-05,-9.012326884779504e-05
batch1,18,353.0,691.0,1.035915,1.035915,1.035915,1.0351347,-8.087564516128354e-05,-9.041581792318638e-05
batch1,18,354.0,691.0,1.0357764,1.0357764,1.0357764,1.0351347,-8.721721774192874e-05,-9.098250071123704e-05
batch1,18,355.0,691.0,1.0356886,1.0356886,1.0356886,1.0351347,-9.352516129032837e-05,-9.312394879089368e-05
batch1,18,356.0,691.0,1.0351347,1.0351347,1.0351347,1.0351347,-9.827608870968073e-05,-9.382295021336938e-05
batch1,18,357.0,691.0,1.0346999,1.0346999,1.0346999,1.0346999,-0.000101583669354842,-9.45148079658576e-05
batch1,18,358.0,691.0,1.0344864,1.0344864,1.0344864,1.0344864,-0.0001008672983870952,-9.45647027027042e-05
batch1,18,359.0,691.0,1.0337479,1.0337479,1.0337479,1.0340257,-9.937112903225482e-05,-9.5981544807966e-05
batch1,18,360.0,691.0,1.0336783,1.0336783,1.0336783,1.033926,-0.00010338423387096984,-9.63492773826466e-05
batch1,18,361.0,691.0,1.033926,1.033926,1.033926,1.0337479,-0.00011338983870968476,-9.687623897582051e-05
batch1,18,362.0,691.0,1.0340257,1.0340257,1.0340257,1.0336783,-0.00011964370967742888,-9.746803982930062e-05
batch1,18,363.0,691.0,1.0334519,1.0334519,1.0334519,1.0336334,-0.0001220948387096733,-9.866017638691452e-05
batch1,18,364.0,691.0,1.0333358,1.0333358,1.0333358,1.0334519,-0.0001245175806451643,-9.90467652916051e-05
batch1,18,365.0,691.0,1.0336334,1.0336334,1.0336334,1.033404,-0.00013199064516128742,-9.981674253200716e-05
batch1,18,366.0,691.0,1.0332664,1.0332664,1.0332664,1.0333896,-0.00013659443548387883,-0.00010160300711237937
batch1,18,367.0,691.0,1.033404,1.033404,1.033404,1.0333358,-0.00013163383064515268,-0.00010250533997155062
batch1,18,368.0,691.0,1.0333896,1.0333896,1.0333896,1.0332664,-0.00012997806451612808,-0.000103055029871975
batch1,18,369.0,691.0,1.0329415,1.0329415,1.0329415,1.0329415,-0.00011889209677419097,-0.00010401505263157506
batch1,18,370.0,691.0,1.0328254,1.0328254,1.0328254,1.0328865,-0.00011611407258063796,-0.00010587342816500465
batch1,18,371.0,691.0,1.0328865,1.0328865,1.0328865,1.0328254,-0.00011000818548386615,-0.0001067313399715481
batch1,18,372.0,691.0,1.0322808,1.0322808,1.0322808,1.0328175,-0.00010621709677419135,-0.00010717287624466337
batch1,18,373.0,691.0,1.0328175,1.0328175,1.0328175,1.032529,-0.00010246608870967763,-0.00010739810810811315
batch1,18,374.0,691.0,1.0324703,1.0324703,1.0324703,1.0324769,-0.00010383641129031233,-0.00010785998008534722
batch1,18,375.0,691.0,1.032529,1.032529,1.032529,1.0324703,-0.00010381338709678085,-0.00010814008819345725
batch1,18,376.0,691.0,1.031286,1.031286,1.031286,1.0324012,-0.00010488786290323063,-0.0001081938748221913
batch1,18,377.0,691.0,1.0324769,1.0324769,1.0324769,1.0322808,-0.00010902818548386613,-0.00010867225320057175
batch1,18,378.0,691.0,1.0318849,1.0318849,1.0318849,1.0321838,-0.00010750407258064605,-0.00010944537695590656
batch1,18,379.0,691.0,1.0324012,1.0324012,1.0324012,1.0321838,-0.0001114026612903333,-0.00010897653769558819
batch1,18,380.0,691.0,1.0321838,1.0321838,1.0321838,1.0319316,-0.00011074830645160948,-0.00010936532574680077
batch1,18,381.0,691.0,1.0315663,1.0315663,1.0315663,1.0318849,-0.00011046887096774164,-0.00010943158463727214
batch1,18,382.0,691.0,1.0319316,1.0319316,1.0319316,1.0318849,-0.00010967689516129195,-0.00011062746799430932
batch1,18,383.0,691.0,1.0314116,1.0314116,1.0314116,1.0315663,-0.00010909177419355494,-0.00011134784068278782
batch1,18,384.0,691.0,1.0322871,1.0322871,1.0322871,1.0314116,-0.00011013987903225285,-0.00011388130583214747
batch1,18,385.0,691.0,1.0308195,1.0308195,1.0308195,1.0312213,-0.00011280008064515732,-0.0001148671977240406
batch1,18,386.0,691.0,1.0311329,1.0311329,1.0311329,1.0311329,-0.00011477350806452552,-0.00011621530014224741
batch1,18,387.0,691.0,1.0310373,1.0310373,1.0310373,1.0311141,-0.00011340895161290219,-0.00011783495590326916
batch1,18,388.0,691.0,1.0312213,1.0312213,1.0312213,1.0310373,-0.00012132169354839605,-0.00011837773826457952
batch1,18,389.0,691.0,1.0303704,1.0303704,1.0303704,1.0308313,-0.00012130935483870566,-0.00011810892745376868
batch1,18,390.0,691.0,1.0311141,1.0311141,1.0311141,1.0308195,-0.00011967870967742013,-0.00011818760170697258
batch1,18,391.0,691.0,1.0308313,1.0308313,1.0308313,1.0305462,-0.00011932661290322831,-0.00011773443243243145
batch1,18,392.0,691.0,1.0298704,1.0298704,1.0298704,1.0304302,-0.00013069407258064827,-0.00011728789473683945
batch1,18,393.0,691.0,1.0304302,1.0304302,1.0304302,1.0303704,-0.00012887528225807125,-0.00011693846657183646
batch1,18,394.0,691.0,1.029906,1.029906,1.029906,1.0302135,-0.0001293742741935538,-0.0001163921678520644
batch1,18,395.0,691.0,1.0305462,1.0305462,1.0305462,1.0299808,-0.00012340754032257967,-0.00011609126031294572
batch1,18,396.0,691.0,1.0299808,1.0299808,1.0299808,1.029906,-0.00011960125000000359,-0.00011613949075391161
batch1,18,397.0,691.0,1.0302135,1.0302135,1.0302135,1.0298704,-0.00011725012096774009,-0.00011653847226173925
batch1,18,398.0,691.0,1.029829,1.029829,1.029829,1.029829,-0.00010906806451612814,-0.0001173412403982914
batch1,18,399.0,691.0,1.029336,1.029336,1.029336,1.02952,-0.00010631431451612737,-0.00011734648079658496
batch1,18,400.0,691.0,1.0292772,1.0292772,1.0292772,1.029336,-9.972048387097286e-05,-0.0001174893001422481
batch1,18,401.0,691.0,1.0292703,1.0292703,1.0292703,1.0292772,-9.889504032258043e-05,-0.00011768250924608752
batch1,18,402.0,691.0,1.02952,1.02952,1.02952,1.0292703,-0.00010053685483870739,-0.00011814455192034116
batch1,18,403.0,691.0,1.0284078,1.0284078,1.0284078,1.0292633,-0.0001024183467741935,-0.00011768001991465196
batch1,18,404.0,691.0,1.0288874,1.0288874,1.0288874,1.0288874,-0.0001024642741935416,-0.00011747381507823698
batch1,18,405.0,691.0,1.0292633,1.0292633,1.0292633,1.0288867,-0.00010541475806451691,-0.0001176886514935971
batch1,18,406.0,691.0,1.0287755,1.0287755,1.0287755,1.0287755,-0.00010922056451614005,-0.00011710063442389954
batch1,18,407.0,691.0,1.0279135,1.0279135,1.0279135,1.0287014,-0.00011168975806451662,-0.000116769351351354
batch1,18,408.0,691.0,1.0285985,1.0285985,1.0285985,1.0287014,-0.00011778201612902965,-0.00011701582076813703
batch1,18,409.0,691.0,1.0285882,1.0285882,1.0285882,1.0287014,-0.00011732391129031868,-0.00011782187197723983
batch1,18,410.0,691.0,1.0288867,1.0288867,1.0288867,1.0285985,-0.00011943096774193585,-0.00011811341963015832
batch1,18,411.0,691.0,1.0285271,1.0285271,1.0285271,1.0285882,-0.00011857834677420202,-0.00011804518065433806
batch1,18,412.0,691.0,1.0287014,1.0287014,1.0287014,1.0285522,-0.00012154431451612429,-0.00011861521194878604
batch1,18,413.0,691.0,1.0290848,1.0290848,1.0290848,1.0285522,-0.0001222727419354948,-0.0001189068705547635
batch1,18,414.0,691.0,1.0285522,1.0285522,1.0285522,1.0285271,-0.00012453044354839016,-0.00012033503271692823
batch1,18,415.0,691.0,1.0280626,1.0280626,1.0280626,1.0283927,-0.0001299522580645187,-0.00012063588904694426
batch1,18,416.0,691.0,1.0283927,1.0283927,1.0283927,1.0280626,-0.00013127068548386721,-0.00012107902133712789
batch1,18,417.0,691.0,1.0274887,1.0274887,1.0274887,1.0274887,-0.00013147951612902309,-0.0001211137980085352
batch1,18,418.0,691.0,1.0273081,1.0273081,1.0273081,1.0273238,-0.0001308168145161308,-0.00012143515789473645
batch1,18,419.0,691.0,1.0271667,1.0271667,1.0271667,1.0273081,-0.00013459697580645412,-0.00012253654623044019
batch1,18,420.0,691.0,1.0273238,1.0273238,1.0273238,1.0271667,-0.00013738141129032152,-0.00012290215078235964
batch1,18,421.0,691.0,1.026186,1.026186,1.026186,1.0267711,-0.00013457536290321885,-0.00012341673399715795
batch1,18,422.0,691.0,1.0263801,1.0263801,1.0263801,1.0266622,-0.00013615891129031965,-0.00012340287055476472
batch1,18,423.0,691.0,1.0265093,1.0265093,1.0265093,1.0265093,-0.00013996334677419739,-0.00012384845803698464
batch1,18,424.0,691.0,1.0267711,1.0267711,1.0267711,1.0263801,-0.00014043096774193187,-0.00012422110668563414
batch1,18,425.0,691.0,1.0266622,1.0266622,1.0266622,1.0262524,-0.00013736745967741942,-0.00012530445803698547
batch1,18,426.0,691.0,1.0262524,1.0262524,1.0262524,1.026186,-0.00013159620967741206,-0.00012583183214793687
batch1,18,427.0,691.0,1.0259379,1.0259379,1.0259379,1.0259379,-0.00013122903225806383,-0.00012659780938833586
batch1,18,428.0,691.0,1.0257901,1.0257901,1.0257901,1.025854,-0.0001248295967741837,-0.00012650301564722484
batch1,18,429.0,691.0,1.0256525,1.0256525,1.0256525,1.0258166,-0.00011449822580645937,-0.00012786292176386873
batch1,18,430.0,691.0,1.0253768,1.0253768,1.0253768,1.0257901,-0.00010982036290322572,-0.0001291614082503559
batch1,18,431.0,691.0,1.025854,1.025854,1.025854,1.0256525,-0.00011155536290322166,-0.00012963337126600168
batch1,18,432.0,691.0,1.0258166,1.0258166,1.0258166,1.0256455,-0.00010411024193548822,-0.00013165010810810792
batch1,18,433.0,691.0,1.0254641,1.0254641,1.0254641,1.0254641,-0.00010340504032258988,-0.0001318160711237575
batch1,18,434.0,691.0,1.0256455,1.0256455,1.0256455,1.0253862,-0.00010536677419354022,-0.00013237029871977378
batch1,18,435.0,691.0,1.0251144,1.0251144,1.0251144,1.0253768,-0.00010689479838709055,-0.00013243923470839146
batch1,18,436.0,691.0,1.0253862,1.0253862,1.0253862,1.0252177,-0.00010616346774193926,-0.00013272639829303102
batch1,18,437.0,691.0,1.0249223,1.0249223,1.0249223,1.0252045,-0.00011335899193547777,-0.00013348962446657175
batch1,18,438.0,691.0,1.0252177,1.0252177,1.0252177,1.0251144,-0.00011667310483871743,-0.0001343903015647221
batch1,18,439.0,691.0,1.024859,1.024859,1.024859,1.0251082,-0.00012012120967742684,-0.00013451912944523615
batch1,18,440.0,691.0,1.0252045,1.0252045,1.0252045,1.0249223,-0.0001222243548387033,-0.00013509625604551763
batch1,18,441.0,691.0,1.0251082,1.0251082,1.0251082,1.0248791,-0.00012550834677419042,-0.00013808005120910126
batch1,18,442.0,691.0,1.0243464,1.0243464,1.0243464,1.0248654,-0.00012916350806451782,-0.00013932102702702586
batch1,18,443.0,691.0,1.0248791,1.0248791,1.0248791,1.024859,-0.00013240012096774292,-0.0001396122532005685
batch1,18,444.0,691.0,1.0248654,1.0248654,1.0248654,1.0243464,-0.0001389909274193616,-0.00014139905832147816
batch1,18,445.0,691.0,1.0242175,1.0242175,1.0242175,1.0242447,-0.00014003935483870974,-0.00014443434992887725
batch1,18,446.0,691.0,1.0233905,1.0233905,1.0233905,1.0242175,-0.0001444433467741934,-0.00014541040113798186
batch1,18,447.0,691.0,1.0242447,1.0242447,1.0242447,1.0238181,-0.00014935447580645053,-0.00014573039829302796
batch1,18,448.0,691.0,1.0238181,1.0238181,1.0238181,1.0233905,-0.00015214475806450724,-0.00014584797439545105
batch1,18,449.0,691.0,1.0233251,1.0233251,1.0233251,1.0233251,-0.00015304568548386716,-0.00014660384352773733
batch1,18,450.0,691.0,1.0232821,1.0232821,1.0232821,1.0232821,-0.00015229379032258826,-0.00014723424182076702
batch1,18,451.0,691.0,1.0232291,1.0232291,1.0232291,1.0232291,-0.00016141766129031506,-0.00014666057467994196
batch1,18,452.0,691.0,1.0228592,1.0228592,1.0228592,1.0230721,-0.00016215596774193063,-0.00014716546230441005
batch1,18,453.0,691.0,1.0230721,1.0230721,1.0230721,1.0228592,-0.0001642185080645227,-0.00014811720056899177
batch1,18,454.0,691.0,1.0226916,1.0226916,1.0226916,1.0226916,-0.00016986770161290504,-0.00014805869701280317
batch1,18,455.0,691.0,1.0223802,1.0223802,1.0223802,1.0223802,-0.00017055487903226083,-0.00014928653485064128
batch1,18,456.0,691.0,1.0220084,1.0220084,1.0220084,1.0223346,-0.0001675586290322565,-0.00015040458036984382
batch1,18,457.0,691.0,1.0220739,1.0220739,1.0220739,1.0222,-0.00016341991935484544,-0.00015150893314367291
batch1,18,458.0,691.0,1.0222,1.0222,1.0222,1.0220739,-0.00016270741935484179,-0.00015257368705547643
batch1,18,459.0,691.0,1.0215539,1.0215539,1.0215539,1.0220084,-0.00015810112903226633,-0.0001542312233285928
batch1,18,460.0,691.0,1.0223346,1.0223346,1.0223346,1.0218527,-0.0001535320564516119,-0.00015562990327169188
batch1,18,461.0,691.0,1.0218527,1.0218527,1.0218527,1.0215539,-0.00014810705645160863,-0.00015643870839260056
batch1,18,462.0,691.0,1.0210249,1.0210249,1.0210249,1.021467,-0.00015196096774193528,-0.00015715283357041105
batch1,18,463.0,691.0,1.0210935,1.0210935,1.0210935,1.0212803,-0.0001571908064516246,-0.0001577269758179233
batch1,18,464.0,691.0,1.021467,1.021467,1.021467,1.0210935,-0.00015723677419355106,-0.00015836651493598907
batch1,18,465.0,691.0,1.0212803,1.0212803,1.0212803,1.0210249,-0.00015689959677420162,-0.00015908602275960043
batch1,18,466.0,691.0,1.019923,1.019923,1.019923,1.0206734,-0.00016227846774194128,-0.00015985692176387055
batch1,18,467.0,691.0,1.0206734,1.0206734,1.0206734,1.0206351,-0.0001693426209677468,-0.00016100897297297302
batch1,18,468.0,691.0,1.0206351,1.0206351,1.0206351,1.0202591,-0.00017047584677418632,-0.00016207262304409746
batch1,18,469.0,691.0,1.0194412,1.0194412,1.0194412,1.0201929,-0.00016615213709677957,-0.0001624456500711245
batch1,18,470.0,691.0,1.0202591,1.0202591,1.0202591,1.0201504,-0.00016471979838709845,-0.00016271374679943293
batch1,18,471.0,691.0,1.0201929,1.0201929,1.0201929,1.020066,-0.00016658354838709906,-0.00016352062588904744
batch1,18,472.0,691.0,1.0201504,1.0201504,1.0201504,1.020066,-0.0001709994758064552,-0.00016469167283072358
batch1,18,473.0,691.0,1.020066,1.020066,1.020066,1.0200067,-0.00017033907258063877,-0.00016598704978663088
batch1,18,474.0,691.0,1.0198562,1.0198562,1.0198562,1.0198562,-0.00017177717741935828,-0.0001669938463726877
batch1,18,475.0,691.0,1.0195298,1.0195298,1.0195298,1.0198562,-0.00017660487903226375,-0.00016836699004267244
batch1,18,476.0,691.0,1.0200067,1.0200067,1.0200067,1.0195298,-0.00017245826612903334,-0.00016935681934565915
batch1,18,477.0,691.0,1.019074,1.019074,1.019074,1.019074,-0.00017282528225806145,-0.00017202433570412921
batch1,18,478.0,691.0,1.0176476,1.0176476,1.0176476,1.0187559,-0.0001763091532258015,-0.00017468126315789266
batch1,18,479.0,691.0,1.0185199,1.0185199,1.0185199,1.0185199,-0.00017822193548386393,-0.00017863327169274543
batch1,18,480.0,691.0,1.0187559,1.0187559,1.0187559,1.0182492,-0.00017821596774192735,-0.00018129880796585957
batch1,18,481.0,691.0,1.0175521,1.0175521,1.0175521,1.0179044,-0.0001752676209677371,-0.00018383222190611524
batch1,18,482.0,691.0,1.016948,1.016948,1.016948,1.0178555,-0.0001802667338709598,-0.00018494626742532043
batch1,18,483.0,691.0,1.0179044,1.0179044,1.0179044,1.0176476,-0.00017783254032256897,-0.00018660514366998718
batch1,18,484.0,691.0,1.0182492,1.0182492,1.0182492,1.0175521,-0.00017647306451612965,-0.000188988842105261
batch1,18,485.0,691.0,1.0178555,1.0178555,1.0178555,1.0173903,-0.00018102560483870684,-0.00019071819345661665
batch1,18,486.0,691.0,1.0173203,1.0173203,1.0173203,1.0173203,-0.00017826883064514965,-0.00019350886486486376
batch1,18,487.0,691.0,1.0169576,1.0169576,1.0169576,1.0169576,-0.00017419657258064598,-0.00019605442674253094
batch1,18,488.0,691.0,1.0173903,1.0173903,1.0173903,1.0169576,-0.0001694897177419384,-0.00019820372688478033
batch1,18,489.0,691.0,1.0165966,1.0165966,1.0165966,1.016656,-0.00016632407258064343,-0.00020012418492176305
batch1,18,490.0,691.0,1.0163518,1.0163518,1.0163518,1.0165966,-0.00016184076612902446,-0.00020274172688478027
batch1,18,491.0,691.0,1.016656,1.016656,1.016656,1.0163518,-0.00015806310483870755,-0.0002051459715504975
batch1,18,492.0,691.0,1.0160452,1.0160452,1.0160452,1.0160452,-0.00015015580645160663,-0.0002077483243243244
batch1,18,493.0,691.0,1.0160257,1.0160257,1.0160257,1.0160257,-0.00014871435483869934,-0.0002106735220483676
batch1,18,494.0,691.0,1.015879,1.015879,1.015879,1.015879,-0.00015944395161290886,-0.00021319926600284444
batch1,18,495.0,691.0,1.0154502,1.0154502,1.0154502,1.0157347,-0.00016211100806450362,-0.00021536559601706914
batch1,18,496.0,691.0,1.0157347,1.0157347,1.0157347,1.0156324,-0.00016301641129032538,-0.00021748044950213157
batch1,18,497.0,691.0,1.0154988,1.0154988,1.0154988,1.0154988,-0.00017051124999999099,-0.0002196116870554759
batch1,18,498.0,691.0,1.0156324,1.0156324,1.0156324,1.0154502,-0.0001814929032258083,-0.00022081250355618663
batch1,18,499.0,691.0,1.0151595,1.0151595,1.0151595,1.0151595,-0.00019389786290322056,-0.0002222476216216216
batch1,18,500.0,691.0,1.0150905,1.0150905,1.0150905,1.0151365,-0.00020552225806451925,-0.00022496868278804892
batch1,18,501.0,691.0,1.0151365,1.0151365,1.0151365,1.0150905,-0.00022563020161291546,-0.00022778942816500554
batch1,18,502.0,691.0,1.0150831,1.0150831,1.0150831,1.0150831,-0.00023593870967740982,-0.0002298766998577551
batch1,18,503.0,691.0,1.0148927,1.0148927,1.0148927,1.0148927,-0.0002504713306451728,-0.00023183194594594635
batch1,18,504.0,691.0,1.0143774,1.0143774,1.0143774,1.0144398,-0.0002533435080645178,-0.00023630036699857899
batch1,18,505.0,691.0,1.0144398,1.0144398,1.0144398,1.0143774,-0.000259860806451611,-0.00023934793456614634
batch1,18,506.0,691.0,1.0143102,1.0143102,1.0143102,1.0143102,-0.0002665560080645185,-0.00024209066287339981
batch1,18,507.0,691.0,1.0141363,1.0141363,1.0141363,1.0141363,-0.0002723133064516177,-0.0002449918264580358
batch1,18,508.0,691.0,1.0136708,1.0136708,1.0136708,1.0136708,-0.0002848028225806475,-0.0002475439800853497
batch1,18,509.0,691.0,1.0128198,1.0128198,1.0128198,1.0129005,-0.00029222995967742365,-0.00024981870554765205
batch1,18,510.0,691.0,1.0129005,1.0129005,1.0129005,1.0128198,-0.00029734258064516414,-0.00025255238975818375
batch1,18,511.0,691.0,1.0125654,1.0125654,1.0125654,1.0125654,-0.0003029145967741855,-0.00025460688762446633
batch1,18,512.0,691.0,1.0123473,1.0123473,1.0123473,1.0123473,-0.0003078266935483961,-0.0002567104267425339
batch1,18,513.0,691.0,1.0120682,1.0120682,1.0120682,1.0120682,-0.0003134835080645061,-0.00025906981223328514
batch1,18,514.0,691.0,1.0104874,1.0104874,1.0104874,1.0104874,-0.00031620379032259386,-0.0002605604978662887
batch1,18,515.0,691.0,1.0097542,1.0097542,1.0097542,1.0098685,-0.00032087342741934384,-0.00026299751635846586
batch1,18,516.0,691.0,1.0082052,1.0082052,1.0082052,1.0097542,-0.0003203994758064588,-0.00026659202019914754
batch1,18,517.0,691.0,1.0097529,1.0097529,1.0097529,1.0097529,-0.00031703080645160937,-0.0002692970731152199
batch1,18,518.0,691.0,1.0089369,1.0089369,1.0089369,1.009611,-0.0003135116532258043,-0.00027171435078235915
batch1,18,519.0,691.0,1.0098685,1.0098685,1.0098685,1.009377,-0.00030623967741936174,-0.00027511185803698416
batch1,18,520.0,691.0,1.009611,1.009611,1.009611,1.0089369,-0.00030075403225806143,-0.00027969168648648744
batch1,18,521.0,691.0,1.009377,1.009377,1.009377,1.0087426,-0.0002924313306451614,-0.0002821284844950208
batch1,18,522.0,691.0,1.0087426,1.0087426,1.0087426,1.0087426,-0.0002862576612903211,-0.0002842518532005702
batch1,18,523.0,691.0,1.0077535,1.0077535,1.0077535,1.0080665,-0.00028099278225806386,-0.0002863165502133714
batch1,18,524.0,691.0,1.0080585,1.0080585,1.0080585,1.0080585,-0.000275560483870965,-0.0002890523103840709
batch1,18,525.0,691.0,1.0080665,1.0080665,1.0080665,1.0079271,-0.00027263741935482886,-0.0002919123035561895
batch1,18,526.0,691.0,1.0079271,1.0079271,1.0079271,1.0077535,-0.0002744152419354837,-0.0002942666233285938
batch1,18,527.0,691.0,1.0072312,1.0072312,1.0072312,1.0072312,-0.0002734583467741979,-0.00029719554793740974
batch1,18,528.0,691.0,1.0067928,1.0067928,1.0067928,1.0067928,-0.0002708076209677437,-0.000300093960455196
batch1,18,529.0,691.0,1.0065554,1.0065554,1.0065554,1.0065554,-0.0002623822983871049,-0.00030255463328591797
batch1,18,530.0,691.0,1.0061324,1.0061324,1.0061324,1.0064546,-0.00026621774193548637,-0.0003052951758179211
batch1,18,531.0,691.0,1.0064546,1.0064546,1.0064546,1.0063084,-0.0002723064516129011,-0.00030824130156472193
batch1,18,532.0,691.0,1.0063084,1.0063084,1.0063084,1.0061324,-0.0002905352016129003,-0.0003105517246088172
batch1,18,533.0,691.0,1.0058017,1.0058017,1.0058017,1.0060065,-0.00029452895161289976,-0.0003132465982930308
batch1,18,534.0,691.0,1.0060065,1.0060065,1.0060065,1.0058017,-0.00030235499999999824,-0.00031597729473684447
batch1,18,535.0,691.0,1.0056684,1.0056684,1.0056684,1.0056684,-0.0003034142338709742,-0.00031879119772404153
batch1,18,536.0,691.0,1.0054903,1.0054903,1.0054903,1.0054903,-0.0003033753629032361,-0.00032131797524893266
batch1,18,537.0,691.0,1.0046766,1.0046766,1.0046766,1.0046766,-0.0003038968548387111,-0.0003236151328591748
batch1,18,538.0,691.0,1.0040696,1.0040696,1.0040696,1.0040696,-0.00030553510080644816,-0.0003269599328591781
batch1,18,539.0,691.0,1.0039227,1.0039227,1.0039227,1.0039227,-0.00031307988709678027,-0.0003292501092460898
batch1,18,540.0,691.0,1.0037657,1.0037657,1.0037657,1.0037657,-0.0003180978104838738,-0.0003308618477951627
batch1,18,541.0,691.0,1.0022988,1.0022988,1.0022988,1.0028151,-0.0003206427379032321,-0.0003323554705547636
batch1,18,542.0,691.0,1.0024016,1.0024016,1.0024016,1.0024016,-0.0003262930967741896,-0.00033488553541963077
batch1,18,543.0,691.0,1.0022367,1.0022367,1.0022367,1.0022988,-0.00032893642338710456,-0.00033681356130867786
batch1,18,544.0,691.0,1.0028151,1.0028151,1.0028151,1.0022367,-0.000334185959677414,-0.0003388116788051204
batch1,18,545.0,691.0,1.0018573,1.0018573,1.0018573,1.0018573,-0.00033770939516129643,-0.00034058854139402316
batch1,18,546.0,691.0,1.0016915,1.0016915,1.0016915,1.0016915,-0.0003440221895161298,-0.000342837919772403
batch1,18,547.0,691.0,1.0007991,1.0007991,1.0007991,1.001008,-0.0003461722137096762,-0.000346079224182075
batch1,18,548.0,691.0,1.001008,1.001008,1.001008,1.0007991,-0.0003482380443548376,-0.000348850009957326
batch1,18,549.0,691.0,1.0006618,1.0006618,1.0006618,1.0006618,-0.0003511364798387205,-0.00035167689103840835
batch1,18,550.0,691.0,1.0002352,1.0002352,1.0002352,1.0002352,-0.0003502064314516171,-0.00035434105462304615
batch1,18,551.0,691.0,1.0000492,1.0000492,1.0000492,1.0000492,-0.00034982593548387613,-0.0003570449055476532
batch1,18,552.0,691.0,0.9995687,0.9995687,0.9995687,0.9995687,-0.00034747316532257713,-0.0003609113866287381
batch1,18,553.0,691.0,0.99940687,0.99940687,0.99940687,0.99940687,-0.0003504085927419349,-0.00036580314793741134
batch1,18,554.0,691.0,0.99886298,0.99886298,0.99886298,0.99886298,-0.0003518147741935386,-0.00037182137837838086
batch1,18,555.0,691.0,0.99836272,0.99836272,0.99836272,0.99836272,-0.00035308691532258635,-0.000376533922048363
batch1,18,556.0,691.0,0.99811667,0.99811667,0.99811667,0.99811667,-0.00035657939919354973,-0.000381721600284497
batch1,18,557.0,691.0,0.99708861,0.99708861,0.99708861,0.9976055,-0.00036766808870968053,-0.000385911599715507
batch1,18,558.0,691.0,0.9976055,0.9976055,0.9976055,0.99708861,-0.00037683108467742127,-0.00039093492802276015
batch1,18,559.0,691.0,0.99700052,0.99700052,0.99700052,0.99700052,-0.0003822154919354891,-0.0003954248850640094
batch1,18,560.0,691.0,0.99688631,0.99688631,0.99688631,0.99688631,-0.0003888718225806538,-0.0004004418605974418
batch1,18,561.0,691.0,0.99623173,0.99623173,0.99623173,0.99623173,-0.0003947230080645079,-0.0004067926147937403
batch1,18,562.0,691.0,0.99591625,0.99591625,0.99591625,0.99591625,-0.00039665958467742003,-0.00041314210071123945
batch1,18,563.0,691.0,0.99538356,0.99538356,0.99538356,0.99538356,-0.0004017985604838666,-0.0004189819726884792
batch1,18,564.0,691.0,0.99505806,0.99505806,0.99505806,0.99505806,-0.0004078884072580602,-0.00042428450640113785
batch1,18,565.0,691.0,0.99475634,0.99475634,0.99475634,0.99475634,-0.0004122407822580656,-0.0004304395439544797
batch1,18,566.0,691.0,0.99427611,0.99427611,0.99427611,0.99427611,-0.000418145310483878,-0.00043699752347083905
batch1,18,567.0,691.0,0.99403268,0.99403268,0.99403268,0.99403268,-0.0004220955443548283,-0.0004437769086771006
batch1,18,568.0,691.0,0.99326247,0.99326247,0.99326247,0.99340183,-0.00042813119354838885,-0.0004507617576102429
batch1,18,569.0,691.0,0.99340183,0.99340183,0.99340183,0.99326247,-0.00043473464919354304,-0.00045754770497866143
batch1,18,570.0,691.0,0.9928695,0.9928695,0.9928695,0.9928695,-0.0004414872741935344,-0.0004644974776671419
batch1,18,571.0,691.0,0.99193299,0.99193299,0.99193299,0.99193299,-0.000448692943548393,-0.0004715987439544797
batch1,18,572.0,691.0,0.99145293,0.99145293,0.99145293,0.99145293,-0.0004542173467742028,-0.00047831604637268787
batch1,18,573.0,691.0,0.9909386,0.9909386,0.9909386,0.99097502,-0.000463862887096775,-0.0004850249115220476
batch1,18,574.0,691.0,0.99097502,0.99097502,0.99097502,0.9909386,-0.0004662748951612874,-0.0004959127948790897
batch1,18,575.0,691.0,0.98939699,0.98939699,0.98939699,0.98966795,-0.00047264103225806736,-0.0005028945448079684
batch1,18,576.0,691.0,0.98965722,0.98965722,0.98965722,0.98965722,-0.00047520480241935016,-0.0005111477365576121
batch1,18,577.0,691.0,0.98966795,0.98966795,0.98966795,0.98939699,-0.0004824547661290279,-0.0005190731900426737
batch1,18,578.0,691.0,0.98928881,0.98928881,0.98928881,0.98928881,-0.0004880180887096722,-0.0005270252290184921
batch1,18,579.0,691.0,0.98814142,0.98814142,0.98814142,0.98814142,-0.0004955910161290343,-0.0005364798938833566
batch1,18,580.0,691.0,0.98794019,0.98794019,0.98794019,0.98794019,-0.0005071542217742066,-0.0005455387325746822
batch1,18,581.0,691.0,0.9872905,0.9872905,0.9872905,0.9872905,-0.0005146170564516074,-0.0005544303069701285
batch1,18,582.0,691.0,0.98694903,0.98694903,0.98694903,0.98694903,-0.0005227995362903251,-0.0005629135052631556
batch1,18,583.0,691.0,0.98624343,0.98624343,0.98624343,0.98624343,-0.0005325333427419308,-0.0005716458093883334
batch1,18,584.0,691.0,0.98543382,0.98543382,0.98543382,0.98543382,-0.0005472616653225848,-0.0005803813490753954
batch1,18,585.0,691.0,0.98505777,0.98505777,0.98505777,0.98505777,-0.0005564362137096858,-0.0005903026207681362
batch1,18,586.0,691.0,0.98459613,0.98459613,0.98459613,0.98459613,-0.0005631655080645122,-0.0005998227126600284
batch1,18,587.0,691.0,0.98421878,0.98421878,0.98421878,0.98421878,-0.0005747229516128992,-0.0006096613624466555
batch1,18,588.0,691.0,0.98370749,0.98370749,0.98370749,0.98370749,-0.0005872086774193582,-0.0006193036347083917
batch1,18,589.0,691.0,0.98346001,0.98346001,0.98346001,0.98346001,-0.0006009730322580686,-0.0006292303911806519
batch1,18,590.0,691.0,0.98250854,0.98250854,0.98250854,0.98250854,-0.0006111780524193582,-0.0006397049266002838
batch1,18,591.0,691.0,0.98229289,0.98229289,0.98229289,0.98229289,-0.0006302977459677514,-0.0006500328349928852
batch1,18,592.0,691.0,0.98124343,0.98124343,0.98124343,0.98124343,-0.000646079282258056,-0.0006613664924608844
batch1,18,593.0,691.0,0.98085958,0.98085958,0.98085958,0.98085958,-0.0006574603266129125,-0.0006730920059743986
batch1,18,594.0,691.0,0.98009175,0.98009175,0.98009175,0.98009175,-0.0006680653064516148,-0.0006844774785206235
batch1,18,595.0,691.0,0.97875977,0.97875977,0.97875977,0.97875977,-0.0006816217379032261,-0.0006973067231863399
batch1,18,596.0,691.0,0.97867298,0.97867298,0.97867298,0.97867298,-0.0007173283911290315,-0.0007083899752489323
batch1,18,597.0,691.0,0.97799402,0.97799402,0.97799402,0.97799402,-0.0007265707862903136,-0.0007202544756756768
batch1,18,598.0,691.0,0.97691172,0.97691172,0.97691172,0.97691172,-0.0007393370120967893,-0.0007313899274537708
batch1,18,599.0,691.0,0.97576612,0.97576612,0.97576612,0.97576612,-0.0007512945483870968,-0.000743399088762446
batch1,18,600.0,691.0,0.97536927,0.97536927,0.97536927,0.97536927,-0.0007652030322580519,-0.0007553955465149375
batch1,18,601.0,691.0,0.9751392,0.9751392,0.9751392,0.9751392,-0.0007786841854838646,-0.000768004939118069
batch1,18,602.0,691.0,0.97415787,0.97415787,0.97415787,0.97415787,-0.0007907993225806315,-0.0007799583268847821
batch1,18,603.0,691.0,0.97333145,0.97333145,0.97333145,0.97333145,-0.0008006617298387184,-0.0007920048990042671
batch1,18,604.0,691.0,0.97246057,0.97246057,0.97246057,0.97246057,-0.0008123042258064449,-0.0008038837467994296
batch1,18,605.0,691.0,0.97177833,0.97177833,0.97177833,0.97177833,-0.0008182402459677528,-0.000815889173826461
batch1,18,606.0,691.0,0.97070789,0.97070789,0.97070789,0.97070789,-0.0008263575161290375,-0.0008286996415362752
batch1,18,607.0,691.0,0.96973628,0.96973628,0.96973628,0.96973628,-0.0008343063911290414,-0.0008402863345661456
batch1,18,608.0,691.0,0.96912432,0.96912432,0.96912432,0.96912432,-0.0008447942822580569,-0.0008518384165007075
batch1,18,609.0,691.0,0.96828747,0.96828747,0.96828747,0.96828747,-0.000854422754032251,-0.0008653828005689887
batch1,18,610.0,691.0,0.96762329,0.96762329,0.96762329,0.96762329,-0.0008620248346774088,-0.0008772962213371275
batch1,18,611.0,691.0,0.96280789,0.96280789,0.96280789,0.96620083,-0.0008755850967741997,-0.0008891237675675668
batch1,18,612.0,691.0,0.96620083,0.96620083,0.96620083,0.96457648,-0.0008869375362903214,-0.0009004002753911849
batch1,18,613.0,691.0,0.96457648,0.96457648,0.96457648,0.96397132,-0.0008975308870967723,-0.0009126404213371289
batch1,18,614.0,691.0,0.96397132,0.96397132,0.96397132,0.96302754,-0.0009142194354838741,-0.0009238958438122358
batch1,18,615.0,691.0,0.96302754,0.96302754,0.96302754,0.96280789,-0.000934085314516116,-0.0009341296765291615
batch1,18,616.0,691.0,0.96200556,0.96200556,0.96200556,0.96200556,-0.0009497556532258105,-0.0009445434071123735
batch1,18,617.0,691.0,0.96118701,0.96118701,0.96118701,0.96118701,-0.0009654695524193436,-0.0009554029561877666
batch1,18,618.0,691.0,0.96040136,0.96040136,0.96040136,0.96040136,-0.0009768531330645047,-0.0009657182091038399
batch1,18,619.0,691.0,0.9590646,0.9590646,0.9590646,0.9590646,-0.0009908671370967642,-0.0009753557766714114
batch1,18,620.0,691.0,0.95862919,0.95862919,0.95862919,0.95862919,-0.001002025943548379,-0.0009847028688477959
batch1,18,621.0,691.0,0.95762807,0.95762807,0.95762807,0.95762807,-0.0010151373104838849,-0.0009940801254623049
batch1,18,622.0,691.0,0.95622724,0.95622724,0.95622724,0.95622724,-0.0010294909959677385,-0.0010034631086770994
batch1,18,623.0,691.0,0.95518917,0.95518917,0.95518917,0.95518917,-0.0010467910120967676,-0.0010121467547652945
batch1,18,624.0,691.0,0.95400375,0.95400375,0.95400375,0.95400375,-0.001058638782258084,-0.0010207115695590337
batch1,18,625.0,691.0,0.95336741,0.95336741,0.95336741,0.95336741,-0.0010709838145161218,-0.0010288103678520624
batch1,18,626.0,691.0,0.95202148,0.95202148,0.95202148,0.95202148,-0.0010800663225806297,-0.0010376953948790923
batch1,18,627.0,691.0,0.95069653,0.95069653,0.95069653,0.95069653,-0.0011157903870967763,-0.0010445584096728272
batch1,18,628.0,691.0,0.94968116,0.94968116,0.94968116,0.94968116,-0.0011273692620967738,-0.0010514129334281658
batch1,18,629.0,691.0,0.94794035,0.94794035,0.94794035,0.94794035,-0.0011392804838709649,-0.0010574853359886169
batch1,18,630.0,691.0,0.94670558,0.94670558,0.94670558,0.94670558,-0.0011481287499999963,-0.001063625721479374
batch1,18,631.0,691.0,0.94588518,0.94588518,0.94588518,0.94588518,-0.0011651228387096829,-0.001069152116642961
batch1,18,632.0,691.0,0.94415778,0.94415778,0.94415778,0.94415778,-0.0011723762782258115,-0.0010742002833570381
batch1,18,633.0,691.0,0.94385505,0.94385505,0.94385505,0.94385505,-0.0011776424758064622,-0.001079825218776671
batch1,18,634.0,691.0,0.94228148,0.94228148,0.94228148,0.94228148,-0.0011814320564516156,-0.0010840954167852068
batch1,18,635.0,691.0,0.94161248,0.94161248,0.94161248,0.94161248,-0.0011859927338709636,-0.0010882236867709803
batch1,18,636.0,691.0,0.93996084,0.93996084,0.93996084,0.93996084,-0.0011857531129032264,-0.001097293977240399
batch1,18,637.0,691.0,0.93877608,0.93877608,0.93877608,0.93877608,-0.0011825525766128954,-0.0011015058990042701
batch1,18,638.0,691.0,0.93719655,0.93719655,0.93719655,0.93719655,-0.0011836513830645245,-0.0011051154904694177
batch1,18,639.0,691.0,0.93658143,0.93658143,0.93658143,0.93658143,-0.0011835785967741917,-0.0011075327687055496
batch1,18,640.0,691.0,0.93522233,0.93522233,0.93522233,0.93522233,-0.0011834355282257965,-0.0011102109624466557
batch1,18,641.0,691.0,0.93426585,0.93426585,0.93426585,0.93426585,-0.0011762967258064584,-0.0011121323945945942
batch1,18,642.0,691.0,0.93277371,0.93277371,0.93277371,0.93277371,-0.0011708888669354797,-0.0011140544935988649
batch1,18,643.0,691.0,0.9311443,0.9311443,0.9311443,0.9311443,-0.0011668390362903243,-0.001115229020483645
batch1,18,644.0,691.0,0.93048489,0.93048489,0.93048489,0.93048489,-0.0011614880241935437,-0.0011166058412517808
batch1,18,645.0,691.0,0.92936403,0.92936403,0.92936403,0.92936403,-0.0011581685846774334,-0.001117834138264582
batch1,18,646.0,691.0,0.9267168,0.9267168,0.9267168,0.92699665,-0.001156845661290316,-0.00111843351778094
batch1,18,647.0,691.0,0.92699665,0.92699665,0.92699665,0.9267168,-0.0011534678548387142,-0.0011185553561877729
batch1,18,648.0,691.0,0.9258644,0.9258644,0.9258644,0.9258644,-0.001160242508064512,-0.001120623862019919
batch1,18,649.0,691.0,0.92459172,0.92459172,0.92459172,0.92459172,-0.0011535598306451691,-0.0011295173405405372
batch1,18,650.0,691.0,0.9235028,0.9235028,0.9235028,0.9235028,-0.0011489264838709713,-0.0011281228347083927
batch1,18,651.0,691.0,0.9223901,0.9223901,0.9223901,0.9223901,-0.001140857725806441,-0.001129452259743951
batch1,18,652.0,691.0,0.92153156,0.92153156,0.92153156,0.92153156,-0.0011353738508064618,-0.0011277870739687065
batch1,18,653.0,691.0,0.91990852,0.91990852,0.91990852,0.91990852,-0.001129920334677437,-0.0011260364574679957
batch1,18,654.0,691.0,0.91878825,0.91878825,0.91878825,0.91878825,-0.0011255924112903225,
batch1,18,655.0,691.0,0.91763759,0.91763759,0.91763759,0.91763759,-0.0011190345766128955,
batch1,18,656.0,691.0,0.91704857,0.91704857,0.91704857,0.91704857,-0.0011114092338709723,
batch1,18,657.0,691.0,0.91577679,0.91577679,0.91577679,0.91577679,-0.0011037723588709573,
batch1,18,658.0,691.0,0.91454923,0.91454923,0.91454923,0.91454923,-0.00112625614919354,
batch1,18,659.0,691.0,0.9134376,0.9134376,0.9134376,0.9134376,-0.0011220974677419264,
batch1,18,660.0,691.0,0.91254234,0.91254234,0.91254234,0.91254234,-0.0011154644758064561,
batch1,18,661.0,691.0,0.91116947,0.91116947,0.91116947,0.91116947,-0.0011069082137096754,
batch1,18,662.0,691.0,0.91001523,0.91001523,0.91001523,0.91001523,-0.0011101895040322625,
batch1,18,663.0,691.0,0.90778792,0.90778792,0.90778792,0.90791112,-0.0011021116411290336,
batch1,18,664.0,691.0,0.90791112,0.90791112,0.90791112,0.90778792,-0.0010954698991935568,
batch1,18,665.0,691.0,0.90685451,0.90685451,0.90685451,0.90685451,-0.0010880537419354832,
batch1,18,666.0,691.0,0.9057743,0.9057743,0.9057743,0.9057743,-0.0010819439798387077,
batch1,18,667.0,691.0,0.90471947,0.90471947,0.90471947,0.90471947,-0.0010758532580645158,
batch1,18,668.0,691.0,0.90362877,0.90362877,0.90362877,0.90362877,-0.001067656758064512,
batch1,18,669.0,691.0,0.90278435,0.90278435,0.90278435,0.90278435,-0.001061777455645165,
batch1,18,670.0,691.0,0.90151501,0.90151501,0.90151501,0.90151501,-0.00107028179435484,
batch1,18,671.0,691.0,0.90080345,0.90080345,0.90080345,0.90080345,-0.0010951483145161208,
batch1,18,672.0,691.0,0.89953101,0.89953101,0.89953101,0.89953101,-0.0010841780161290199,
batch1,18,673.0,691.0,0.89382702,0.89382702,0.89382702,0.8973735,-0.001087139641129043,
batch1,18,674.0,691.0,0.8973735,0.8973735,0.8973735,0.89623457,-0.001076716048387091,
batch1,18,675.0,691.0,0.89623457,0.89623457,0.89623457,0.89546478,-0.0010674580685483882,
batch1,18,676.0,691.0,0.89546478,0.89546478,0.89546478,0.8940714,,
batch1,18,677.0,691.0,0.8940714,0.8940714,0.8940714,0.89382702,,
batch1,18,678.0,691.0,0.89347458,0.89347458,0.89347458,0.89347458,,
batch1,18,679.0,691.0,0.89221007,0.89221007,0.89221007,0.89221007,,
batch1,18,680.0,691.0,0.89145201,0.89145201,0.89145201,0.89145201,,
batch1,18,681.0,691.0,0.89018822,0.89018822,0.89018822,0.89018822,,
batch1,18,682.0,691.0,0.88915098,0.88915098,0.88915098,0.88915098,,
batch1,18,683.0,691.0,0.88819897,0.88819897,0.88819897,0.88819897,,
batch1,18,684.0,691.0,0.88732493,0.88732493,0.88732493,0.88732493,,
batch1,18,685.0,691.0,0.88396955,0.88396955,0.88396955,0.88422596,,
batch1,18,686.0,691.0,0.88017046,0.88017046,0.88017046,,,
batch1,18,687.0,691.0,0.88422596,0.88422596,0.88422596,,,
batch1,18,688.0,691.0,0.88109094,0.88109094,0.88109094,,,
batch1,18,689.0,691.0,0.88230097,0.88230097,0.88230097,,,
batch1,18,690.0,691.0,0.88114411,0.88114411,0.88114411,,,
batch2,11,10.0,449.0,1.0982223,1.0982223,1.0982223,,,
batch2,11,11.0,449.0,1.0982047,1.0982047,1.0982047,,,
batch2,11,12.0,449.0,1.0973511,1.0973511,1.0973511,,,
batch2,11,13.0,449.0,1.0998559,1.0998559,1.0998559,,,
batch2,11,14.0,449.0,1.0997298,1.0997298,1.0997298,,,
batch2,11,15.0,449.0,1.0985316,1.0985316,1.0985316,1.0994618,,
batch2,11,16.0,449.0,1.0995364,1.0995364,1.0995364,1.0995272,,
batch2,11,17.0,449.0,1.0986482,1.0986482,1.0986482,1.0995364,,
batch2,11,18.0,449.0,1.0996583,1.0996583,1.0996583,1.0996583,,
batch2,11,19.0,449.0,1.0995272,1.0995272,1.0995272,1.0996583,,
batch2,11,20.0,449.0,1.0994618,1.0994618,1.0994618,1.0996583,,
batch2,11,21.0,449.0,1.1007781,1.1007781,1.1007781,1.0996583,,
batch2,11,22.0,449.0,1.1005223,1.1005223,1.1005223,1.0999731,,
batch2,11,23.0,449.0,1.1005046,1.1005046,1.1005046,1.1001827,,
batch2,11,24.0,449.0,1.1011547,1.1011547,1.1011547,1.1003582,,
batch2,11,25.0,449.0,1.1001827,1.1001827,1.1001827,1.1003582,0.00010706177419354973,
batch2,11,26.0,449.0,1.0989101,1.0989101,1.0989101,1.1004893,0.00010680387096774344,
batch2,11,27.0,449.0,1.0999731,1.0999731,1.0999731,1.1004893,0.00010625161290321028,
batch2,11,28.0,449.0,1.1004893,1.1004893,1.1004893,1.1004893,0.00010623213709676686,
batch2,11,29.0,449.0,1.1003582,1.1003582,1.1003582,1.1003582,0.00010503685483868339,
batch2,11,30.0,449.0,1.0981206,1.0981206,1.0981206,1.1003582,0.00011033056451613591,
batch2,11,31.0,449.0,1.1006376,1.1006376,1.1006376,1.1004893,-0.0007341414516129146,
batch2,11,32.0,449.0,1.1008356,1.1008356,1.1008356,1.1004961,-0.000690910241935479,
batch2,11,33.0,449.0,1.1009458,1.1009458,1.1009458,1.1006376,-0.0006534969758064717,
batch2,11,34.0,449.0,1.1001402,1.1001402,1.1001402,1.1007982,-0.0006035054838709675,
batch2,11,35.0,449.0,1.1007982,1.1007982,1.1007982,1.1008135,-0.0005573079435483809,
batch2,11,36.0,449.0,1.1004961,1.1004961,1.1004961,1.1008356,-0.000507830403225803,
batch2,11,37.0,449.0,1.102071,1.102071,1.102071,1.1009458,-0.0004426443951612896,
batch2,11,38.0,449.0,1.1008135,1.1008135,1.1008135,1.1017389,-0.00038425508064515886,
batch2,11,39.0,449.0,1.104144,1.104144,1.104144,1.1017389,-0.0003308281854838678,
batch2,11,40.0,449.0,1.1017389,1.1017389,1.1017389,1.1020097,-0.00026531524193548935,
batch2,11,41.0,449.0,1.1020097,1.1020097,1.1020097,1.1020097,-0.0002077377822580634,
batch2,11,42.0,449.0,1.1022323,1.1022323,1.1022323,1.1020097,-0.00015513854838710597,
batch2,11,43.0,449.0,1.1034994,1.1034994,1.1034994,1.1017389,-9.271447580645697e-05,
batch2,11,44.0,449.0,1.1010431,1.1010431,1.1010431,1.1017389,-3.888705645160785e-05,
batch2,11,45.0,449.0,1.1023296,1.1023296,1.1023296,1.1010702,1.1798870967752607e-05,
batch2,11,46.0,449.0,0.9632864,0.9632864,0.9632864,1.1010702,5.680072580644818e-05,
batch2,11,47.0,449.0,1.0999652,1.0999652,1.0999652,1.1010702,0.0001090973387096762,9.470708677099175e-05
batch2,11,48.0,449.0,1.0999793,1.0999793,1.0999793,1.1010702,0.00016529524193548777,9.98801308677083e-05
batch2,11,49.0,449.0,1.1010702,1.1010702,1.1010702,1.1010702,0.0002089190322580606,0.00010500804836415206
batch2,11,50.0,449.0,1.1006769,1.1006769,1.1006769,1.1012563,0.00025347786290322863,0.0001076933627311559
batch2,11,51.0,449.0,1.1013656,1.1013656,1.1013656,1.1012563,0.0003221256048387032,0.00011369644381223608
batch2,11,52.0,449.0,1.1026856,1.1026856,1.1026856,1.1013656,0.00037846802419354964,0.00012073868278805322
batch2,11,53.0,449.0,1.1019619,1.1019619,1.1019619,1.1019619,0.0004437740725806481,0.00012473761877667265
batch2,11,54.0,449.0,1.1012563,1.1012563,1.1012563,1.1021776,0.0004974837096774228,0.00013050285348505908
batch2,11,55.0,449.0,1.1026112,1.1026112,1.1026112,1.1021776,0.0005768139112903186,0.00013561511806543466
batch2,11,56.0,449.0,1.1024331,1.1024331,1.1024331,1.1024331,0.000633762419354852,0.0001414398605974403
batch2,11,57.0,449.0,1.1031175,1.1031175,1.1031175,1.1024331,0.00070340778225806,0.00014866439544808157
batch2,11,58.0,449.0,1.1038885,1.1038885,1.1038885,1.1024331,0.0007585438306451633,0.00015379905832146984
batch2,11,59.0,449.0,1.1021776,1.1021776,1.1021776,1.1024331,0.0008348152016129018,0.0001595745433854919
batch2,11,60.0,449.0,1.1019106,1.1019106,1.1019106,1.1024331,0.0008951539516129024,0.00016682618492176634
batch2,11,61.0,449.0,1.1034611,1.1034611,1.1034611,1.1024331,0.0009582505645161233,0.00017145930583213856
batch2,11,62.0,449.0,1.1023384,1.1023384,1.1023384,1.1028856,0.00012935850806451815,0.0001790425547652909
batch2,11,63.0,449.0,1.1028856,1.1028856,1.1028856,1.1028856,0.0001252478225806434,0.00018480114651493135
batch2,11,64.0,449.0,1.1008258,1.1008258,1.1008258,1.1028856,0.00012217346774192893,0.00018896254338548866
batch2,11,65.0,449.0,1.1018317,1.1018317,1.1018317,1.1033725,0.00012047258064515387,0.00019457495305831937
batch2,11,66.0,449.0,1.1052253,1.1052253,1.1052253,1.1033725,0.0001145769758064475,0.00020122736557610073
batch2,11,67.0,449.0,1.1038082,1.1038082,1.1038082,1.1033725,0.00011370741935483749,0.00020592524893314182
batch2,11,68.0,449.0,1.1038311,1.1038311,1.1038311,1.1033725,0.00012259124999999937,0.0002098596984352679
batch2,11,69.0,449.0,1.1033725,1.1033725,1.1033725,1.1038082,0.00014372745967741637,0.00021597836130867606
batch2,11,70.0,449.0,1.1042265,1.1042265,1.1042265,1.1038311,0.0001450266532258057,0.0002232030668563197
batch2,11,71.0,449.0,1.103097,1.103097,1.103097,1.1041268,0.0001540718951612883,0.00022731565576102538
batch2,11,72.0,449.0,1.1049979,1.1049979,1.1049979,1.1041268,0.00015288939516128953,0.00023036707823613102
batch2,11,73.0,449.0,1.1025608,1.1025608,1.1025608,1.1042265,0.00015963717741936,0.00023518922617353703
batch2,11,74.0,449.0,1.1047255,1.1047255,1.1047255,1.1047255,0.0001777964112903224,0.00024149826742532224
batch2,11,75.0,449.0,1.1047931,1.1047931,1.1047931,1.1047931,0.0001745765322580584,0.00024676442105262534
batch2,11,76.0,449.0,1.1041268,1.1041268,1.1041268,1.1049979,0.000173094879032257,0.0002507399573257395
batch2,11,77.0,449.0,1.1050839,1.1050839,1.1050839,1.1050395,0.00018245665322580293,0.00025932248933143554
batch2,11,78.0,449.0,1.1051102,1.1051102,1.1051102,1.1050483,0.00018211879032258292,0.00026554026173541945
batch2,11,79.0,449.0,1.1056095,1.1056095,1.1056095,1.1050839,0.00019330181451612013,0.000270307815078236
batch2,11,80.0,449.0,1.1050483,1.1050483,1.1050483,1.1051102,0.00017856508064515879,0.000277190679943099
batch2,11,81.0,449.0,1.1050395,1.1050395,1.1050395,1.1054267,0.00016437048387096936,0.0002844414025604495
batch2,11,82.0,449.0,1.1054267,1.1054267,1.1054267,1.1056095,0.0001810024596774151,0.000287614671408253
batch2,11,83.0,449.0,1.105902,1.105902,1.105902,1.1058544,0.0001733860483870962,0.0002916537780938785
batch2,11,84.0,449.0,1.1089141,1.1089141,1.1089141,1.105902,0.00017862826612903305,0.00014689792603129255
batch2,11,85.0,449.0,1.1068505,1.1068505,1.1068505,1.1065263,0.00017561278225807454,0.00014554907254622757
batch2,11,86.0,449.0,1.1070589,1.1070589,1.1070589,1.1066636,0.00017608028225805927,0.00014190102702702777
batch2,11,87.0,449.0,1.1058544,1.1058544,1.1058544,1.1068505,0.00017078814516128979,0.0001422332574679935
batch2,11,88.0,449.0,1.1066636,1.1066636,1.1066636,1.1070589,0.00017956084677418828,0.00014018895874823463
batch2,11,89.0,449.0,1.1079643,1.1079643,1.1079643,1.1073884,0.00016173786290323158,0.00013928840967282453
batch2,11,90.0,449.0,1.1065263,1.1065263,1.1065263,1.1073884,0.00016632766129031718,0.00014099542247510876
batch2,11,91.0,449.0,1.1073884,1.1073884,1.1073884,1.1073884,0.00016801149193547565,0.00014028079089615996
batch2,11,92.0,449.0,1.1078925,1.1078925,1.1078925,1.1077818,0.00016992383064515484,0.00013934282219061386
batch2,11,93.0,449.0,1.1077818,1.1077818,1.1077818,1.1077818,0.00015828056451612995,0.00013797188620199438
batch2,11,94.0,449.0,1.1094658,1.1094658,1.1094658,1.1078162,0.00014558661290322759,0.0001382533712659964
batch2,11,95.0,449.0,1.1078162,1.1078162,1.1078162,1.1078162,0.00014221096774193727,0.00013779172403983005
batch2,11,96.0,449.0,1.1072989,1.1072989,1.1072989,1.1078925,0.0001454433870967774,0.00013862720056898964
batch2,11,97.0,449.0,1.1091402,1.1091402,1.1091402,1.1086942,0.00013200447580646863,0.00013629949644380557
batch2,11,98.0,449.0,1.1069037,1.1069037,1.1069037,1.1087139,0.00012091213709677126,0.00013559454907538577
batch2,11,99.0,449.0,1.1092116,1.1092116,1.1092116,1.1087139,0.00011842112903225855,0.0001359371550497857
batch2,11,100.0,449.0,1.1086942,1.1086942,1.1086942,1.1087139,0.00013582814516128021,0.00013371650071123715
batch2,11,101.0,449.0,1.1087139,1.1087139,1.1087139,1.1091402,0.00013053032258064927,0.00012911154765291646
batch2,11,102.0,449.0,1.1092656,1.1092656,1.1092656,1.1092116,0.00013743185483870645,0.00012438623328591572
batch2,11,103.0,449.0,1.1099746,1.1099746,1.1099746,1.1092116,0.00013045830645160348,0.00012201337980085274
batch2,11,104.0,449.0,1.1085088,1.1085088,1.1085088,1.1092116,0.00011966133064516254,0.00012280269701280642
batch2,11,105.0,449.0,1.1103019,1.1103019,1.1103019,1.1092656,0.00011436858870967407,0.00011938159317211905
batch2,11,106.0,449.0,1.1101211,1.1101211,1.1101211,1.1096888,0.00010904895161289787,0.00011706041536273186
batch2,11,107.0,449.0,1.1112248,1.1112248,1.1112248,1.1096888,0.00010653427419355657,0.00011454170412517848
batch2,11,108.0,449.0,1.1084359,1.1084359,1.1084359,1.1096888,9.427040322580598e-05,0.0001145434338549122
batch2,11,109.0,449.0,1.1084576,1.1084576,1.1084576,1.1096888,9.833883064515206e-05,0.00011035436130867915
batch2,11,110.0,449.0,1.1096888,1.1096888,1.1096888,1.1101211,0.00010209048387097121,0.00010827250924608846
batch2,11,111.0,449.0,1.1116519,1.1116519,1.1116519,1.1098045,9.863991935483577e-05,0.00010364380654339148
batch2,11,112.0,449.0,1.1093452,1.1093452,1.1093452,1.1098045,9.88483064516202e-05,9.912623044097086e-05
batch2,11,113.0,449.0,1.1096072,1.1096072,1.1096072,1.1098045,0.00010097213709678028,9.911000853485317e-05
batch2,11,114.0,449.0,1.110801,1.110801,1.110801,1.1099573,9.239112903225824e-05,9.549860597439347e-05
batch2,11,115.0,449.0,1.1112045,1.1112045,1.1112045,1.1099573,8.744923387097355e-05,9.298007681366084e-05
batch2,11,116.0,449.0,1.1098045,1.1098045,1.1098045,1.110801,9.04945161290259e-05,9.067579516358868e-05
batch2,11,117.0,449.0,1.1117961,1.1117961,1.1117961,1.110801,8.521754032257323e-05,8.849388335704097e-05
batch2,11,118.0,449.0,1.1111027,1.1111027,1.1111027,1.110801,8.640342741935813e-05,8.60877012802242e-05
batch2,11,119.0,449.0,1.1099573,1.1099573,1.1099573,1.1111027,8.479177419354774e-05,8.332829302987704e-05
batch2,11,120.0,449.0,1.1096995,1.1096995,1.1096995,1.1111027,8.56930645161375e-05,8.183474253200743e-05
batch2,11,121.0,449.0,1.1113446,1.1113446,1.1113446,1.1111027,9.449625000000874e-05,8.191505832147848e-05
batch2,11,122.0,449.0,1.11121,1.11121,1.11121,1.11121,9.486379032258651e-05,8.327171266002857e-05
batch2,11,123.0,449.0,1.1093152,1.1093152,1.1093152,1.11121,8.609447580645781e-05,8.186888193457045e-05
batch2,11,124.0,449.0,1.1122284,1.1122284,1.1122284,1.1113257,7.32489112903277e-05,7.984635561878104e-05
batch2,11,125.0,449.0,1.1106762,1.1106762,1.1106762,1.1113257,6.831556451613199e-05,7.738424751066427e-05
batch2,11,126.0,449.0,1.1113257,1.1113257,1.1113257,1.1113446,6.84050403225841e-05,7.508814224750971e-05
batch2,11,127.0,449.0,1.1127164,1.1127164,1.1127164,1.1114302,6.574459677419226e-05,7.345093598861804e-05
batch2,11,128.0,449.0,1.1114302,1.1114302,1.1114302,1.1115302,5.5939112903225087e-05,7.00940540540582e-05
batch2,11,129.0,449.0,1.1121986,1.1121986,1.1121986,1.1115302,4.987459677419345e-05,6.616351351351147e-05
batch2,11,130.0,449.0,1.1106915,1.1106915,1.1106915,1.1115302,6.108806451611915e-05,6.293377524893108e-05
batch2,11,131.0,449.0,1.1126626,1.1126626,1.1126626,1.112198,5.816024193548744e-05,6.182338833569987e-05
batch2,11,132.0,449.0,1.1115302,1.1115302,1.1115302,1.112198,4.7780201612900975e-05,6.120890753911939e-05
batch2,11,133.0,449.0,1.112198,1.112198,1.112198,1.1119167,5.109322580644318e-05,5.952141394026061e-05
batch2,11,134.0,449.0,1.1111747,1.1111747,1.1111747,1.1119167,3.860189516128283e-05,5.743334566145113e-05
batch2,11,135.0,449.0,1.1132337,1.1132337,1.1132337,1.1119167,4.545661290322908e-05,5.606719772404146e-05
batch2,11,136.0,449.0,1.1129425,1.1129425,1.1129425,1.112198,3.3904153225802956e-05,5.088993172119541e-05
batch2,11,137.0,449.0,1.1119167,1.1119167,1.1119167,1.1119167,3.3671774193546284e-05,4.924516642958863e-05
batch2,11,138.0,449.0,1.1093485,1.1093485,1.1093485,1.1119167,3.4453951612904596e-05,4.655904409672653e-05
batch2,11,139.0,449.0,1.1115243,1.1115243,1.1115243,1.1119167,2.128133064515466e-05,4.732824466571668e-05
batch2,11,140.0,449.0,1.1130152,1.1130152,1.1130152,1.1121956,2.8970161290322043e-05,4.733295021337266e-05
batch2,11,141.0,449.0,1.1128362,1.1128362,1.1128362,1.1119167,2.5674395161297834e-05,4.737421906116793e-05
batch2,11,142.0,449.0,1.1104974,1.1104974,1.1104974,1.1116996,3.184459677420073e-05,4.6069149359890946e-05
batch2,11,143.0,449.0,1.1116996,1.1116996,1.1116996,1.1116996,5.344044354838559e-05,4.436309815078569e-05
batch2,11,144.0,449.0,1.1121956,1.1121956,1.1121956,1.1116996,5.5910927419351966e-05,4.359040113797959e-05
batch2,11,145.0,449.0,1.1139514,1.1139514,1.1139514,1.1119305,6.0231895161293886e-05,4.266180654338816e-05
batch2,11,146.0,449.0,1.111393,1.111393,1.111393,1.1119305,5.064278225806053e-05,3.796666287340034e-05
batch2,11,147.0,449.0,1.1116668,1.1116668,1.1116668,1.1119305,5.890572580644666e-05,3.463811379800725e-05
batch2,11,148.0,449.0,1.1119305,1.1119305,1.1119305,1.1119463,5.67294758064441e-05,3.192244096728136e-05
batch2,11,149.0,449.0,1.1100661,1.1100661,1.1100661,1.1121956,5.503100806451627e-05,3.382238691323104e-05
batch2,11,150.0,449.0,1.1144173,1.1144173,1.1144173,1.1122129,4.643153225806594e-05,3.2648549075395065e-05
batch2,11,151.0,449.0,1.1119463,1.1119463,1.1119463,1.1122129,4.294540322580645e-05,3.068552204836291e-05
batch2,11,152.0,449.0,1.1122129,1.1122129,1.1122129,1.1123875,3.995149193548018e-05,3.0208523470837375e-05
batch2,11,153.0,449.0,1.1125821,1.1125821,1.1125821,1.1125821,4.442129032257617e-05,2.847722901849257e-05
batch2,11,154.0,449.0,1.1123875,1.1123875,1.1123875,1.1128206,2.499947580645458e-05,2.5561789473682623e-05
batch2,11,155.0,449.0,1.112934,1.112934,1.112934,1.112934,2.2938991935487192e-05,2.391217069701688e-05
batch2,11,156.0,449.0,1.1128206,1.1128206,1.1128206,1.1128206,3.161725806451597e-05,2.2786244665721495e-05
batch2,11,157.0,449.0,1.1138358,1.1138358,1.1138358,1.112934,3.2674072580652344e-05,1.9766449502135942e-05
batch2,11,158.0,449.0,1.1150701,1.1150701,1.1150701,1.112934,1.1335000000002662e-05,1.745084210526662e-05
batch2,11,159.0,449.0,1.1134369,1.1134369,1.1134369,1.112934,4.1307258064436605e-06,1.653616785206478e-05
batch2,11,160.0,449.0,1.113057,1.113057,1.113057,1.112934,-2.382459677422114e-06,1.344035561877335e-05
batch2,11,161.0,449.0,1.112422,1.112422,1.112422,1.1129166,2.2798870967735082e-05,9.968179231861686e-06
batch2,11,162.0,449.0,1.1133864,1.1133864,1.1133864,1.1129166,2.419112903225533e-05,8.00256045519595e-06
batch2,11,163.0,449.0,1.1129166,1.1129166,1.1129166,1.1129166,2.2837903225810244e-05,6.608941678518276e-06
batch2,11,164.0,449.0,1.1123757,1.1123757,1.1123757,1.1124287,2.4366451612897656e-05,5.979149359887549e-06
batch2,11,165.0,449.0,1.1123381,1.1123381,1.1123381,1.1124287,5.033870967752911e-07,4.724543385490659e-06
batch2,11,166.0,449.0,1.1110648,1.1110648,1.1110648,1.1124287,1.0730806451615886e-05,2.5679260312948823e-06
batch2,11,167.0,449.0,1.1113122,1.1113122,1.1113122,1.1124412,-1.6865322580787453e-06,-5.201052631603811e-07
batch2,11,168.0,449.0,1.1135317,1.1135317,1.1135317,1.1124287,-1.654108870968237e-05,-2.327328591751034e-06
batch2,11,169.0,449.0,1.1124287,1.1124287,1.1124287,1.1123757,-2.04040322580644e-05,-2.8753854907584017e-06
batch2,11,170.0,449.0,1.1131836,1.1131836,1.1131836,1.1123381,-2.89345161290253e-05,-5.609860597435542e-06
batch2,11,171.0,449.0,1.1134794,1.1134794,1.1134794,1.1124287,-1.903987903225993e-05,-6.944560455193304e-06
batch2,11,172.0,449.0,1.1124412,1.1124412,1.1124412,1.1124412,-1.3319596774195777e-05,-1.047376671408167e-05
batch2,11,173.0,449.0,1.1112068,1.1112068,1.1112068,1.1131836,-6.875040322574862e-06,-9.9245120910439e-06
batch2,11,174.0,449.0,1.1123087,1.1123087,1.1123087,1.1131836,9.574475806452737e-06,-1.063824751066585e-05
batch2,11,175.0,449.0,1.1119345,1.1119345,1.1119345,1.1131836,6.929153225798246e-06,-1.1083061166429893e-05
batch2,11,176.0,449.0,1.1152844,1.1152844,1.1152844,1.1129713,4.52620967741625e-06,-1.635455476529365e-05
batch2,11,177.0,449.0,1.1141691,1.1141691,1.1141691,1.1124412,-6.272903225807046e-06,-2.0714045519199587e-05
batch2,11,178.0,449.0,1.1136082,1.1136082,1.1136082,1.1123087,-3.1282661290345014e-06,-2.1833095305834753e-05
batch2,11,179.0,449.0,1.1139328,1.1139328,1.1139328,1.1124145,-6.159919354837075e-06,-2.2794378378384735e-05
batch2,11,180.0,449.0,1.1118569,1.1118569,1.1118569,1.1124145,-6.272822580649653e-06,-2.5268005689903958e-05
batch2,11,181.0,449.0,1.1129713,1.1129713,1.1129713,1.1129713,-8.448467741936069e-06,-2.75389189189212e-05
batch2,11,182.0,449.0,1.1117667,1.1117667,1.1117667,1.1129713,-3.040415322579689e-05,-2.976458890469619e-05
batch2,11,183.0,449.0,1.1110674,1.1110674,1.1110674,1.1128868,-4.1059677419353964e-05,-2.8516793741110046e-05
batch2,11,184.0,449.0,1.1124145,1.1124145,1.1124145,1.1128868,-4.670637096774752e-05,-3.109597155050159e-05
batch2,11,185.0,449.0,1.1118392,1.1118392,1.1118392,1.1124145,-4.563657258063734e-05,-3.437701280227816e-05
batch2,11,186.0,449.0,1.114266,1.114266,1.114266,1.1124145,-3.913153225806584e-05,-3.740078805121078e-05
batch2,11,187.0,449.0,1.1137856,1.1137856,1.1137856,1.111943,-4.2565725806452344e-05,-4.219060028449503e-05
batch2,11,188.0,449.0,1.1128868,1.1128868,1.1128868,1.1123503,-4.914310483871321e-05,-4.147614793741394e-05
batch2,11,189.0,449.0,1.1131611,1.1131611,1.1131611,1.1123503,-7.336903225805717e-05,-4.470545376955912e-05
batch2,11,190.0,449.0,1.1116189,1.1116189,1.1116189,1.1123503,-7.354528225807096e-05,-4.7394287339969635e-05
batch2,11,191.0,449.0,1.111943,1.111943,1.111943,1.1124673,-8.088092741935404e-05,-4.957316927453586e-05
batch2,11,192.0,449.0,1.1111579,1.1111579,1.1111579,1.1123503,-7.215427419355462e-05,-5.157538549075409e-05
batch2,11,193.0,449.0,1.1123503,1.1123503,1.1123503,1.1121348,-6.498709677419149e-05,-5.3001388335705426e-05
batch2,11,194.0,449.0,1.1117612,1.1117612,1.1117612,1.111943,-6.665749999999166e-05,-5.453717211948351e-05
batch2,11,195.0,449.0,1.1127437,1.1127437,1.1127437,1.111943,-5.435967741935672e-05,-5.615413371266343e-05
batch2,11,196.0,449.0,1.1124673,1.1124673,1.1124673,1.1121348,-6.029435483870187e-05,-5.641630725461992e-05
batch2,11,197.0,449.0,1.1105638,1.1105638,1.1105638,1.1121348,-5.107806451612907e-05,-5.7177891891893454e-05
batch2,11,198.0,449.0,1.1121348,1.1121348,1.1121348,1.1121348,-6.10538709677401e-05,-5.992246657183501e-05
batch2,11,199.0,449.0,1.1106503,1.1106503,1.1106503,1.1117612,-8.3057217741938e-05,-6.385828733996859e-05
batch2,11,200.0,449.0,1.1127452,1.1127452,1.1127452,1.1121348,-8.656733870968783e-05,-6.500579800853597e-05
batch2,11,201.0,449.0,1.1128597,1.1128597,1.1128597,1.1115264,-9.138108870967745e-05,-6.601064580369531e-05
batch2,11,202.0,449.0,1.1108793,1.1108793,1.1108793,1.1112937,-7.457576612902929e-05,-6.918826173542225e-05
batch2,11,203.0,449.0,1.1112937,1.1112937,1.1112937,1.1112937,-6.590536290322493e-05,-7.107135135135156e-05
batch2,11,204.0,449.0,1.109616,1.109616,1.109616,1.1111999,-6.47344354838668e-05,-7.607847226173559e-05
batch2,11,205.0,449.0,1.1123108,1.1123108,1.1123108,1.1112937,-5.19459677419386e-05,-8.024238975818126e-05
batch2,11,206.0,449.0,1.1115264,1.1115264,1.1115264,1.1111999,-5.4929435483870375e-05,-8.123290469416797e-05
batch2,11,207.0,449.0,1.1105816,1.1105816,1.1105816,1.1111999,-6.122653225806516e-05,-8.289003982929889e-05
batch2,11,208.0,449.0,1.1111999,1.1111999,1.1111999,1.1111999,-7.209987903226184e-05,-8.570122901849347e-05
batch2,11,209.0,449.0,1.1101391,1.1101391,1.1101391,1.1109334,-7.353661290322616e-05,-8.811745376956179e-05
batch2,11,210.0,449.0,1.111871,1.111871,1.111871,1.1109334,-7.31202419354808e-05,-8.906775533427849e-05
batch2,11,211.0,449.0,1.1109334,1.1109334,1.1109334,1.1106427,-7.374838709676778e-05,-9.269887624466802e-05
batch2,11,212.0,449.0,1.1121881,1.1121881,1.1121881,1.1106427,-7.366540322580444e-05,-9.506464295874699e-05
batch2,11,213.0,449.0,1.1102477,1.1102477,1.1102477,1.1106427,-8.437435483870568e-05,-9.858081934566348e-05
batch2,11,214.0,449.0,1.1089038,1.1089038,1.1089038,1.110535,-8.270479838710277e-05,-9.836395448079664e-05
batch2,11,215.0,449.0,1.1103802,1.1103802,1.1103802,1.1106427,-9.00778225806433e-05,-9.879052631579049e-05
batch2,11,216.0,449.0,1.1106427,1.1106427,1.1106427,1.110535,-8.390814516129085e-05,-9.980532005689948e-05
batch2,11,217.0,449.0,1.1115487,1.1115487,1.1115487,1.1104003,-8.293491935483255e-05,-9.918102133712751e-05
batch2,11,218.0,449.0,1.110535,1.110535,1.110535,1.1103802,-9.361149193548774e-05,-0.00010275025320056889
batch2,11,219.0,449.0,1.1100371,1.1100371,1.1100371,1.1103802,-9.429625000000263e-05,-0.00010416000284495273
batch2,11,220.0,449.0,1.1114753,1.1114753,1.1114753,1.1103802,-0.00011460403225805453,-0.00010864710384068378
batch2,11,221.0,449.0,1.1104003,1.1104003,1.1104003,1.1102506,-0.00012041774193548702,-0.00011287497297296873
batch2,11,222.0,449.0,1.1094255,1.1094255,1.1094255,1.1100371,-0.00011990955645161748,-0.00011584158179232195
batch2,11,223.0,449.0,1.1093385,1.1093385,1.1093385,1.1095055,-0.00012124088709677242,-0.0001187379829302982
batch2,11,224.0,449.0,1.1095055,1.1095055,1.1095055,1.1094255,-0.00012760802419354103,-0.00011885763015646995
batch2,11,225.0,449.0,1.1102506,1.1102506,1.1102506,1.1093819,-0.00013231975806450875,-0.00011848088193456621
batch2,11,226.0,449.0,1.1089292,1.1089292,1.1089292,1.1093385,-0.00013576209677419756,-0.00012085181507823835
batch2,11,227.0,449.0,1.1090873,1.1090873,1.1090873,1.1092868,-0.00014047620967743045,-0.00012250446941678138
batch2,11,228.0,449.0,1.1091081,1.1091081,1.1091081,1.1092004,-0.00013169810483871093,-0.00012542168990042733
batch2,11,229.0,449.0,1.1093819,1.1093819,1.1093819,1.1091081,-0.00013147044354838074,-0.00012805975248932847
batch2,11,230.0,449.0,1.1092868,1.1092868,1.1092868,1.1090873,-0.00015096826612904542,-0.00013035610241820755
batch2,11,231.0,449.0,1.1092004,1.1092004,1.1092004,1.1089292,-0.00016042923387097553,-0.00013211943669985576
batch2,11,232.0,449.0,1.1079828,1.1079828,1.1079828,1.1088516,-0.00015266600806450857,-0.00013304380369843447
batch2,11,233.0,449.0,1.107844,1.107844,1.107844,1.1085732,-0.00014639766129032557,-0.0001337956529160716
batch2,11,234.0,449.0,1.1088516,1.1088516,1.1088516,1.1080981,-0.00014494346774193947,-0.00013478043243243386
batch2,11,235.0,449.0,1.107234,1.107234,1.107234,1.1080689,-0.00015026161290322275,-0.00013781402560455395
batch2,11,236.0,449.0,1.1065971,1.1065971,1.1065971,1.1079828,-0.0001448653225806447,-0.00013938176955903363
batch2,11,237.0,449.0,1.1080981,1.1080981,1.1080981,1.107844,-0.00014232963709677105,-0.00014231897581791855
batch2,11,238.0,449.0,1.1085732,1.1085732,1.1085732,1.1073223,-0.00014544959677419402,-0.00014362495305832163
batch2,11,239.0,449.0,1.1069472,1.1069472,1.1069472,1.1073223,-0.0001414501209677376,-0.00014493790896158792
batch2,11,240.0,449.0,1.1080689,1.1080689,1.1080689,1.107234,-0.00014762342741935056,-0.00014999466002844886
batch2,11,241.0,449.0,1.1062934,1.1062934,1.1062934,1.1069472,-0.00014265391129032005,-0.0001498588307254627
batch2,11,242.0,449.0,1.1067114,1.1067114,1.1067114,1.1073223,-0.00015560979838710653,-0.00015292046941678438
batch2,11,243.0,449.0,1.1073223,1.1073223,1.1073223,1.1069472,-0.0001607932258064492,-0.00015494690753911573
batch2,11,244.0,449.0,1.107654,1.107654,1.107654,1.1067114,-0.00016604173387095879,-0.0001561779317211958
batch2,11,245.0,449.0,1.1056533,1.1056533,1.1056533,1.1063596,-0.0001647460483870983,-0.0001589088136557609
batch2,11,246.0,449.0,1.1055212,1.1055212,1.1055212,1.106299,-0.00016227858870967058,-0.0001633947453769544
batch2,11,247.0,449.0,1.107765,1.107765,1.107765,1.106299,-0.00015404568548388288,-0.00016708699857752248
batch2,11,248.0,449.0,1.1063596,1.1063596,1.1063596,1.1056533,-0.00016350697580645615,-0.00016931244096728555
batch2,11,249.0,449.0,1.106299,1.106299,1.106299,1.1056533,-0.0001709539516128973,-0.00017051988904693983
batch2,11,250.0,449.0,1.105428,1.105428,1.105428,1.105624,-0.00016923028225806724,-0.00017212209957325803
batch2,11,251.0,449.0,1.1053581,1.1053581,1.1053581,1.1055212,-0.00017736149193547677,-0.00017600302987197898
batch2,11,252.0,449.0,1.105624,1.105624,1.105624,1.105428,-0.00018240294354839097,-0.000179559510668562
batch2,11,253.0,449.0,1.1054103,1.1054103,1.1054103,1.1054103,-0.00018208508064515317,-0.00018348737411095492
batch2,11,254.0,449.0,1.1064125,1.1064125,1.1064125,1.1053581,-0.00016956943548387281,-0.00018627719203413725
batch2,11,255.0,449.0,1.1043574,1.1043574,1.1043574,1.1050617,-0.00017198774193548396,-0.00018727248079658282
batch2,11,256.0,449.0,1.1050617,1.1050617,1.1050617,1.1043574,-0.00016668330645161524,-0.00018969990327169067
batch2,11,257.0,449.0,1.1031616,1.1031616,1.1031616,1.1043574,-0.00017212588709677993,-0.0001937358236130876
batch2,11,258.0,449.0,1.1038935,1.1038935,1.1038935,1.1039313,-0.00017589298387095473,-0.0001937140142247503
batch2,11,259.0,449.0,1.1035143,1.1035143,1.1035143,1.1038935,-0.0001740316129032213,-0.00019619098150782343
batch2,11,260.0,449.0,1.1039313,1.1039313,1.1039313,1.1038631,-0.0001728323790322546,-0.00019976900711237802
batch2,11,261.0,449.0,1.1038631,1.1038631,1.1038631,1.1035143,-0.00018445963709677374,-0.00020387928876244548
batch2,11,262.0,449.0,1.1045469,1.1045469,1.1045469,1.103405,-0.0002060339919354777,-0.00020476972403982844
batch2,11,263.0,449.0,1.10261,1.10261,1.10261,1.103405,-0.00018503790322580823,-0.00020777307539118195
batch2,11,264.0,449.0,1.1027329,1.1027329,1.1027329,1.103405,-0.00018039048387096746,-0.00021202100426742561
batch2,11,265.0,449.0,1.1028336,1.1028336,1.1028336,1.1028336,-0.0001861768951612828,-0.00021578509815078266
batch2,11,266.0,449.0,1.1025285,1.1025285,1.1025285,1.1027329,-0.0001873725000000007,-0.00022006301564722486
batch2,11,267.0,449.0,1.103405,1.103405,1.103405,1.10261,-0.00019151213709677064,-0.00022249129160739747
batch2,11,268.0,449.0,1.1024772,1.1024772,1.1024772,1.102547,-0.0002072968145161367,-0.00022443626173541766
batch2,11,269.0,449.0,1.1036124,1.1036124,1.1036124,1.1025285,-0.00021211516129032186,-0.00022775999715505263
batch2,11,270.0,449.0,1.102547,1.102547,1.102547,1.1024772,-0.00021186439516129591,-0.00023242663157894562
batch2,11,271.0,449.0,1.102334,1.102334,1.102334,1.102334,-0.0002119752419354804,-0.00023731166714082585
batch2,11,272.0,449.0,1.1020687,1.1020687,1.1020687,1.1020687,-0.00021742661290322844,-0.0002407572887624431
batch2,11,273.0,449.0,1.1016182,1.1016182,1.1016182,1.1020687,-0.00023544451612903718,-0.0002444179943101025
batch2,11,274.0,449.0,1.1015576,1.1015576,1.1015576,1.1016182,-0.00023810625000000312,-0.0002492839971550537
batch2,11,275.0,449.0,1.10071,1.10071,1.10071,1.1015576,-0.00025389911290321735,-0.0002533851266002858
batch2,11,276.0,449.0,1.1002605,1.1002605,1.1002605,1.1010169,-0.0002613473790322554,-0.00025547778378378754
batch2,11,277.0,449.0,1.0983973,1.0983973,1.0983973,1.10071,-0.0002637809274193542,-0.00026024138264580223
batch2,11,278.0,449.0,1.1025673,1.1025673,1.1025673,1.1002605,-0.0002632308064516138,-0.00026305587197724214
batch2,11,279.0,449.0,1.1010169,1.1010169,1.1010169,1.1002018,-0.00028020681451613213,-0.0002681152261735456
batch2,11,280.0,449.0,1.0990003,1.0990003,1.0990003,1.0994412,-0.00028124907258063987,-0.0002755087482219067
batch2,11,281.0,449.0,1.1002018,1.1002018,1.1002018,1.0991317,-0.00028921681451612644,-0.00027794013940255803
batch2,11,282.0,449.0,1.0994412,1.0994412,1.0994412,1.0990003,-0.00029870040322580414,-0.0002806144779516357
batch2,11,283.0,449.0,1.0968378,1.0968378,1.0968378,1.0990003,-0.0003041740725806563,-0.0002861531891891912
batch2,11,284.0,449.0,1.0982931,1.0982931,1.0982931,1.0982931,-0.00029673060483871333,-0.000293655251778096
batch2,11,285.0,449.0,1.0975877,1.0975877,1.0975877,1.0978895,-0.0002982833870967788,-0.00029556543669986173
batch2,11,286.0,449.0,1.0991317,1.0991317,1.0991317,1.0975877,-0.0003041141935483892,-0.0003011176586059711
batch2,11,287.0,449.0,1.0971491,1.0971491,1.0971491,1.0971491,-0.00030812427419355437,-0.00030514821621621755
batch2,11,288.0,449.0,1.0965707,1.0965707,1.0965707,1.0968378,-0.00031560637096774097,-0.0003096428392603112
batch2,11,289.0,449.0,1.0978895,1.0978895,1.0978895,1.0965707,-0.00031562544354839304,-0.0003139648677098168
batch2,11,290.0,449.0,1.0957227,1.0957227,1.0957227,1.0965204,-0.00031168995967742355,-0.00032137042674253174
batch2,11,291.0,449.0,1.0961381,1.0961381,1.0961381,1.0963343,-0.0003196621370967753,-0.00032565871408250433
batch2,11,292.0,449.0,1.0965204,1.0965204,1.0965204,1.0961381,-0.0003296657258064526,-0.0003283374310099612
batch2,11,293.0,449.0,1.0957948,1.0957948,1.0957948,1.0957948,-0.00035091741935484866,-0.00033497608819345613
batch2,11,294.0,449.0,1.0943797,1.0943797,1.0943797,1.0957948,-0.0003426862499999948,-0.0003386301337126554
batch2,11,295.0,449.0,1.0963343,1.0963343,1.0963343,1.0957227,-0.0003335220564516072,-0.00034461511806543497
batch2,11,296.0,449.0,1.0946553,1.0946553,1.0946553,1.0946553,-0.00033879846774194025,-0.0003496744864864871
batch2,11,297.0,449.0,1.0941849,1.0941849,1.0941849,1.0943797,-0.00034019532258064964,-0.000354495359886205
batch2,11,298.0,449.0,1.0933567,1.0933567,1.0933567,1.0941849,-0.0003363070564516145,-0.00035852156187766835
batch2,11,299.0,449.0,1.0958121,1.0958121,1.0958121,1.0933567,-0.00035345419354838967,-0.000363402310099575
batch2,11,300.0,449.0,1.0926695,1.0926695,1.0926695,1.0926695,-0.0003564224596774104,-0.0003669299203413934
batch2,11,301.0,449.0,1.0923691,1.0923691,1.0923691,1.0923691,-0.00036489233870967995,-0.0003729848591749661
batch2,11,302.0,449.0,1.0922188,1.0922188,1.0922188,1.0923405,-0.00037827911290323166,-0.00037813173541963115
batch2,11,303.0,449.0,1.0912534,1.0912534,1.0912534,1.0922468,-0.0003772947580645139,-0.0003821312603129462
batch2,11,304.0,449.0,1.0922468,1.0922468,1.0922468,1.0922188,-0.0003827841935483846,-0.00038805082219060935
batch2,11,305.0,449.0,1.0923405,1.0923405,1.0923405,1.0912534,-0.0003831017741935461,-0.0003919766344238978
batch2,11,306.0,449.0,1.0906614,1.0906614,1.0906614,1.0906614,-0.00040600733870967983,-0.0003975253769559021
batch2,11,307.0,449.0,1.0901351,1.0901351,1.0901351,1.090359,-0.0004064909677419335,-0.0004038167624466561
batch2,11,308.0,449.0,1.0895878,1.0895878,1.0895878,1.0901351,-0.00041592745967742077,-0.0004097774281650041
batch2,11,309.0,449.0,1.089427,1.089427,1.089427,1.0895878,-0.0004191327016129032,-0.0004158899231863458
batch2,11,310.0,449.0,1.090359,1.090359,1.090359,1.089427,-0.00042741943548388204,-0.00042150932574680066
batch2,11,311.0,449.0,1.089412,1.089412,1.089412,1.089412,-0.00042075302419354355,-0.0004266323869132288
batch2,11,312.0,449.0,1.0881326,1.0881326,1.0881326,1.0890131,-0.0004424833467741963,-0.0004331919345661458
batch2,11,313.0,449.0,1.0890131,1.0890131,1.0890131,1.0881326,-0.00044600971774193563,-0.00043995120341394574
batch2,11,314.0,449.0,1.087617,1.087617,1.087617,1.0877942,-0.00045060052419354263,-0.0004450423726884767
batch2,11,315.0,449.0,1.0877942,1.0877942,1.0877942,1.087617,-0.0004485433064516131,-0.00045243346799431216
batch2,11,316.0,449.0,1.0869371,1.0869371,1.0869371,1.0872337,-0.00045130633064516577,-0.0004568838378378373
batch2,11,317.0,449.0,1.0837672,1.0837672,1.0837672,1.0869371,-0.0004566407661290329,-0.00046324885633001317
batch2,11,318.0,449.0,1.0872337,1.0872337,1.0872337,1.0861193,-0.00046080233870968086,-0.0004701974395448078
batch2,11,319.0,449.0,1.0861193,1.0861193,1.0861193,1.0849675,-0.0004661521370967748,-0.0004749303556187789
batch2,11,320.0,449.0,1.0848709,1.0848709,1.0848709,1.0848709,-0.0004621150806451683,-0.0004815460711237539
batch2,11,321.0,449.0,1.0825797,1.0825797,1.0825797,1.0837672,-0.0004605432661290261,-0.000490393266002846
batch2,11,322.0,449.0,1.0849675,1.0849675,1.0849675,1.0831933,-0.00046446774193547886,-0.0004993603100995753
batch2,11,323.0,449.0,1.0823348,1.0823348,1.0823348,1.0830225,-0.0004732229032258099,-0.0005067360142247489
batch2,11,324.0,449.0,1.0831933,1.0831933,1.0831933,1.0826527,-0.0004796168145161323,-0.0005136222190611667
batch2,11,325.0,449.0,1.0830225,1.0830225,1.0830225,1.0825797,-0.000479885604838719,-0.000520615453769563
batch2,11,326.0,449.0,1.0826527,1.0826527,1.0826527,1.0823348,-0.0004822255645161317,-0.0005301297553342838
batch2,11,327.0,449.0,1.0788366,1.0788366,1.0788366,1.0812935,-0.00048264826612902986,-0.0005366419089615919
batch2,11,328.0,449.0,1.0812935,1.0812935,1.0812935,1.0811415,-0.0004934478225806404,-0.0005469502816500707
batch2,11,329.0,449.0,1.0811415,1.0811415,1.0811415,1.0802287,-0.0005084779838709674,-0.0005566312773826464
batch2,11,330.0,449.0,1.0788072,1.0788072,1.0788072,1.0792946,-0.0005217766532258078,-0.0005666941934566094
batch2,11,331.0,449.0,1.0802287,1.0802287,1.0802287,1.0788366,-0.000531768548387092,-0.0005742013143669942
batch2,11,332.0,449.0,1.0792946,1.0792946,1.0792946,1.0788072,-0.0005407985887096724,-0.0005835088477951632
batch2,11,333.0,449.0,1.0787772,1.0787772,1.0787772,1.0787772,-0.0005628860483871035,-0.000591757487908961
batch2,11,334.0,449.0,1.0787144,1.0787144,1.0787144,1.0787144,-0.0005699599193548399,-0.0006027654879089614
batch2,11,335.0,449.0,1.0783708,1.0783708,1.0783708,1.0783708,-0.0005776505241935437,-0.0006137323100995725
batch2,11,336.0,449.0,1.0769382,1.0769382,1.0769382,1.0769382,-0.0005788144354838703,-0.0006234245405405395
batch2,11,337.0,449.0,1.0767937,1.0767937,1.0767937,1.0767937,-0.0005948997983870894,-0.0006316829103840692
batch2,11,338.0,449.0,1.0756319,1.0756319,1.0756319,1.0758935,-0.0006034302016129033,-0.0006443668933143648
batch2,11,339.0,449.0,1.0756392,1.0756392,1.0756392,1.0756392,-0.0006283187096774224,-0.0006568315078236107
batch2,11,340.0,449.0,1.0758935,1.0758935,1.0758935,1.0756319,-0.000637005120967733,-0.0006671140711237586
batch2,11,341.0,449.0,1.0736547,1.0736547,1.0736547,1.0738682,-0.0006394801209677381,-0.000679854381223331
batch2,11,342.0,449.0,1.0738682,1.0738682,1.0738682,1.0736547,-0.0006486354838709703,-0.0006915174822190654
batch2,11,343.0,449.0,1.072481,1.072481,1.072481,1.072481,-0.0006768090725806515,-0.0007030056216216226
batch2,11,344.0,449.0,1.0697989,1.0697989,1.0697989,1.0702934,-0.0006976107661290406,-0.0007168928108108138
batch2,11,345.0,449.0,1.0702934,1.0702934,1.0702934,1.0697989,-0.0007032493951612907,-0.0007298340881934546
batch2,11,346.0,449.0,1.0694962,1.0694962,1.0694962,1.0694962,-0.0007283345161290447,-0.000743955624466572
batch2,11,347.0,449.0,1.0693496,1.0693496,1.0693496,1.0693995,-0.0007308371370967694,-0.0007591027226173566
batch2,11,348.0,449.0,1.0693995,1.0693995,1.0693995,1.0693496,-0.0007478471370967729,-0.0007708654253200567
batch2,11,349.0,449.0,1.0672263,1.0672263,1.0672263,1.0681139,-0.0007563257661290205,-0.0007857471209103882
batch2,11,350.0,449.0,1.0669792,1.0669792,1.0669792,1.0672263,-0.0007712702822580599,-0.0008012517866287323
batch2,11,351.0,449.0,1.0681139,1.0681139,1.0681139,1.0669792,-0.0007841844758064553,-0.0008187141365576052
batch2,11,352.0,449.0,1.0669737,1.0669737,1.0669737,1.0669737,-0.0008076625403225766,-0.0008348957695590316
batch2,11,353.0,449.0,1.0646354,1.0646354,1.0646354,1.0646354,-0.0008098096370967727,-0.0008504979004267434
batch2,11,354.0,449.0,1.0633836,1.0633836,1.0633836,1.0638832,-0.0008183406048387003,-0.0008684637524893311
batch2,11,355.0,449.0,1.0638832,1.0638832,1.0638832,1.063805,-0.000830111854838711,-0.0008889255021337105
batch2,11,356.0,449.0,1.063805,1.063805,1.063805,1.0633836,-0.0008426952822580605,-0.0009052797012802266
batch2,11,357.0,449.0,1.0618138,1.0618138,1.0618138,1.0618138,-0.0008626933064516044,-0.000923240637268849
batch2,11,358.0,449.0,1.0613507,1.0613507,1.0613507,1.0613507,-0.0008656168548387065,-0.0009423464495021349
batch2,11,359.0,449.0,1.0587831,1.0587831,1.0587831,1.0599515,-0.0008812368951612834,-0.000964533891891892
batch2,11,360.0,449.0,1.0599515,1.0599515,1.0599515,1.0587831,-0.000917184032258061,-0.0009826652716927481
batch2,11,361.0,449.0,1.0578136,1.0578136,1.0578136,1.0586314,-0.0009439308467741904,-0.0010040996159317202
batch2,11,362.0,449.0,1.0586314,1.0586314,1.0586314,1.0578136,-0.0009590140322580681,-0.0010241998236130865
batch2,11,363.0,449.0,1.0557894,1.0557894,1.0557894,1.0561848,-0.0009803331854838703,-0.0010451736017069717
batch2,11,364.0,449.0,1.0561848,1.0561848,1.0561848,1.0557894,-0.000997731572580643,-0.0010639036159317214
batch2,11,365.0,449.0,1.0536766,1.0536766,1.0536766,1.0536766,-0.001024954798387094,-0.0010884718105263163
batch2,11,366.0,449.0,1.0527096,1.0527096,1.0527096,1.0527174,-0.0010539116532258166,-0.0011110863980085416
batch2,11,367.0,449.0,1.0507804,1.0507804,1.0507804,1.0527096,-0.0010629598790322453,-0.0011320819166429565
batch2,11,368.0,449.0,1.0527174,1.0527174,1.0527174,1.0512961,-0.0010783011290322593,-0.0011552714509246084
batch2,11,369.0,449.0,1.0512961,1.0512961,1.0512961,1.0507804,-0.0011090531854838664,-0.0011782216961593104
batch2,11,370.0,449.0,1.0491302,1.0491302,1.0491302,1.0491302,-0.001130007862903215,-0.001202429318634422
batch2,11,371.0,449.0,1.0469574,1.0469574,1.0469574,1.0469574,-0.0011563763306451514,-0.001228807965007114
batch2,11,372.0,449.0,1.0461905,1.0461905,1.0461905,1.0469548,-0.0011742600403225963,-0.0012524321610241816
batch2,11,373.0,449.0,1.0469548,1.0469548,1.0469548,1.0461905,-0.0012166795564515981,-0.0012760005337126691
batch2,11,374.0,449.0,1.0445411,1.0445411,1.0445411,1.0445411,-0.001240909596774182,-0.0013016119243243252
batch2,11,375.0,449.0,1.0421786,1.0421786,1.0421786,1.0421788,-0.0012744883467741977,-0.0013261915391180664
batch2,11,376.0,449.0,1.0413309,1.0413309,1.0413309,1.0421786,-0.0013045309274193546,-0.0013526318563300112
batch2,11,377.0,449.0,1.0421788,1.0421788,1.0421788,1.0413309,-0.0013373912499999908,-0.0013773548782361306
batch2,11,378.0,449.0,1.039483,1.039483,1.039483,1.039483,-0.0013573912500000045,-0.0014016054862019942
batch2,11,379.0,449.0,1.0380869,1.0380869,1.0380869,1.0380869,-0.0013924077419354929,-0.001428166430725461
batch2,11,380.0,449.0,1.0366931,1.0366931,1.0366931,1.0366931,-0.001418476451612899,-0.00145479631038407
batch2,11,381.0,449.0,1.0346345,1.0346345,1.0346345,1.0346345,-0.001458192580645153,-0.0014843952773826504
batch2,11,382.0,449.0,1.0345594,1.0345594,1.0345594,1.0345594,-0.0014896893145161312,-0.0015126731812233275
batch2,11,383.0,449.0,1.0324982,1.0324982,1.0324982,1.0324982,-0.0015309118951612971,-0.0015404365436699817
batch2,11,384.0,449.0,1.0301461,1.0301461,1.0301461,1.0308019,-0.001551706774193545,-0.0015684196338549092
batch2,11,385.0,449.0,1.0308019,1.0308019,1.0308019,1.0301461,-0.0015789885483870883,-0.0015966917598862038
batch2,11,386.0,449.0,1.0272018,1.0272018,1.0272018,1.0272018,-0.0015982894758064653,-0.0016243256546230446
batch2,11,387.0,449.0,1.0262426,1.0262426,1.0262426,1.0262426,-0.0016355711693548378,-0.00165394080426742
batch2,11,388.0,449.0,1.0218058,1.0218058,1.0218058,1.0226399,-0.0016752969475806595,-0.001682620561024181
batch2,11,389.0,449.0,1.0226399,1.0226399,1.0226399,1.0218058,-0.0016933309072580613,-0.0017076586731152189
batch2,11,390.0,449.0,1.0212523,1.0212523,1.0212523,1.0212523,-0.0017180445725806372,-0.0017338190560455254
batch2,11,391.0,449.0,1.0180886,1.0180886,1.0180886,1.0180886,-0.0017585614354838702,-0.0017625554770981451
batch2,11,392.0,449.0,1.0171123,1.0171123,1.0171123,1.0171123,-0.0017994054556451514,-0.0017903849908961567
batch2,11,393.0,449.0,1.0156528,1.0156528,1.0156528,1.0156528,-0.0018370161975806497,-0.001816896497581793
batch2,11,394.0,449.0,1.0133363,1.0133363,1.0133363,1.0133363,-0.001867381419354834,-0.001842306035561879
batch2,11,395.0,449.0,1.0115637,1.0115637,1.0115637,1.0115637,-0.0018969710483870885,-0.0018702700199146514
batch2,11,396.0,449.0,1.009008,1.009008,1.009008,1.009008,-0.0019310439193548472,-0.0018961900062588867
batch2,11,397.0,449.0,1.0084205,1.0084205,1.0084205,1.0084205,-0.0019638005080645005,-0.001925038426173549
batch2,11,398.0,449.0,1.0059177,1.0059177,1.0059177,1.0059177,-0.001993173221774186,-0.0019514121126600267
batch2,11,399.0,449.0,1.0042381,1.0042381,1.0042381,1.0042381,-0.002017723552419358,-0.0019782658409672822
batch2,11,400.0,449.0,1.0014497,1.0014497,1.0014497,1.0017564,-0.0020485654354838755,-0.002003666400853486
batch2,11,401.0,449.0,1.0017564,1.0017564,1.0017564,1.0014497,-0.0020671512903225804,-0.0020286075775248886
batch2,11,402.0,449.0,0.99794298,0.99794298,0.99794298,0.99794298,-0.0021019891249999915,-0.002052911699857754
batch2,11,403.0,449.0,0.99508929,0.99508929,0.99508929,0.99508929,-0.002143477959677415,-0.002076822860028454
batch2,11,404.0,449.0,0.99445367,0.99445367,0.99445367,0.99445367,-0.002180460185483863,-0.0021017888321479424
batch2,11,405.0,449.0,0.99242383,0.99242383,0.99242383,0.99242383,-0.002204864850806456,-0.0021264994568990004
batch2,11,406.0,449.0,0.98885655,0.98885655,0.98885655,0.98885655,-0.002226240036290323,-0.0021479439291607403
batch2,11,407.0,449.0,0.98615187,0.98615187,0.98615187,0.98615187,-0.002260316137096767,-0.0021698781251778113
batch2,11,408.0,449.0,0.98210341,0.98210341,0.98210341,0.98217183,-0.0022893410483870794,-0.0021925664864864847
batch2,11,409.0,449.0,0.98217183,0.98217183,0.98217183,0.98210341,-0.002317434342741936,-0.0022154816577524897
batch2,11,410.0,449.0,0.97996849,0.97996849,0.97996849,0.97996849,-0.0023448555322580673,-0.002237068089046943
batch2,11,411.0,449.0,0.97683942,0.97683942,0.97683942,0.97683942,-0.002361499282258065,-0.002256628121194873
batch2,11,412.0,449.0,0.97526264,0.97526264,0.97526264,0.97526264,-0.0023863001612903206,-0.0022759055078236104
batch2,11,413.0,449.0,0.97194409,0.97194409,0.97194409,0.97194409,-0.0024075159435483873,
batch2,11,414.0,449.0,0.97076565,0.97076565,0.97076565,0.97076565,-0.002423244858870971,
batch2,11,415.0,449.0,0.96811885,0.96811885,0.96811885,0.96811885,-0.0024371662540322594,
batch2,11,416.0,449.0,0.96531051,0.96531051,0.96531051,0.96531051,-0.0024541747459677354,
batch2,11,417.0,449.0,0.96209753,0.96209753,0.96209753,0.96209753,-0.002463941604838712,
batch2,11,418.0,449.0,0.95768076,0.95768076,0.95768076,0.95858765,-0.0024746932016129005,
batch2,11,419.0,449.0,0.95858765,0.95858765,0.95858765,0.95768076,-0.0024968802096774286,
batch2,11,420.0,449.0,0.95556289,0.95556289,0.95556289,0.95556289,-0.002508146512096768,
batch2,11,421.0,449.0,0.95307207,0.95307207,0.95307207,0.95307207,-0.0025137381532257985,
batch2,11,422.0,449.0,0.94980145,0.94980145,0.94980145,0.94980145,-0.0025307756895161194,
batch2,11,423.0,449.0,0.94712549,0.94712549,0.94712549,0.94712549,-0.0025374348669354946,
batch2,11,424.0,449.0,0.94417053,0.94417053,0.94417053,0.94417053,-0.002561941024193557,
batch2,11,425.0,449.0,0.9419871,0.9419871,0.9419871,0.9419871,-0.002561894330645157,
batch2,11,426.0,449.0,0.94090313,0.94090313,0.94090313,0.94090313,-0.0025691365120967726,
batch2,11,427.0,449.0,0.93756986,0.93756986,0.93756986,0.93756986,-0.00257589514919355,
batch2,11,428.0,449.0,0.93402672,0.93402672,0.93402672,0.93402672,-0.0025793634475806447,
batch2,11,429.0,449.0,0.93264395,0.93264395,0.93264395,0.93264395,-0.0025917302500000055,
batch2,11,430.0,449.0,0.92984945,0.92984945,0.92984945,0.92984945,-0.0025964070524193603,
batch2,11,431.0,449.0,0.9273541,0.9273541,0.9273541,0.9273541,-0.002599245193548398,
batch2,11,432.0,449.0,0.92328453,0.92328453,0.92328453,0.92328453,-0.0026012417459677513,
batch2,11,433.0,449.0,0.92195791,0.92195791,0.92195791,0.92195791,-0.002610972161290332,
batch2,11,434.0,449.0,0.91804552,0.91804552,0.91804552,0.91804552,-0.002627128673387108,
batch2,11,435.0,449.0,0.91539282,0.91539282,0.91539282,0.91539282,,
batch2,11,436.0,449.0,0.91322547,0.91322547,0.91322547,0.91322547,,
batch2,11,437.0,449.0,0.90985829,0.90985829,0.90985829,0.90985829,,
batch2,11,438.0,449.0,0.90919262,0.90919262,0.90919262,0.90919262,,
batch2,11,439.0,449.0,0.90542966,0.90542966,0.90542966,0.90542966,,
batch2,11,440.0,449.0,0.9043045,0.9043045,0.9043045,0.9043045,,
batch2,11,441.0,449.0,0.90025848,0.90025848,0.90025848,0.90025848,,
batch2,11,442.0,449.0,0.8983621,0.8983621,0.8983621,0.8983621,,
batch2,11,443.0,449.0,0.89535618,0.89535618,0.89535618,0.89535618,,
batch2,11,444.0,449.0,0.89209765,0.89209765,0.89209765,0.89209765,,
batch2,11,445.0,449.0,0.88930297,0.88930297,0.88930297,,,
batch2,11,446.0,449.0,0.88699937,0.88699937,0.88699937,,,
batch2,11,447.0,449.0,0.88472611,0.88472611,0.88472611,,,
batch2,11,448.0,449.0,0.88150233,0.88150233,0.88150233,,,
batch2,11,449.0,449.0,0.87977809,0.87977809,0.87977809,,,
batch2,9,10.0,791.0,1.0985823,1.0985823,1.0985823,,,
batch2,9,11.0,791.0,1.0983654,1.0983654,1.0983654,,,
batch2,9,12.0,791.0,1.0969135,1.0969135,1.0969135,,,
batch2,9,13.0,791.0,1.0981386,1.0981386,1.0981386,,,
batch2,9,14.0,791.0,1.0986671,1.0986671,1.0986671,,,
batch2,9,15.0,791.0,1.0983592,1.0983592,1.0983592,1.0984173,,
batch2,9,16.0,791.0,1.0986214,1.0986214,1.0986214,1.0984173,,
batch2,9,17.0,791.0,1.0987419,1.0987419,1.0987419,1.0986214,,
batch2,9,18.0,791.0,1.0977039,1.0977039,1.0977039,1.0986214,,
batch2,9,19.0,791.0,1.0984173,1.0984173,1.0984173,1.0986671,,
batch2,9,20.0,791.0,1.0987936,1.0987936,1.0987936,1.0986214,,
batch2,9,21.0,791.0,1.0996283,1.0996283,1.0996283,1.0987419,,
batch2,9,22.0,791.0,1.0988808,1.0988808,1.0988808,1.0987936,,
batch2,9,23.0,791.0,1.0986192,1.0986192,1.0986192,1.0988197,,
batch2,9,24.0,791.0,1.0988197,1.0988197,1.0988197,1.0988197,,
batch2,9,25.0,791.0,1.0984201,1.0984201,1.0984201,1.0988433,1.55589919354715e-05,
batch2,9,26.0,791.0,1.0988433,1.0988433,1.0988433,1.098868,1.8264516129021476e-05,
batch2,9,27.0,791.0,1.098923,1.098923,1.098923,1.0988433,1.3423911290313977e-05,
batch2,9,28.0,791.0,1.098868,1.098868,1.098868,1.0988433,5.4442338709637445e-06,
batch2,9,29.0,791.0,1.0987651,1.0987651,1.0987651,1.098868,-1.1183064516415683e-06,
batch2,9,30.0,791.0,1.0992076,1.0992076,1.0992076,1.098868,-1.0319556451609934e-05,
batch2,9,31.0,791.0,1.0991663,1.0991663,1.0991663,1.0988711,-8.013024193562544e-06,
batch2,9,32.0,791.0,1.0988089,1.0988089,1.0988089,1.098923,-9.011491935491986e-06,
batch2,9,33.0,791.0,1.0991334,1.0991334,1.0991334,1.0988711,-1.1437822580661925e-05,
batch2,9,34.0,791.0,1.0988711,1.0988711,1.0988711,1.0988711,-1.5638669354840782e-05,
batch2,9,35.0,791.0,1.0987267,1.0987267,1.0987267,1.0988711,-2.0407137096772123e-05,
batch2,9,36.0,791.0,1.0998936,1.0998936,1.0998936,1.0988711,-2.89699193548439e-05,
batch2,9,37.0,791.0,1.0991364,1.0991364,1.0991364,1.0988089,-2.497915322579662e-05,
batch2,9,38.0,791.0,1.0979602,1.0979602,1.0979602,1.0988711,-1.955927419354009e-05,
batch2,9,39.0,791.0,1.0983521,1.0983521,1.0983521,1.0987267,-2.3427056451614777e-05,
batch2,9,40.0,791.0,1.0971961,1.0971961,1.0971961,1.0983521,-2.381366935483824e-05,
batch2,9,41.0,791.0,1.0991278,1.0991278,1.0991278,1.0983521,-1.6902379032268142e-05,
batch2,9,42.0,791.0,1.0981479,1.0981479,1.0981479,1.0983521,-1.2616169354845361e-05,
batch2,9,43.0,791.0,1.0991631,1.0991631,1.0991631,1.0982617,-5.8109677419424916e-06,
batch2,9,44.0,791.0,1.0982406,1.0982406,1.0982406,1.0983521,-9.895201612901473e-06,
batch2,9,45.0,791.0,1.0972474,1.0972474,1.0972474,1.098278,-9.92366935483432e-06,
batch2,9,46.0,791.0,1.0993838,1.0993838,1.0993838,1.098278,-2.010354838710489e-05,
batch2,9,47.0,791.0,1.098626,1.098626,1.098626,1.098278,-1.6835322580642415e-05,-5.5283106685623795e-05
batch2,9,48.0,791.0,1.0982617,1.0982617,1.0982617,1.0983216,-1.2237056451605666e-05,-5.5587977240399356e-05
batch2,9,49.0,791.0,1.0990435,1.0990435,1.0990435,1.098278,-7.676854838715069e-06,-5.735524608819781e-05
batch2,9,50.0,791.0,1.098278,1.098278,1.098278,1.0983216,-2.8994354838634385e-06,-5.932388051209118e-05
batch2,9,51.0,791.0,1.09724,1.09724,1.09724,1.0983603,-5.030564516141633e-06,-6.02855533428159e-05
batch2,9,52.0,791.0,1.0983216,1.0983216,1.0983216,1.0983603,-2.7211290322574823e-06,-6.080656045518528e-05
batch2,9,53.0,791.0,1.0992681,1.0992681,1.0992681,1.0983603,-1.2278225806427403e-06,-6.119464580369581e-05
batch2,9,54.0,791.0,1.0980374,1.0980374,1.0980374,1.0983603,-2.7375524193546708e-05,-6.189564722617737e-05
batch2,9,55.0,791.0,1.0983603,1.0983603,1.0983603,1.0983603,-7.53683870967713e-05,-6.121693029871148e-05
batch2,9,56.0,791.0,1.0999625,1.0999625,1.0999625,1.0983603,-0.00012419040322579503,-6.173234139402968e-05
batch2,9,57.0,791.0,1.0991799,1.0991799,1.0991799,1.0984579,-0.00014774491935484613,-6.137526031294309e-05
batch2,9,58.0,791.0,1.0995338,1.0995338,1.0995338,1.0985441,-0.00017254471774193675,-6.0778779516364414e-05
batch2,9,59.0,791.0,1.0978328,1.0978328,1.0978328,1.0985441,-0.00018731133064516498,-5.8899718349919275e-05
batch2,9,60.0,791.0,1.0985441,1.0985441,1.0985441,1.0986729,-0.00019630790322580847,-5.7166156472255164e-05
batch2,9,61.0,791.0,1.096379,1.096379,1.096379,1.0986729,-0.0002124196370967779,-5.3701991465154035e-05
batch2,9,62.0,791.0,1.0984579,1.0984579,1.0984579,1.0985441,-0.00020917725806451508,-5.176516642958958e-05
batch2,9,63.0,791.0,1.0990118,1.0990118,1.0990118,1.0984579,-0.00020702754032258288,-5.023909815078226e-05
batch2,9,64.0,791.0,1.0986729,1.0986729,1.0986729,1.0979755,-0.00019564754032257622,-4.7423354196300155e-05
batch2,9,65.0,791.0,1.0989579,1.0989579,1.0989579,1.0979755,-0.00018463326612902945,-4.465464580370059e-05
batch2,9,66.0,791.0,1.0979755,1.0979755,1.0979755,1.0979224,-0.00017992298387096476,-4.245768990042728e-05
batch2,9,67.0,791.0,1.0974149,1.0974149,1.0974149,1.0979224,-0.0001807959677419364,-4.1358361308679426e-05
batch2,9,68.0,791.0,1.0979224,1.0979224,1.0979224,1.0974149,-0.00017134971774192509,-3.97414366998594e-05
batch2,9,69.0,791.0,1.0945261,1.0945261,1.0945261,1.0945261,-0.0001611758467741912,-3.613471977240271e-05
batch2,9,70.0,791.0,1.0902674,1.0902674,1.0902674,1.0945261,-0.00014955060483870321,-3.312268278805264e-05
batch2,9,71.0,791.0,1.0908244,1.0908244,1.0908244,1.0943246,-0.00014259415322579328,-3.0147459459456454e-05
batch2,9,72.0,791.0,1.0925167,1.0925167,1.0925167,1.0943246,-0.00011667596774192632,-2.6779140825028002e-05
batch2,9,73.0,791.0,1.0929153,1.0929153,1.0929153,1.0943246,-9.627556451612484e-05,-2.535447510669038e-05
batch2,9,74.0,791.0,1.0931424,1.0931424,1.0931424,1.0943246,-7.342754032257432e-05,-2.1153502133718014e-05
batch2,9,75.0,791.0,1.094679,1.094679,1.094679,1.0943246,-5.786254032258099e-05,-1.7615157894743233e-05
batch2,9,76.0,791.0,1.0943246,1.0943246,1.0943246,1.094679,-4.084415322580141e-05,-1.4775428165006637e-05
batch2,9,77.0,791.0,1.0950508,1.0950508,1.0950508,1.0950508,-2.9930362903228484e-05,-1.1089513513507842e-05
batch2,9,78.0,791.0,1.0953896,1.0953896,1.0953896,1.0953896,-6.491290322572125e-06,-1.0375891891891423e-05
batch2,9,79.0,791.0,1.0970885,1.0970885,1.0970885,1.0953896,2.166693548385737e-05,-7.230827880508567e-06
batch2,9,80.0,791.0,1.0961159,1.0961159,1.0961159,1.095695,4.733129032258032e-05,-4.410793741105007e-06
batch2,9,81.0,791.0,1.095695,1.095695,1.095695,1.095695,7.752467741935657e-05,-9.152716927563911e-07
batch2,9,82.0,791.0,1.0957069,1.0957069,1.0957069,1.0957069,0.00010559987903225706,1.341009957327129e-06
batch2,9,83.0,791.0,1.0961571,1.0961571,1.0961571,1.0960722,0.00014163346774194067,3.0463641536286925e-06
batch2,9,84.0,791.0,1.0951235,1.0951235,1.0951235,1.0960722,0.00017029403225806694,6.240534850643032e-06
batch2,9,85.0,791.0,1.0963999,1.0963999,1.0963999,1.0960722,0.0001771046774193642,9.238520625889114e-06
batch2,9,86.0,791.0,1.0951744,1.0951744,1.0951744,1.0958922,0.00015986020161289774,1.0681917496446368e-05
batch2,9,87.0,791.0,1.096388,1.096388,1.096388,1.0960722,0.00014211241935484022,1.323308108108021e-05
batch2,9,88.0,791.0,1.0960722,1.0960722,1.0960722,1.0961571,0.00012925290322580402,1.612066287340323e-05
batch2,9,89.0,791.0,1.0958922,1.0958922,1.0958922,1.0962597,0.00011102399193548729,1.864941963015539e-05
batch2,9,90.0,791.0,1.0962597,1.0962597,1.0962597,1.096388,9.262229838709644e-05,2.265488477951853e-05
batch2,9,91.0,791.0,1.0956364,1.0956364,1.0956364,1.096388,9.398439516128534e-05,2.6500341394029593e-05
batch2,9,92.0,791.0,1.0967427,1.0967427,1.0967427,1.0964814,9.020290322579402e-05,2.8444512091039777e-05
batch2,9,93.0,791.0,1.0966203,1.0966203,1.0966203,1.0966203,8.718604838709144e-05,3.060606827880327e-05
batch2,9,94.0,791.0,1.0966872,1.0966872,1.0966872,1.0966872,8.888100806451483e-05,3.590611664295617e-05
batch2,9,95.0,791.0,1.0964814,1.0964814,1.0964814,1.0967427,8.993641129032303e-05,4.095532574679946e-05
batch2,9,96.0,791.0,1.0967801,1.0967801,1.0967801,1.0967801,9.320971774193008e-05,4.5347467994307307e-05
batch2,9,97.0,791.0,1.0973326,1.0973326,1.0973326,1.0973326,9.353669354839608e-05,4.667617923185692e-05
batch2,9,98.0,791.0,1.0992035,1.0992035,1.0992035,1.0975486,9.603483870967419e-05,4.897058321479214e-05
batch2,9,99.0,791.0,1.0975624,1.0975624,1.0975624,1.0975486,0.00010273915322580187,4.862116358463275e-05
batch2,9,100.0,791.0,1.0975486,1.0975486,1.0975486,1.0975486,9.176657258063745e-05,5.3620642958744316e-05
batch2,9,101.0,791.0,1.0983156,1.0983156,1.0983156,1.0975624,9.004810483870777e-05,5.711754765291723e-05
batch2,9,102.0,791.0,1.0981748,1.0981748,1.0981748,1.0976679,8.380790322580221e-05,6.24408278805105e-05
batch2,9,103.0,791.0,1.0976679,1.0976679,1.0976679,1.0979483,8.164370967741498e-05,6.706662588904384e-05
batch2,9,104.0,791.0,1.0966984,1.0966984,1.0966984,1.0979483,7.51391935483908e-05,7.077025035562078e-05
batch2,9,105.0,791.0,1.0966798,1.0966798,1.0966798,1.0979483,6.964883064515706e-05,7.43945462304371e-05
batch2,9,106.0,791.0,1.0985442,1.0985442,1.0985442,1.0981748,6.09564919354795e-05,7.771615647226418e-05
batch2,9,107.0,791.0,1.0983295,1.0983295,1.0983295,1.0981748,5.094383064516243e-05,7.60110554765275e-05
batch2,9,108.0,791.0,1.0979483,1.0979483,1.0979483,1.0982409,4.026076612902843e-05,6.923682788051346e-05
batch2,9,109.0,791.0,1.0985591,1.0985591,1.0985591,1.0983295,2.9930443548381563e-05,6.466646088193642e-05
batch2,9,110.0,791.0,1.0968525,1.0968525,1.0968525,1.0983295,2.612330645161458e-05,6.176615647226233e-05
batch2,9,111.0,791.0,1.0982409,1.0982409,1.0982409,1.0983295,2.4675161290318026e-05,5.7655166429590754e-05
batch2,9,112.0,791.0,1.0983444,1.0983444,1.0983444,1.0983295,2.6132379032267042e-05,5.476041820768115e-05
batch2,9,113.0,791.0,1.0988673,1.0988673,1.0988673,1.0983027,2.3427661290328206e-05,5.36436870554754e-05
batch2,9,114.0,791.0,1.0992932,1.0992932,1.0992932,1.0983027,2.8915241935486774e-05,5.032401137979643e-05
batch2,9,115.0,791.0,1.0976822,1.0976822,1.0976822,1.0983027,2.3550645161299984e-05,4.8541320056901814e-05
batch2,9,116.0,791.0,1.0980213,1.0980213,1.0980213,1.0983027,2.5986411290321067e-05,4.737922901849375e-05
batch2,9,117.0,791.0,1.098689,1.098689,1.098689,1.0983444,3.601471774193248e-05,4.8793741109528217e-05
batch2,9,118.0,791.0,1.0983027,1.0983027,1.0983027,1.0983027,3.869181451612533e-05,4.8887092460878765e-05
batch2,9,119.0,791.0,1.0980496,1.0980496,1.0980496,1.0980496,3.0712540322575304e-05,4.7989923186350144e-05
batch2,9,120.0,791.0,1.0985411,1.0985411,1.0985411,1.0980496,1.7616653225809912e-05,4.739059743954572e-05
batch2,9,121.0,791.0,1.0977963,1.0977963,1.0977963,1.0983027,2.116612903233684e-06,4.774123470839118e-05
batch2,9,122.0,791.0,1.0983453,1.0983453,1.0983453,1.0983453,1.6344556451607307e-05,4.626695874822037e-05
batch2,9,123.0,791.0,1.097235,1.097235,1.097235,1.0983453,1.6690645161282004e-05,4.800680512091141e-05
batch2,9,124.0,791.0,1.0974567,1.0974567,1.0974567,1.0983453,2.7043830645164263e-05,4.752577809388521e-05
batch2,9,125.0,791.0,1.0985196,1.0985196,1.0985196,1.0983453,3.48326209677436e-05,4.853392034139064e-05
batch2,9,126.0,791.0,1.0992513,1.0992513,1.0992513,1.0983453,3.210487903226138e-05,4.7421200568993e-05
batch2,9,127.0,791.0,1.0995977,1.0995977,1.0995977,1.0985081,4.048770161289916e-05,4.458048648648578e-05
batch2,9,128.0,791.0,1.0985081,1.0985081,1.0985081,1.0985196,4.429326612903092e-05,4.290778662873544e-05
batch2,9,129.0,791.0,1.0979453,1.0979453,1.0979453,1.0985196,4.34672580645114e-05,4.105018207681077e-05
batch2,9,130.0,791.0,1.0978177,1.0978177,1.0978177,1.0985196,4.356141129032109e-05,3.9957661450919255e-05
batch2,9,131.0,791.0,1.0991391,1.0991391,1.0991391,1.0985081,4.425971774193458e-05,3.77790071123721e-05
batch2,9,132.0,791.0,1.0996823,1.0996823,1.0996823,1.0985081,4.686862903225378e-05,3.692864864864827e-05
batch2,9,133.0,791.0,1.0987082,1.0987082,1.0987082,1.0984192,4.483068548386637e-05,3.6427024182079145e-05
batch2,9,134.0,791.0,1.0975226,1.0975226,1.0975226,1.0984192,4.688717741935359e-05,3.6134204836412396e-05
batch2,9,135.0,791.0,1.0977011,1.0977011,1.0977011,1.0987082,4.854133064516613e-05,3.51327283072575e-05
batch2,9,136.0,791.0,1.0973903,1.0973903,1.0973903,1.0991391,4.304818548387099e-05,3.720907823613148e-05
batch2,9,137.0,791.0,1.100364,1.100364,1.100364,1.09958,3.784620967741722e-05,3.830593741110084e-05
batch2,9,138.0,791.0,1.0984192,1.0984192,1.0984192,1.0995461,3.78081854838695e-05,3.5683001422474996e-05
batch2,9,139.0,791.0,1.1004863,1.1004863,1.1004863,1.0995461,3.510181451612387e-05,3.5254970128022686e-05
batch2,9,140.0,791.0,1.09958,1.09958,1.09958,1.0995461,3.1599596774189e-05,3.2361027027028385e-05
batch2,9,141.0,791.0,1.0997297,1.0997297,1.0997297,1.09958,3.14913306451602e-05,3.125570412517801e-05
batch2,9,142.0,791.0,1.1002775,1.1002775,1.1002775,1.0996925,3.794895161290255e-05,2.9219302987200795e-05
batch2,9,143.0,791.0,1.0995461,1.0995461,1.0995461,1.09958,4.971407258064503e-05,2.715730298719746e-05
batch2,9,144.0,791.0,1.0983027,1.0983027,1.0983027,1.09958,5.0728024193545116e-05,2.718351635846176e-05
batch2,9,145.0,791.0,1.0979629,1.0979629,1.0979629,1.09958,5.8856814516134214e-05,2.912705832147832e-05
batch2,9,146.0,791.0,1.0996925,1.0996925,1.0996925,1.0995461,6.0335645161291535e-05,2.7891604551920956e-05
batch2,9,147.0,791.0,1.0997807,1.0997807,1.0997807,1.0994884,7.099713709676817e-05,2.8227746799430753e-05
batch2,9,148.0,791.0,1.0984175,1.0984175,1.0984175,1.0993465,7.483346774193254e-05,2.6568290184922607e-05
batch2,9,149.0,791.0,1.0994884,1.0994884,1.0994884,1.0993465,6.41125806451645e-05,2.687783214794071e-05
batch2,9,150.0,791.0,1.0997709,1.0997709,1.0997709,1.0994884,5.067044354837877e-05,2.8408566145094126e-05
batch2,9,151.0,791.0,1.0981797,1.0981797,1.0981797,1.0995789,4.0957701612903776e-05,2.9473103840682205e-05
batch2,9,152.0,791.0,1.0989982,1.0989982,1.0989982,1.0995789,2.6574637096775563e-05,3.101732574679792e-05
batch2,9,153.0,791.0,1.0993465,1.0993465,1.0993465,1.0995789,2.5471411290326233e-05,2.9705852062590607e-05
batch2,9,154.0,791.0,1.1001564,1.1001564,1.1001564,1.0997709,2.0030887096779975e-05,2.9575160739686183e-05
batch2,9,155.0,791.0,1.0999831,1.0999831,1.0999831,1.0999546,3.1106572580647334e-05,3.1421032716931326e-05
batch2,9,156.0,791.0,1.0995789,1.0995789,1.0995789,1.099955,3.629274193548263e-05,3.091445234708885e-05
batch2,9,157.0,791.0,1.0999546,1.0999546,1.0999546,1.0999831,3.513866935484828e-05,2.934625604552066e-05
batch2,9,158.0,791.0,1.1005095,1.1005095,1.1005095,1.0999831,4.402237903225785e-05,2.8163780938834512e-05
batch2,9,159.0,791.0,1.099955,1.099955,1.099955,1.0999831,5.2854274193543595e-05,2.8647436699858555e-05
batch2,9,160.0,791.0,1.1018281,1.1018281,1.1018281,1.099955,3.2260241935481746e-05,2.968827311522076e-05
batch2,9,161.0,791.0,1.1011236,1.1011236,1.1011236,1.0999546,1.752540322580168e-05,2.7760671408250457e-05
batch2,9,162.0,791.0,1.1014527,1.1014527,1.1014527,1.0999546,2.8278225806455723e-07,2.4677342816501e-05
batch2,9,163.0,791.0,1.0998991,1.0998991,1.0998991,1.0998991,-2.0955241935466675e-06,2.5819118065432805e-05
batch2,9,164.0,791.0,1.0985458,1.0985458,1.0985458,1.0998991,-1.2133911290317825e-05,2.7254947368421535e-05
batch2,9,165.0,791.0,1.0993497,1.0993497,1.0993497,1.0998991,-1.5260887096767395e-05,2.616476813655982e-05
batch2,9,166.0,791.0,1.0998977,1.0998977,1.0998977,1.0998991,-1.5695645161290383e-05,2.5347374110953276e-05
batch2,9,167.0,791.0,1.0996035,1.0996035,1.0996035,1.0998977,-1.381919354839889e-05,2.472454623043863e-05
batch2,9,168.0,791.0,1.0987747,1.0987747,1.0987747,1.0998977,-2.3437459677431813e-05,2.4010071123756494e-05
batch2,9,169.0,791.0,1.1000261,1.1000261,1.1000261,1.0998977,-2.5448911290325282e-05,2.30313029871935e-05
batch2,9,170.0,791.0,1.100659,1.100659,1.100659,1.0998977,-2.3152177419355474e-05,2.340458036984655e-05
batch2,9,171.0,791.0,1.1006635,1.1006635,1.1006635,1.0998977,-1.8705846774195522e-05,2.3422099573258127e-05
batch2,9,172.0,791.0,1.0995278,1.0995278,1.0995278,1.0996035,-1.0338669354843652e-05,2.0372133712660994e-05
batch2,9,173.0,791.0,1.1005896,1.1005896,1.1005896,1.0995278,-5.767338709676594e-06,1.9690128022757827e-05
batch2,9,174.0,791.0,1.101382,1.101382,1.101382,1.0995278,2.4814112903300804e-06,1.7487431009957895e-05
batch2,9,175.0,791.0,1.0979656,1.0979656,1.0979656,1.0995172,8.756451612846166e-07,1.92268819345658e-05
batch2,9,176.0,791.0,1.0992743,1.0992743,1.0992743,1.0995172,1.6440645161283614e-05,1.717226173541823e-05
batch2,9,177.0,791.0,1.0971022,1.0971022,1.0971022,1.0995172,3.557870967742327e-05,1.870455476529406e-05
batch2,9,178.0,791.0,1.099293,1.099293,1.099293,1.0994481,4.593520161290431e-05,1.5848978662873568e-05
batch2,9,179.0,791.0,1.0994481,1.0994481,1.0994481,1.0994481,4.256911290322161e-05,1.8240657183492428e-05
batch2,9,180.0,791.0,1.0995172,1.0995172,1.0995172,1.0994481,3.0046169354835734e-05,1.624058321479204e-05
batch2,9,181.0,791.0,1.0996629,1.0996629,1.0996629,1.0995172,3.671879032259025e-05,1.5338361308674434e-05
batch2,9,182.0,791.0,1.1017351,1.1017351,1.1017351,1.0996629,4.6404919354842836e-05,1.2842972972970967e-05
batch2,9,183.0,791.0,1.0991986,1.0991986,1.0991986,1.0999966,4.383435483871121e-05,1.043877382646063e-05
batch2,9,184.0,791.0,1.1000981,1.1000981,1.1000981,1.1000981,2.8142943548383928e-05,1.0414358463724467e-05
batch2,9,185.0,791.0,1.0999966,1.0999966,1.0999966,1.1000981,3.837217741936091e-05,1.1393615931718878e-05
batch2,9,186.0,791.0,1.1005262,1.1005262,1.1005262,1.1005262,4.962193548387246e-05,9.034241820768164e-06
batch2,9,187.0,791.0,1.1016418,1.1016418,1.1016418,1.1006339,4.425423387096389e-05,8.25289046941546e-06
batch2,9,188.0,791.0,1.100751,1.100751,1.100751,1.1005262,4.0505967741936004e-05,6.989359886200359e-06
batch2,9,189.0,791.0,1.1008202,1.1008202,1.1008202,1.1005262,4.8227338709679056e-05,5.569596017067658e-06
batch2,9,190.0,791.0,1.0998031,1.0998031,1.0998031,1.1005262,6.165858870967656e-05,3.97332574679894e-06
batch2,9,191.0,791.0,1.1006339,1.1006339,1.1006339,1.1006339,4.3963145161297166e-05,3.934657183499672e-06
batch2,9,192.0,791.0,1.1018965,1.1018965,1.1018965,1.100751,3.851749999999454e-05,3.861891891889219e-06
batch2,9,193.0,791.0,1.1001451,1.1001451,1.1001451,1.1006339,2.2738750000004455e-05,3.6108335704082405e-06
batch2,9,194.0,791.0,1.0994463,1.0994463,1.0994463,1.1001999,9.627137096777229e-06,1.9251408250376483e-06
batch2,9,195.0,791.0,1.0993457,1.0993457,1.0993457,1.1001999,1.0276250000008318e-05,2.867834992885076e-06
batch2,9,196.0,791.0,1.1017152,1.1017152,1.1017152,1.1006339,4.352419354850827e-06,4.712637268848177e-06
batch2,9,197.0,791.0,1.1017866,1.1017866,1.1017866,1.1001999,3.660040322576285e-06,3.4453257467956073e-06
batch2,9,198.0,791.0,1.1001999,1.1001999,1.1001999,1.1001999,6.115927419359117e-06,6.282366998577187e-06
batch2,9,199.0,791.0,1.0989544,1.0989544,1.0989544,1.1002009,1.008951612903191e-06,8.717647226174917e-06
batch2,9,200.0,791.0,1.1019171,1.1019171,1.1019171,1.1010095,-1.8522580645168926e-05,1.1395078236129033e-05
batch2,9,201.0,791.0,1.1015368,1.1015368,1.1015368,1.1010095,-8.849637096774482e-06,1.0154278805120822e-05
batch2,9,202.0,791.0,1.0988431,1.0988431,1.0988431,1.1003573,-2.497104838709884e-05,8.419169274536625e-06
batch2,9,203.0,791.0,1.1002009,1.1002009,1.1002009,1.1003573,-2.2376088709685865e-05,7.823112375533147e-06
batch2,9,204.0,791.0,1.1010095,1.1010095,1.1010095,1.1003573,-2.613673387096501e-05,8.154918918917763e-06
batch2,9,205.0,791.0,1.1011363,1.1011363,1.1011363,1.1010095,-2.6094072580655097e-05,8.949004267422443e-06
batch2,9,206.0,791.0,1.0996178,1.0996178,1.0996178,1.1004994,-2.8989274193558808e-05,7.4887027026996465e-06
batch2,9,207.0,791.0,1.1003573,1.1003573,1.1003573,1.1004994,-2.1432741935492675e-05,7.361411095308223e-06
batch2,9,208.0,791.0,1.101038,1.101038,1.101038,1.1004994,-1.6464475806447627e-05,5.545172119486037e-06
batch2,9,209.0,791.0,1.0994045,1.0994045,1.0994045,1.1010095,-1.9252056451610762e-05,3.319328591747493e-06
batch2,9,210.0,791.0,1.1015216,1.1015216,1.1015216,1.1004994,-3.092935483870927e-05,2.5566913229003004e-06
batch2,9,211.0,791.0,1.1004994,1.1004994,1.1004994,1.1004994,-3.4276814516128497e-05,5.281226173539457e-06
batch2,9,212.0,791.0,1.1012744,1.1012744,1.1012744,1.1004994,-2.8576854838714933e-05,5.833436699856212e-06
batch2,9,213.0,791.0,1.099692,1.099692,1.099692,1.1004994,-1.4724112903230908e-05,4.067954480797682e-06
batch2,9,214.0,791.0,1.101011,1.101011,1.101011,1.099692,-1.5731532258069707e-05,1.5494708392579179e-06
batch2,9,215.0,791.0,1.0977875,1.0977875,1.0977875,1.099874,-2.469415322581223e-05,-8.564893314415936e-07
batch2,9,216.0,791.0,1.1025702,1.1025702,1.1025702,1.099874,-2.0722540322583204e-05,-2.9755817923212978e-06
batch2,9,217.0,791.0,1.0979122,1.0979122,1.0979122,1.099874,-5.396008064517633e-06,-2.9105974395462798e-06
batch2,9,218.0,791.0,1.0996424,1.0996424,1.0996424,1.099692,-5.390322580646291e-06,-5.113041251778744e-06
batch2,9,219.0,791.0,1.0994085,1.0994085,1.0994085,1.099874,-1.1995201612903889e-05,-6.8805320056908455e-06
batch2,9,220.0,791.0,1.099874,1.099874,1.099874,1.0996424,-1.164798387090877e-06,-4.178637268846534e-06
batch2,9,221.0,791.0,1.1004101,1.1004101,1.1004101,1.099874,1.237274193547802e-05,-5.610449502132432e-06
batch2,9,222.0,791.0,1.1012924,1.1012924,1.1012924,1.0997897,1.5370322580643058e-05,-5.464321479378319e-06
batch2,9,223.0,791.0,1.0995616,1.0995616,1.0995616,1.099874,9.542540322572665e-06,-7.8138805120909e-06
batch2,9,224.0,791.0,1.0999918,1.0999918,1.0999918,1.0999918,1.400177419355611e-05,-1.3584665718349157e-05
batch2,9,225.0,791.0,1.0992572,1.0992572,1.0992572,1.1001118,1.0081693548392116e-05,-1.9306438122334434e-05
batch2,9,226.0,791.0,1.1007291,1.1007291,1.1007291,1.1001118,2.1493548387100848e-05,-2.5169035561881154e-05
batch2,9,227.0,791.0,1.0997897,1.0997897,1.0997897,1.1001118,3.122040322580186e-05,-2.8327388335702725e-05
batch2,9,228.0,791.0,1.1009331,1.1009331,1.1009331,1.1001118,3.802008064516384e-05,-3.240465718350362e-05
batch2,9,229.0,791.0,1.1001118,1.1001118,1.1001118,1.1001118,3.511903225807633e-05,-3.562360455191783e-05
batch2,9,230.0,791.0,1.1001192,1.1001192,1.1001192,1.1001192,2.686540322580814e-05,-3.730135704125192e-05
batch2,9,231.0,791.0,1.0991751,1.0991751,1.0991751,1.1007291,-3.826209677416418e-06,-4.1238833570413426e-05
batch2,9,232.0,791.0,1.1012753,1.1012753,1.1012753,1.1009331,1.1351008064524761e-05,-4.405593456614464e-05
batch2,9,233.0,791.0,1.1015981,1.1015981,1.1015981,1.1009331,1.098883064515972e-05,-4.65021536273093e-05
batch2,9,234.0,791.0,1.0992405,1.0992405,1.0992405,1.1002007,2.8668145161341767e-06,-4.657436984352761e-05
batch2,9,235.0,791.0,1.1011966,1.1011966,1.1011966,1.1005019,8.687096774120155e-07,-4.809561308677143e-05
batch2,9,236.0,791.0,1.1015214,1.1015214,1.1015214,1.1008517,-1.0691774193544986e-05,-4.9012019914652146e-05
batch2,9,237.0,791.0,1.1014242,1.1014242,1.1014242,1.1011966,-4.3147983870970725e-06,-5.125650924608313e-05
batch2,9,238.0,791.0,1.0992967,1.0992967,1.0992967,1.1008517,-3.853346774197535e-06,-5.108633570412642e-05
batch2,9,239.0,791.0,1.1002007,1.1002007,1.1002007,1.1005019,-2.1741129032221496e-06,-5.1934879089612094e-05
batch2,9,240.0,791.0,1.1005019,1.1005019,1.1005019,1.1005019,-1.156189516127834e-05,-5.4045132290184885e-05
batch2,9,241.0,791.0,1.1008517,1.1008517,1.1008517,1.1004074,-2.379556451613076e-05,-5.612391749644368e-05
batch2,9,242.0,791.0,1.1016188,1.1016188,1.1016188,1.1003828,-1.3805362903227672e-05,-5.6117214793739135e-05
batch2,9,243.0,791.0,1.1003828,1.1003828,1.1003828,1.1003828,-1.8203306451615337e-05,-5.668174395448082e-05
batch2,9,244.0,791.0,1.1004074,1.1004074,1.1004074,1.1003828,-1.172217741935358e-05,-5.787670554765198e-05
batch2,9,245.0,791.0,1.0981632,1.0981632,1.0981632,1.1004074,-2.4056048387098298e-05,-5.766695305832185e-05
batch2,9,246.0,791.0,1.097702,1.097702,1.097702,1.1003828,-5.887189516128948e-05,-5.742575248933006e-05
batch2,9,247.0,791.0,1.1001784,1.1001784,1.1001784,1.1003828,-0.00010517258064517211,-5.987864295874696e-05
batch2,9,248.0,791.0,1.1024183,1.1024183,1.1024183,1.1001784,-0.0001322059677419328,-5.852006827880741e-05
batch2,9,249.0,791.0,1.0995902,1.0995902,1.0995902,1.1001784,-0.00014019592741935358,-5.839021052631532e-05
batch2,9,250.0,791.0,1.1008487,1.1008487,1.1008487,1.0995902,-0.00016094169354838637,-5.8943365576102655e-05
batch2,9,251.0,791.0,1.0988672,1.0988672,1.0988672,1.0995902,-0.00016867560483870808,-5.902217354196313e-05
batch2,9,252.0,791.0,1.1011939,1.1011939,1.1011939,1.1001784,-0.00017199576612903335,-5.725512375533152e-05
batch2,9,253.0,791.0,1.099327,1.099327,1.099327,1.1000965,-0.00017682858870966792,-6.034819914651849e-05
batch2,9,254.0,791.0,1.1012435,1.1012435,1.1012435,1.1000965,-0.00018302185483871032,-5.7780665718344226e-05
batch2,9,255.0,791.0,1.099067,1.099067,1.099067,1.1000965,-0.0001801819354838716,-6.246536557610401e-05
batch2,9,256.0,791.0,1.0993184,1.0993184,1.0993184,1.099327,-0.00017574653225807058,-6.373027880511738e-05
batch2,9,257.0,791.0,1.1014268,1.1014268,1.1014268,1.099327,-0.00017730637096774395,-6.377984637268922e-05
batch2,9,258.0,791.0,1.1000965,1.1000965,1.1000965,1.0993184,-0.00015956366935482552,-6.159627027027212e-05
batch2,9,259.0,791.0,1.100696,1.100696,1.100696,1.099067,-0.0001485895967741903,-6.002600568989989e-05
batch2,9,260.0,791.0,1.0984455,1.0984455,1.0984455,1.0984455,-0.00014117100806450452,-5.833217069701336e-05
batch2,9,261.0,791.0,1.0946095,1.0946095,1.0946095,1.0962677,-0.00015119556451613156,-5.767947083926044e-05
batch2,9,262.0,791.0,1.0933504,1.0933504,1.0933504,1.0962204,-0.00015485943548387108,-5.80894139402539e-05
batch2,9,263.0,791.0,1.0939074,1.0939074,1.0939074,1.0961801,-0.00015103588709677068,-5.946667709815307e-05
batch2,9,264.0,791.0,1.0962204,1.0962204,1.0962204,1.0961801,-0.00012492701612903002,-5.740535135134886e-05
batch2,9,265.0,791.0,1.0962677,1.0962677,1.0962677,1.0961801,-0.00011974080645160436,-5.570994879089754e-05
batch2,9,266.0,791.0,1.0961343,1.0961343,1.0961343,1.0961801,-0.0001002093548387104,-5.378488477951402e-05
batch2,9,267.0,791.0,1.0961801,1.0961801,1.0961801,1.0961801,-8.901491935483533e-05,-5.103443243243337e-05
batch2,9,268.0,791.0,1.0956776,1.0956776,1.0956776,1.0962204,-6.693310483871592e-05,-4.798399999999957e-05
batch2,9,269.0,791.0,1.0973389,1.0973389,1.0973389,1.0962677,-6.130322580645412e-05,-4.911483641536507e-05
batch2,9,270.0,791.0,1.0977376,1.0977376,1.0977376,1.0971812,-3.38847580645184e-05,-4.6675615931717585e-05
batch2,9,271.0,791.0,1.0975159,1.0975159,1.0975159,1.0971812,-2.0445040322578635e-05,-4.19582133712663e-05
batch2,9,272.0,791.0,1.0959525,1.0959525,1.0959525,1.0973389,-1.4006975806448022e-05,-4.117684495021025e-05
batch2,9,273.0,791.0,1.097999,1.097999,1.097999,1.0973389,1.9043870967749363e-05,-3.9574981507821786e-05
batch2,9,274.0,791.0,1.097957,1.097957,1.097957,1.0975159,4.7024677419359725e-05,-3.4798298719772735e-05
batch2,9,275.0,791.0,1.0971812,1.0971812,1.0971812,1.0975159,7.123391129032471e-05,-3.173919203413952e-05
batch2,9,276.0,791.0,1.096476,1.096476,1.096476,1.0975159,8.510189516129578e-05,-3.0414588904696794e-05
batch2,9,277.0,791.0,1.0979071,1.0979071,1.0979071,1.0975684,6.105129032257187e-05,-2.987857183498947e-05
batch2,9,278.0,791.0,1.0965172,1.0965172,1.0965172,1.0975684,3.7098508064513864e-05,-2.5451123755335218e-05
batch2,9,279.0,791.0,1.0975684,1.0975684,1.0975684,1.0974393,2.3368548387099305e-05,-2.2509883357040372e-05
batch2,9,280.0,791.0,1.0968025,1.0968025,1.0968025,1.0974393,3.264225806451695e-05,-1.829994025604575e-05
batch2,9,281.0,791.0,1.097646,1.097646,1.097646,1.0975684,3.3980282258065136e-05,-1.485409388335405e-05
batch2,9,282.0,791.0,1.0981677,1.0981677,1.0981677,1.0975684,2.8505846774195507e-05,-1.0627695590327493e-05
batch2,9,283.0,791.0,1.0974393,1.0974393,1.0974393,1.0975684,2.6919233870961355e-05,-1.0767277382647235e-05
batch2,9,284.0,791.0,1.0964603,1.0964603,1.0964603,1.09761,1.2272379032253924e-05,-1.1486759601708934e-05
batch2,9,285.0,791.0,1.0978273,1.0978273,1.0978273,1.09761,6.392338709666838e-06,-9.744480796587063e-06
batch2,9,286.0,791.0,1.09761,1.09761,1.09761,1.09761,1.3593629032262025e-05,-3.7963755334270213e-06
batch2,9,287.0,791.0,1.0960871,1.0960871,1.0960871,1.0974431,2.2509153225800308e-05,-2.7850668563302042e-06
batch2,9,288.0,791.0,1.0980227,1.0980227,1.0980227,1.0974393,1.4899838709679204e-05,9.24779516366349e-08
batch2,9,289.0,791.0,1.0983765,1.0983765,1.0983765,1.0974431,2.9101814516129455e-05,3.301365576093078e-07
batch2,9,290.0,791.0,1.0969988,1.0969988,1.0969988,1.09761,4.40642338709618e-05,3.7968620199178733e-06
batch2,9,291.0,791.0,1.0974431,1.0974431,1.0974431,1.09761,3.5135282258068936e-05,4.278366998573525e-06
batch2,9,292.0,791.0,1.0951988,1.0951988,1.0951988,1.0975258,2.8963911290328954e-05,9.527681365574865e-06
batch2,9,293.0,791.0,1.0965973,1.0965973,1.0965973,1.0979098,4.204431451611863e-05,1.1672796586057629e-05
batch2,9,294.0,791.0,1.0979098,1.0979098,1.0979098,1.0975258,3.722842741935695e-05,1.3216770981510222e-05
batch2,9,295.0,791.0,1.0995127,1.0995127,1.0995127,1.0974431,3.095532258064682e-05,1.7432443812228252e-05
batch2,9,296.0,791.0,1.0983697,1.0983697,1.0983697,1.0975258,3.556991935483589e-05,1.9034847795162714e-05
batch2,9,297.0,791.0,1.0975258,1.0975258,1.0975258,1.0979098,3.498907258063353e-05,2.140050071123586e-05
batch2,9,298.0,791.0,1.0982125,1.0982125,1.0982125,1.0979098,4.0388951612900953e-05,2.092788335703707e-05
batch2,9,299.0,791.0,1.0967247,1.0967247,1.0967247,1.0981516,3.076173387095726e-05,1.5832364153627066e-05
batch2,9,300.0,791.0,1.0964719,1.0964719,1.0964719,1.0982125,3.509451612903112e-05,1.0768660028449327e-05
batch2,9,301.0,791.0,1.0981516,1.0981516,1.0981516,1.0981516,3.608931451613083e-05,5.2375704125154495e-06
batch2,9,302.0,791.0,1.0986991,1.0986991,1.0986991,1.0977135,3.768592741935005e-05,3.764196301562207e-06
batch2,9,303.0,791.0,1.0977135,1.0977135,1.0977135,1.0981516,3.19294758064479e-05,8.826970128022122e-07
batch2,9,304.0,791.0,1.0992541,1.0992541,1.0992541,1.0980083,4.165701612903558e-05,-2.4037809388331186e-06
batch2,9,305.0,791.0,1.0995083,1.0995083,1.0995083,1.0980083,4.180048387096937e-05,-3.286199146515795e-06
batch2,9,306.0,791.0,1.0964892,1.0964892,1.0964892,1.0981516,3.282572580644072e-05,-7.518864864866582e-06
batch2,9,307.0,791.0,1.0976512,1.0976512,1.0976512,1.0980083,2.5259395161289592e-05,-8.09585775248979e-06
batch2,9,308.0,791.0,1.099386,1.099386,1.099386,1.0980083,1.3071249999993054e-05,-8.443780938831873e-06
batch2,9,309.0,791.0,1.0980083,1.0980083,1.0980083,1.0980083,-2.946693548392877e-06,-1.0014714082503561e-05
batch2,9,310.0,791.0,1.0967455,1.0967455,1.0967455,1.0980083,-8.167177419361644e-06,-1.4670170697013712e-05
batch2,9,311.0,791.0,1.0993077,1.0993077,1.0993077,1.0979385,-6.256895161282956e-06,-1.4991288762449462e-05
batch2,9,312.0,791.0,1.097716,1.097716,1.097716,1.0980083,-6.864274193551808e-06,-1.346485917496347e-05
batch2,9,313.0,791.0,1.098153,1.098153,1.098153,1.098153,-1.8707096774196365e-05,-1.5109044096729871e-05
batch2,9,314.0,791.0,1.0964445,1.0964445,1.0964445,1.098153,-1.0654233870966574e-05,-1.76479317211923e-05
batch2,9,315.0,791.0,1.0997305,1.0997305,1.0997305,1.098153,-1.7173387096773787e-05,-1.922907539118257e-05
batch2,9,316.0,791.0,1.0979385,1.0979385,1.0979385,1.098153,-3.105383064516546e-05,-1.995456330014236e-05
batch2,9,317.0,791.0,1.0982772,1.0982772,1.0982772,1.0979385,-3.2495604838711315e-05,-2.1631684210525117e-05
batch2,9,318.0,791.0,1.0987304,1.0987304,1.0987304,1.098153,-3.755310483870892e-05,-2.2318199146514643e-05
batch2,9,319.0,791.0,1.099402,1.099402,1.099402,1.0979385,-4.79727016128975e-05,-2.3565248933145326e-05
batch2,9,320.0,791.0,1.097532,1.097532,1.097532,1.0979385,-5.0944112903227226e-05,-2.3498899004267786e-05
batch2,9,321.0,791.0,1.0974377,1.0974377,1.0974377,1.097532,-5.406270161290196e-05,-2.3906901849218424e-05
batch2,9,322.0,791.0,1.0972259,1.0972259,1.0972259,1.0974377,-6.685326612902782e-05,-2.6991928876244405e-05
batch2,9,323.0,791.0,1.0988412,1.0988412,1.0988412,1.0974237,-7.782423387096736e-05,-2.684918918918759e-05
batch2,9,324.0,791.0,1.0969591,1.0969591,1.0969591,1.0974237,-6.758749999999804e-05,-2.7281561877667123e-05
batch2,9,325.0,791.0,1.0973684,1.0973684,1.0973684,1.0974237,-7.360125000000167e-05,-2.8903832147940718e-05
batch2,9,326.0,791.0,1.0968015,1.0968015,1.0968015,1.0973684,-8.847540322580676e-05,-2.765192603129444e-05
batch2,9,327.0,791.0,1.0974237,1.0974237,1.0974237,1.0973684,-7.293080645160734e-05,-2.8285564722615863e-05
batch2,9,328.0,791.0,1.0964032,1.0964032,1.0964032,1.0973684,-8.293249999999327e-05,-3.138661450924499e-05
batch2,9,329.0,791.0,1.0988853,1.0988853,1.0988853,1.0972527,-7.850891129032483e-05,-3.157140256045501e-05
batch2,9,330.0,791.0,1.0981079,1.0981079,1.0981079,1.0972527,-8.586431451612671e-05,-3.389056045518643e-05
batch2,9,331.0,791.0,1.0972527,1.0972527,1.0972527,1.0968015,-7.797193548386495e-05,-3.773873115220402e-05
batch2,9,332.0,791.0,1.0975696,1.0975696,1.0975696,1.0966756,-8.836366935483025e-05,-3.839958748221817e-05
batch2,9,333.0,791.0,1.096349,1.096349,1.096349,1.0964032,-8.322741935484765e-05,-3.588452347083693e-05
batch2,9,334.0,791.0,1.0963571,1.0963571,1.0963571,1.0966756,-6.381185483871073e-05,-3.711659459459535e-05
batch2,9,335.0,791.0,1.0958548,1.0958548,1.0958548,1.0963571,-5.321552419354237e-05,-3.705724324324595e-05
batch2,9,336.0,791.0,1.0953327,1.0953327,1.0953327,1.096349,-5.4270080645168834e-05,-3.6373217638691085e-05
batch2,9,337.0,791.0,1.0966756,1.0966756,1.0966756,1.096349,-5.874677419354557e-05,-3.7585513513513504e-05
batch2,9,338.0,791.0,1.0957494,1.0957494,1.0957494,1.0959208,-5.0600362903228535e-05,-3.994707254622818e-05
batch2,9,339.0,791.0,1.0972785,1.0972785,1.0972785,1.0959208,-4.396983870967131e-05,-3.98449644381204e-05
batch2,9,340.0,791.0,1.0959208,1.0959208,1.0959208,1.0959208,-3.802245967740901e-05,-4.129803413940303e-05
batch2,9,341.0,791.0,1.0956637,1.0956637,1.0956637,1.0959208,-3.79196774193507e-05,-4.0512361308677375e-05
batch2,9,342.0,791.0,1.0978878,1.0978878,1.0978878,1.0959208,-3.683286290322572e-05,-4.180987197724235e-05
batch2,9,343.0,791.0,1.0952673,1.0952673,1.0952673,1.0959208,-3.0069798387096526e-05,-4.16650099573262e-05
batch2,9,344.0,791.0,1.0970229,1.0970229,1.0970229,1.0964707,-3.9018508064520845e-05,-4.326879658606092e-05
batch2,9,345.0,791.0,1.0968225,1.0968225,1.0968225,1.0960197,-2.160379032258014e-05,-4.462649217638447e-05
batch2,9,346.0,791.0,1.0958636,1.0958636,1.0958636,1.0960197,-1.0477056451618047e-05,-4.502254338548888e-05
batch2,9,347.0,791.0,1.0944943,1.0944943,1.0944943,1.0960197,-1.7561290322540951e-06,-4.5168472261736375e-05
batch2,9,348.0,791.0,1.0964707,1.0964707,1.0964707,1.0960197,1.379717741935048e-05,-4.695596301564688e-05
batch2,9,349.0,791.0,1.0982277,1.0982277,1.0982277,1.0960197,8.368870967744668e-06,-4.440128591749853e-05
batch2,9,350.0,791.0,1.0960197,1.0960197,1.0960197,1.0960197,-2.7320161290335664e-06,-4.543334281649919e-05
batch2,9,351.0,791.0,1.0958626,1.0958626,1.0958626,1.0958636,-2.711491935485971e-06,-4.614110668563025e-05
batch2,9,352.0,791.0,1.0952861,1.0952861,1.0952861,1.0960197,-4.829999999993692e-06,-4.700249217638775e-05
batch2,9,353.0,791.0,1.0974556,1.0974556,1.0974556,1.0964416,-1.61104032258084e-05,-4.741404836415523e-05
batch2,9,354.0,791.0,1.0954973,1.0954973,1.0954973,1.0960197,-2.256346774193408e-05,-4.829763015647259e-05
batch2,9,355.0,791.0,1.097169,1.097169,1.097169,1.0960197,-1.1192258064519619e-05,-4.726943100995716e-05
batch2,9,356.0,791.0,1.0957801,1.0957801,1.0957801,1.0964091,-2.3303387096775133e-05,-4.641601137979989e-05
batch2,9,357.0,791.0,1.0964416,1.0964416,1.0964416,1.0964416,-2.4474919354841834e-05,-4.3736440967283694e-05
batch2,9,358.0,791.0,1.0966924,1.0966924,1.0966924,1.0966924,-1.2480806451608993e-05,-4.364425889047339e-05
batch2,9,359.0,791.0,1.0951345,1.0951345,1.0951345,1.0964416,-1.8736451612894987e-05,-4.5415655761025875e-05
batch2,9,360.0,791.0,1.0967611,1.0967611,1.0967611,1.0964416,-1.912395161291109e-05,-4.581372688477973e-05
batch2,9,361.0,791.0,1.0964091,1.0964091,1.0964091,1.0964416,-1.6554153225812417e-05,-4.358743669985829e-05
batch2,9,362.0,791.0,1.0968103,1.0968103,1.0968103,1.09664,-3.2474354838709286e-05,-4.307501564722419e-05
batch2,9,363.0,791.0,1.0975724,1.0975724,1.0975724,1.09664,-3.8180887096766714e-05,-4.4227672830727875e-05
batch2,9,364.0,791.0,1.0954056,1.0954056,1.0954056,1.0964091,-5.37256854838728e-05,-4.5298355618774167e-05
batch2,9,365.0,791.0,1.0943962,1.0943962,1.0943962,1.09664,-5.086991935483388e-05,-4.521055476529551e-05
batch2,9,366.0,791.0,1.09664,1.09664,1.09664,1.0964091,-5.2755524193550083e-05,-4.6153277382650394e-05
batch2,9,367.0,791.0,1.0968956,1.0968956,1.0968956,1.096509,-6.136798387095833e-05,-4.545126315789378e-05
batch2,9,368.0,791.0,1.0940526,1.0940526,1.0940526,1.0963697,-7.887536290322234e-05,-4.499355334281597e-05
batch2,9,369.0,791.0,1.0956638,1.0956638,1.0956638,1.0960464,-7.260189516129348e-05,-4.415275960170163e-05
batch2,9,370.0,791.0,1.096974,1.096974,1.096974,1.0960464,-8.00190725806431e-05,-4.2798810810807715e-05
batch2,9,371.0,791.0,1.0945195,1.0945195,1.0945195,1.0960464,-6.758544354837949e-05,-4.4985419630157415e-05
batch2,9,372.0,791.0,1.096509,1.096509,1.096509,1.0957768,-7.489100806451299e-05,-4.5632947368421314e-05
batch2,9,373.0,791.0,1.0963697,1.0963697,1.0963697,1.0957768,-7.868979838709555e-05,-4.663912375533817e-05
batch2,9,374.0,791.0,1.0960464,1.0960464,1.0960464,1.0957768,-7.079745967741554e-05,-4.8163522048364654e-05
batch2,9,375.0,791.0,1.0951959,1.0951959,1.0951959,1.0957768,-9.04181048387108e-05,-4.988096443812285e-05
batch2,9,376.0,791.0,1.0957768,1.0957768,1.0957768,1.0953207,-9.121120967742412e-05,-4.997719772404112e-05
batch2,9,377.0,791.0,1.0936729,1.0936729,1.0936729,1.0953207,-8.481741935483367e-05,-5.1083391180656625e-05
batch2,9,378.0,791.0,1.0966761,1.0966761,1.0966761,1.0951959,-7.959887096774386e-05,-5.11829416785212e-05
batch2,9,379.0,791.0,1.0930868,1.0930868,1.0930868,1.0948616,-6.282560483871973e-05,-5.4917425320055863e-05
batch2,9,380.0,791.0,1.0940293,1.0940293,1.0940293,1.094514,-6.298931451612738e-05,-5.4924435277382604e-05
batch2,9,381.0,791.0,1.0953207,1.0953207,1.0953207,1.094514,-7.990560483870114e-05,-5.5546216216217476e-05
batch2,9,382.0,791.0,1.0943295,1.0943295,1.0943295,1.0943295,-7.322741935484425e-05,-5.75660739687053e-05
batch2,9,383.0,791.0,1.0933716,1.0933716,1.0933716,1.0943295,-5.93379435483942e-05,-5.817312375533313e-05
batch2,9,384.0,791.0,1.0948616,1.0948616,1.0948616,1.0943295,-6.177076612903612e-05,-5.7902025604552857e-05
batch2,9,385.0,791.0,1.094514,1.094514,1.094514,1.0943295,-6.662842741935415e-05,-5.824109246087906e-05
batch2,9,386.0,791.0,1.0959473,1.0959473,1.0959473,1.0943295,-5.867504032258812e-05,-6.002431009957458e-05
batch2,9,387.0,791.0,1.0940838,1.0940838,1.0940838,1.0943295,-6.290875000000195e-05,-5.9738517780936856e-05
batch2,9,388.0,791.0,1.0938449,1.0938449,1.0938449,1.0941797,-5.421314516129911e-05,-6.0953741109529035e-05
batch2,9,389.0,791.0,1.0953372,1.0953372,1.0953372,1.094514,-5.1732741935486334e-05,-6.114263157894553e-05
batch2,9,390.0,791.0,1.0923598,1.0923598,1.0923598,1.0944481,-4.7470362903221896e-05,-6.369824751066952e-05
batch2,9,391.0,791.0,1.0935526,1.0935526,1.0935526,1.0941797,-4.083874999999638e-05,-6.226466571834778e-05
batch2,9,392.0,791.0,1.0949024,1.0949024,1.0949024,1.0940851,-2.9605846774190963e-05,-6.606741963015571e-05
batch2,9,393.0,791.0,1.0941797,1.0941797,1.0941797,1.0941797,-4.467213709677854e-05,-6.872580085348776e-05
batch2,9,394.0,791.0,1.0951018,1.0951018,1.0951018,1.0944481,-3.165608870967397e-05,-6.969116073968862e-05
batch2,9,395.0,791.0,1.0944481,1.0944481,1.0944481,1.0941797,-3.9935806451617125e-05,-6.920013940255938e-05
batch2,9,396.0,791.0,1.0926912,1.0926912,1.0926912,1.0941797,-4.245677419355601e-05,-7.04081906116626e-05
batch2,9,397.0,791.0,1.0940851,1.0940851,1.0940851,1.0941797,-4.621552419354164e-05,-7.282856899004712e-05
batch2,9,398.0,791.0,1.0948344,1.0948344,1.0948344,1.0940851,-4.0731693548387036e-05,-7.300231578947282e-05
batch2,9,399.0,791.0,1.0950309,1.0950309,1.0950309,1.0938908,-5.697649193548509e-05,-7.056229018492156e-05
batch2,9,400.0,791.0,1.0929766,1.0929766,1.0929766,1.0938644,-4.96581451612962e-05,-7.044182076813652e-05
batch2,9,401.0,791.0,1.093518,1.093518,1.093518,1.0938644,-6.384475806451251e-05,-6.97232745376982e-05
batch2,9,402.0,791.0,1.0938908,1.0938908,1.0938908,1.0938908,-6.047661290322181e-05,-6.952195448079712e-05
batch2,9,403.0,791.0,1.0938644,1.0938644,1.0938644,1.0938644,-5.573520161289959e-05,-7.181658036984443e-05
batch2,9,404.0,791.0,1.0928091,1.0928091,1.0928091,1.0935503,-7.161334677419197e-05,-7.262202844950165e-05
batch2,9,405.0,791.0,1.0932112,1.0932112,1.0932112,1.0935503,-6.826383064516605e-05,-7.23118549075379e-05
batch2,9,406.0,791.0,1.0943211,1.0943211,1.0943211,1.0936339,-7.25794758064553e-05,-7.593506116643097e-05
batch2,9,407.0,791.0,1.0944039,1.0944039,1.0944039,1.0936339,-6.510733870967551e-05,-7.675827027027262e-05
batch2,9,408.0,791.0,1.0922084,1.0922084,1.0922084,1.0936339,-6.988931451612133e-05,-7.820697297297365e-05
batch2,9,409.0,791.0,1.0935503,1.0935503,1.0935503,1.0935503,-7.771040322580149e-05,-8.009340540540344e-05
batch2,9,410.0,791.0,1.0936496,1.0936496,1.0936496,1.0936339,-7.442483870967736e-05,-7.84618264580384e-05
batch2,9,411.0,791.0,1.0936339,1.0936339,1.0936339,1.0936339,-6.78400403225947e-05,-7.690680512091038e-05
batch2,9,412.0,791.0,1.0920254,1.0920254,1.0920254,1.0935503,-8.244754032258518e-05,-7.547856045519083e-05
batch2,9,413.0,791.0,1.0943911,1.0943911,1.0943911,1.0935503,-7.865374999999999e-05,-7.393236984353016e-05
batch2,9,414.0,791.0,1.0918245,1.0918245,1.0918245,1.0935503,-8.812540322581018e-05,-7.258436130867839e-05
batch2,9,415.0,791.0,1.0940278,1.0940278,1.0940278,1.0920659,-9.894995967742268e-05,-7.48251351351358e-05
batch2,9,416.0,791.0,1.0907875,1.0907875,1.0907875,1.0920659,-0.00010348790322580478,-7.246620483641813e-05
batch2,9,417.0,791.0,1.0919126,1.0919126,1.0919126,1.0920659,-0.00010036290322580479,-7.744611948791299e-05
batch2,9,418.0,791.0,1.0938584,1.0938584,1.0938584,1.0920659,-0.00010627314516129221,-8.110609957325744e-05
batch2,9,419.0,791.0,1.0906891,1.0906891,1.0906891,1.0919126,-0.00010917520161290336,-8.305525746799397e-05
batch2,9,420.0,791.0,1.0920659,1.0920659,1.0920659,1.0919126,-0.00011543403225806728,-8.360801422475285e-05
batch2,9,421.0,791.0,1.0937564,1.0937564,1.0937564,1.0919126,-0.00010201798387096327,-8.580039544808221e-05
batch2,9,422.0,791.0,1.0945261,1.0945261,1.0945261,1.0919126,-9.780875000000296e-05,-8.643394310099707e-05
batch2,9,423.0,791.0,1.0911252,1.0911252,1.0911252,1.0920659,-9.388088709677713e-05,-8.704580085348587e-05
batch2,9,424.0,791.0,1.0911418,1.0911418,1.0911418,1.091792,-9.314729838709839e-05,-8.43425746799444e-05
batch2,9,425.0,791.0,1.091792,1.091792,1.091792,1.091792,-9.224455645161507e-05,-8.640964153627395e-05
batch2,9,426.0,791.0,1.0928141,1.0928141,1.0928141,1.0914369,-9.544983870968494e-05,-8.90395021337131e-05
batch2,9,427.0,791.0,1.0910754,1.0910754,1.0910754,1.0914369,-9.338822580645532e-05,-8.724095305832029e-05
batch2,9,428.0,791.0,1.0925232,1.0925232,1.0925232,1.0911418,-0.00010629112903224672,-9.030787766714084e-05
batch2,9,429.0,791.0,1.0894266,1.0894266,1.0894266,1.0911418,-9.744052419355526e-05,-9.246106401138154e-05
batch2,9,430.0,791.0,1.0886328,1.0886328,1.0886328,1.0910754,-0.00011598798387097112,-9.368109246088179e-05
batch2,9,431.0,791.0,1.0914369,1.0914369,1.0914369,1.0910754,-0.00010744129032257774,-9.403520625888832e-05
batch2,9,432.0,791.0,1.0920237,1.0920237,1.0920237,1.090634,-0.00011095129032258225,-9.351419630156666e-05
batch2,9,433.0,791.0,1.0900326,1.0900326,1.0900326,1.0906137,-0.0001076956048387197,-9.380809103840909e-05
batch2,9,434.0,791.0,1.0903009,1.0903009,1.0903009,1.0906137,-9.102786290322051e-05,-9.625258321479574e-05
batch2,9,435.0,791.0,1.090634,1.090634,1.090634,1.0906137,-8.844374999999419e-05,-9.624854907538957e-05
batch2,9,436.0,791.0,1.093313,1.093313,1.093313,1.0906137,-8.266217741936521e-05,-9.547277667140666e-05
batch2,9,437.0,791.0,1.0906137,1.0906137,1.0906137,1.0903345,-7.379181451613532e-05,-9.503858036984076e-05
batch2,9,438.0,791.0,1.0902317,1.0902317,1.0902317,1.0903009,-5.108891129033027e-05,-9.743473684210627e-05
batch2,9,439.0,791.0,1.0917673,1.0917673,1.0917673,1.0903009,-6.956754032257872e-05,-9.797891322901818e-05
batch2,9,440.0,791.0,1.0903345,1.0903345,1.0903345,1.0902317,-8.553346774192864e-05,-0.00010032145092460788
batch2,9,441.0,791.0,1.089335,1.089335,1.089335,1.0899349,-9.499653225806351e-05,-0.00010383457183499179
batch2,9,442.0,791.0,1.0899349,1.0899349,1.0899349,1.0899349,-8.316048387096739e-05,-0.0001050509985775241
batch2,9,443.0,791.0,1.0889299,1.0889299,1.0889299,1.0899349,-8.542403225806039e-05,-0.00010557138833570343
batch2,9,444.0,791.0,1.0897967,1.0897967,1.0897967,1.0899349,-7.843137096774293e-05,-0.00010516867709815056
batch2,9,445.0,791.0,1.0876983,1.0876983,1.0876983,1.0899349,-8.853580645160201e-05,-0.00010469653769559047
batch2,9,446.0,791.0,1.0895526,1.0895526,1.0895526,1.0899349,-9.426024193548339e-05,-0.00010570214509246393
batch2,9,447.0,791.0,1.0907172,1.0907172,1.0907172,1.0899349,-9.928995967741214e-05,-0.00010505600853485009
batch2,9,448.0,791.0,1.090631,1.090631,1.090631,1.0904229,-0.00010174528225806441,-0.0001046507396870584
batch2,9,449.0,791.0,1.0906875,1.0906875,1.0906875,1.0904229,-9.994407258063915e-05,-0.00010587226173541843
batch2,9,450.0,791.0,1.0915282,1.0915282,1.0915282,1.0904229,-0.00010658987903226071,-0.00010523828449501989
batch2,9,451.0,791.0,1.0906442,1.0906442,1.0906442,1.0904229,-0.00011295374999999282,-0.00010441414793741119
batch2,9,452.0,791.0,1.0892569,1.0892569,1.0892569,1.0904229,-0.00010470927419354381,-0.0001082020455192037
batch2,9,453.0,791.0,1.0904229,1.0904229,1.0904229,1.0893254,-0.0001030468548387143,-0.00010761798577525062
batch2,9,454.0,791.0,1.0869683,1.0869683,1.0869683,1.0892569,-0.00010447169354839177,-0.00011059576955903432
batch2,9,455.0,791.0,1.0870889,1.0870889,1.0870889,1.0886424,-9.677048387096718e-05,-0.00011309499004267317
batch2,9,456.0,791.0,1.0872003,1.0872003,1.0872003,1.0886424,-9.911665322580594e-05,-0.0001128337894736821
batch2,9,457.0,791.0,1.0893254,1.0893254,1.0893254,1.0886163,-0.00010204741935484209,-0.00011704661166429634
batch2,9,458.0,791.0,1.0886163,1.0886163,1.0886163,1.0884384,-0.00010168209677419401,-0.00011805287624466437
batch2,9,459.0,791.0,1.0884384,1.0884384,1.0884384,1.0884384,-0.00011116770161291368,-0.00011767528876244878
batch2,9,460.0,791.0,1.0886424,1.0886424,1.0886424,1.0884384,-0.00011900963709677307,-0.00011688402844950335
batch2,9,461.0,791.0,1.090161,1.090161,1.090161,1.0884384,-0.00013267923387097195,-0.00011780870554765274
batch2,9,462.0,791.0,1.0873867,1.0873867,1.0873867,1.0884384,-0.00014777943548387534,-0.00011967499004267221
batch2,9,463.0,791.0,1.0869164,1.0869164,1.0869164,1.0878621,-0.00016144149193549097,-0.00012332413086770983
batch2,9,464.0,791.0,1.0894035,1.0894035,1.0894035,1.0876788,-0.00015462637096774965,-0.00012303163015647267
batch2,9,465.0,791.0,1.0876788,1.0876788,1.0876788,1.0875757,-0.00014524020161290298,-0.00012377973541962664
batch2,9,466.0,791.0,1.0871953,1.0871953,1.0871953,1.0873867,-0.00013137536290322842,-0.0001252015163584637
batch2,9,467.0,791.0,1.0865237,1.0865237,1.0865237,1.0873867,-0.00012241838709678413,-0.00013097587766714341
batch2,9,468.0,791.0,1.0878621,1.0878621,1.0878621,1.0873607,-0.00011666427419354986,-0.00013346811948790877
batch2,9,469.0,791.0,1.0875757,1.0875757,1.0875757,1.0873607,-0.00010197931451613276,-0.00013271122332859163
batch2,9,470.0,791.0,1.0872695,1.0872695,1.0872695,1.0872695,-0.00011108584677418573,-0.00013194582076813988
batch2,9,471.0,791.0,1.0868368,1.0868368,1.0868368,1.0871953,-0.00012944955645161928,-0.0001338301308677106
batch2,9,472.0,791.0,1.0875731,1.0875731,1.0875731,1.0868368,-0.00012675697580644946,-0.0001350907027027019
batch2,9,473.0,791.0,1.0873607,1.0873607,1.0873607,1.0868368,-0.00012472068548386266,-0.0001356016642958759
batch2,9,474.0,791.0,1.0866324,1.0866324,1.0866324,1.0868365,-0.00013753903225806124,-0.00013308430156472103
batch2,9,475.0,791.0,1.0858264,1.0858264,1.0858264,1.0866324,-0.00013917830645161625,-0.00013451927738264628
batch2,9,476.0,791.0,1.0868365,1.0868365,1.0868365,1.0862756,-0.0001397732258064459,-0.00013559387197723902
batch2,9,477.0,791.0,1.0845646,1.0845646,1.0845646,1.0862058,-0.000134055645161278,-0.0001348107425320099
batch2,9,478.0,791.0,1.0832276,1.0832276,1.0832276,1.0861889,-0.000141068064516128,-0.00013806208250355362
batch2,9,479.0,791.0,1.0862058,1.0862058,1.0862058,1.0861889,-0.00015727016129032134,-0.00014075853769559014
batch2,9,480.0,791.0,1.0862756,1.0862756,1.0862756,1.0858264,-0.0001470553225806379,-0.00014070979231863546
batch2,9,481.0,791.0,1.0858252,1.0858252,1.0858252,1.0858252,-0.0001495772580645059,-0.00014233778662873158
batch2,9,482.0,791.0,1.0855765,1.0855765,1.0855765,1.0858252,-0.00015749927419354582,-0.0001457099800853502
batch2,9,483.0,791.0,1.0861889,1.0861889,1.0861889,1.0858252,-0.0001585203225806328,-0.0001519736244665736
batch2,9,484.0,791.0,1.0862172,1.0862172,1.0862172,1.0858252,-0.00015653483870967986,-0.00015402192603129546
batch2,9,485.0,791.0,1.0856882,1.0856882,1.0856882,1.0856882,-0.0001699924596774148,-0.00015394488477951703
batch2,9,486.0,791.0,1.0839437,1.0839437,1.0839437,1.0855765,-0.00016803959677418425,-0.00015468076244665695
batch2,9,487.0,791.0,1.0870965,1.0870965,1.0870965,1.0847143,-0.00016383185483871674,-0.00015338134850640222
batch2,9,488.0,791.0,1.0847143,1.0847143,1.0847143,1.0843514,-0.00016752786290323194,-0.00015192401706970272
batch2,9,489.0,791.0,1.0827073,1.0827073,1.0827073,1.084034,-0.00017753592741936284,-0.0001504033229018472
batch2,9,490.0,791.0,1.0843514,1.0843514,1.0843514,1.0839437,-0.00016689447580645026,-0.00015034202275960174
batch2,9,491.0,791.0,1.084034,1.084034,1.084034,1.083668,-0.0001596862499999937,-0.00014935577809388468
batch2,9,492.0,791.0,1.0831506,1.0831506,1.0831506,1.0835378,-0.00014983870967741182,-0.00015193945092460855
batch2,9,493.0,791.0,1.0835378,1.0835378,1.0835378,1.0835378,-0.00015727907258064565,-0.00015353435561877774
batch2,9,494.0,791.0,1.0822635,1.0822635,1.0822635,1.0831506,-0.00017161637096775267,-0.00015610586344238858
batch2,9,495.0,791.0,1.083668,1.083668,1.083668,1.0831506,-0.00016529435483870266,-0.00015617408250355726
batch2,9,496.0,791.0,1.0830195,1.0830195,1.0830195,1.0830195,-0.0001574425000000025,-0.0001560764295874817
batch2,9,497.0,791.0,1.0823318,1.0823318,1.0823318,1.0830195,-0.00015850133064515852,-0.00015661273684210668
batch2,9,498.0,791.0,1.0838649,1.0838649,1.0838649,1.0827571,-0.00015621334677420597,-0.00015674644096728431
batch2,9,499.0,791.0,1.0827571,1.0827571,1.0827571,1.0825497,-0.00014847931451611955,-0.0001548173940256054
batch2,9,500.0,791.0,1.080169,1.080169,1.080169,1.0827571,-0.00015447334677419437,-0.00015648283072546397
batch2,9,501.0,791.0,1.0825497,1.0825497,1.0825497,1.0827571,-0.00015322967741936302,-0.0001596159743954472
batch2,9,502.0,791.0,1.0830694,1.0830694,1.0830694,1.0825497,-0.00015028366935483311,-0.0001601087624466616
batch2,9,503.0,791.0,1.0807261,1.0807261,1.0807261,1.0825497,-0.00013069346774194696,-0.0001628911066856336
batch2,9,504.0,791.0,1.0794526,1.0794526,1.0794526,1.0823561,-0.00014055665322581213,-0.00016418502133712845
batch2,9,505.0,791.0,1.0831163,1.0831163,1.0831163,1.0818501,-0.00016606108870967977,-0.00016764705263157872
batch2,9,506.0,791.0,1.083174,1.083174,1.083174,1.0818501,-0.0001676145161290361,-0.000165708785206257
batch2,9,507.0,791.0,1.0823561,1.0823561,1.0823561,1.0817382,-0.00016566850806452535,-0.00016492875106685569
batch2,9,508.0,791.0,1.0816225,1.0816225,1.0816225,1.0817122,-0.0001734316532258025,-0.00016666290469416925
batch2,9,509.0,791.0,1.0817122,1.0817122,1.0817122,1.0817122,-0.00016732919354839129,-0.00016900810526315684
batch2,9,510.0,791.0,1.0818501,1.0818501,1.0818501,1.0817122,-0.00017395975806451863,-0.00016967380085348638
batch2,9,511.0,791.0,1.0817382,1.0817382,1.0817382,1.0816225,-0.00016627810483870362,-0.00017044054338549142
batch2,9,512.0,791.0,1.0804429,1.0804429,1.0804429,1.0811304,-0.00016258931451613605,-0.00017265021337126935
batch2,9,513.0,791.0,1.0809027,1.0809027,1.0809027,1.0809027,-0.00016527568548386503,-0.00017439862019914715
batch2,9,514.0,791.0,1.0808383,1.0808383,1.0808383,1.0808383,-0.00015745806451613264,-0.0001743715334281636
batch2,9,515.0,791.0,1.0781817,1.0781817,1.0781817,1.0804429,-0.0001509645564516093,-0.00017682426458037192
batch2,9,516.0,791.0,1.0794069,1.0794069,1.0794069,1.0803317,-0.0001671853225806445,-0.00018138124039829498
batch2,9,517.0,791.0,1.0811304,1.0811304,1.0811304,1.0794069,-0.00016733403225806004,-0.00018220430156471997
batch2,9,518.0,791.0,1.0803317,1.0803317,1.0803317,1.0789528,-0.00015861262096773703,-0.00018193056899004056
batch2,9,519.0,791.0,1.0775521,1.0775521,1.0775521,1.0789528,-0.00016719637096774485,-0.00018208657467994358
batch2,9,520.0,791.0,1.0766294,1.0766294,1.0766294,1.0784677,-0.00018334487903225538,-0.00018477629871977672
batch2,9,521.0,791.0,1.0784304,1.0784304,1.0784304,1.0789528,-0.00017434713709677628,-0.0001867301536273112
batch2,9,522.0,791.0,1.0789528,1.0789528,1.0789528,1.0788087,-0.00016809834677419255,-0.00018835979516358738
batch2,9,523.0,791.0,1.0779511,1.0779511,1.0779511,1.0784677,-0.00017164205645160986,-0.00018940688193456746
batch2,9,524.0,791.0,1.0794839,1.0794839,1.0794839,1.0784304,-0.00017916213709677246,-0.00019230276813655934
batch2,9,525.0,791.0,1.0784677,1.0784677,1.0784677,1.0784677,-0.00018812467741934598,-0.00019035639829303067
batch2,9,526.0,791.0,1.0790828,1.0790828,1.0790828,1.0784677,-0.00018370959677419316,-0.00019229139971550725
batch2,9,527.0,791.0,1.0788087,1.0788087,1.0788087,1.0784677,-0.00018760366935483266,-0.00019671332005689808
batch2,9,528.0,791.0,1.0782075,1.0782075,1.0782075,1.0782075,-0.00017596943548387376,-0.00019898309815078596
batch2,9,529.0,791.0,1.0780339,1.0780339,1.0780339,1.0782075,-0.00016663354838709692,-0.00019949063726884715
batch2,9,530.0,791.0,1.0786079,1.0786079,1.0786079,1.0780339,-0.00017015036290322463,-0.00020194805974395265
batch2,9,531.0,791.0,1.0773365,1.0773365,1.0773365,1.0778254,-0.00019092560483871104,-0.0002062379459459441
batch2,9,532.0,791.0,1.0772655,1.0772655,1.0772655,1.0773365,-0.00019889435483871405,-0.00021055448364153497
batch2,9,533.0,791.0,1.0778254,1.0778254,1.0778254,1.0772655,-0.00019491754032257874,-0.0002126339146514949
batch2,9,534.0,791.0,1.0771142,1.0771142,1.0771142,1.0771142,-0.0001989813709677443,-0.00021362971834992895
batch2,9,535.0,791.0,1.0769811,1.0769811,1.0769811,1.0770659,-0.00021240379032258836,-0.00021807631863442155
batch2,9,536.0,791.0,1.0770659,1.0770659,1.0770659,1.0769811,-0.00022813375000000749,-0.00021816879943101008
batch2,9,537.0,791.0,1.0761465,1.0761465,1.0761465,1.0761465,-0.00023327286290323072,-0.00021949220483641276
batch2,9,538.0,791.0,1.0749314,1.0749314,1.0749314,1.0761465,-0.00023852947580644477,-0.00022418792603129634
batch2,9,539.0,791.0,1.0745615,1.0745615,1.0745615,1.075906,-0.00024634185483871226,-0.00022575448933143428
batch2,9,540.0,791.0,1.0737566,1.0737566,1.0737566,1.0752909,-0.00023838020161290636,-0.00022571724893314277
batch2,9,541.0,791.0,1.0752909,1.0752909,1.0752909,1.0749314,-0.0002361652419354916,-0.0002279680199146503
batch2,9,542.0,791.0,1.0735992,1.0735992,1.0735992,1.0745615,-0.00024277693548387173,-0.00023232709246088137
batch2,9,543.0,791.0,1.0770056,1.0770056,1.0770056,1.0737566,-0.00024962350806452223,-0.00023384995732574573
batch2,9,544.0,791.0,1.075906,1.075906,1.075906,1.0735992,-0.000257678991935487,-0.00023388916927453475
batch2,9,545.0,791.0,1.0735166,1.0735166,1.0735166,1.0735166,-0.000259445322580643,-0.00023468391180654256
batch2,9,546.0,791.0,1.0730088,1.0730088,1.0730088,1.0734744,-0.0002566574596774259,-0.00023669652631578666
batch2,9,547.0,791.0,1.0734744,1.0734744,1.0734744,1.0733916,-0.0002525871370967746,-0.0002388822617354214
batch2,9,548.0,791.0,1.0732155,1.0732155,1.0732155,1.0732155,-0.00025649568548386854,-0.00023862137411095305
batch2,9,549.0,791.0,1.0722104,1.0722104,1.0722104,1.0730866,-0.0002578668145161351,-0.00023911471692745283
batch2,9,550.0,791.0,1.0730866,1.0730866,1.0730866,1.0730088,-0.00026019790322581244,-0.0002416636216216228
batch2,9,551.0,791.0,1.0733916,1.0733916,1.0733916,1.0730057,-0.0002503629032258088,-0.0002428751038406844
batch2,9,552.0,791.0,1.0730057,1.0730057,1.0730057,1.0728475,-0.00024514721774193096,-0.0002434634395448101
batch2,9,553.0,791.0,1.0720674,1.0720674,1.0720674,1.0725389,-0.0002577507258064472,-0.0002483284409672862
batch2,9,554.0,791.0,1.0722543,1.0722543,1.0722543,1.0722543,-0.0002692107258064456,-0.0002536850782361324
batch2,9,555.0,791.0,1.0728475,1.0728475,1.0728475,1.0722543,-0.00027818298387096823,-0.00025363998008534665
batch2,9,556.0,791.0,1.0725389,1.0725389,1.0725389,1.0720674,-0.00028179129032258264,-0.00025354320341393967
batch2,9,557.0,791.0,1.0700282,1.0700282,1.0700282,1.0707506,-0.00029127282258063775,-0.0002575389843527764
batch2,9,558.0,791.0,1.0696781,1.0696781,1.0696781,1.070156,-0.0002949461290322621,-0.0002618232688477957
batch2,9,559.0,791.0,1.0695108,1.0695108,1.0695108,1.0700282,-0.0002770439112903312,-0.0002633290839260302
batch2,9,560.0,791.0,1.070156,1.070156,1.070156,1.0697715,-0.0002680776612903298,-0.00026505169559032816
batch2,9,561.0,791.0,1.0697715,1.0697715,1.0697715,1.0697715,-0.00026966427419354794,-0.00026826176102418367
batch2,9,562.0,791.0,1.0707506,1.0707506,1.0707506,1.0696781,-0.00026825629032257563,-0.00026870079089615914
batch2,9,563.0,791.0,1.0690681,1.0690681,1.0690681,1.0695108,-0.00026257233870967487,-0.0002690771920341396
batch2,9,564.0,791.0,1.0683439,1.0683439,1.0683439,1.0690681,-0.00026227858870967607,-0.0002706187396870534
batch2,9,565.0,791.0,1.0683117,1.0683117,1.0683117,1.0685506,-0.0002740849193548363,-0.00027083339687055503
batch2,9,566.0,791.0,1.0698783,1.0698783,1.0698783,1.0683439,-0.0002718829032258112,-0.00027296283357041166
batch2,9,567.0,791.0,1.0685506,1.0685506,1.0685506,1.0683405,-0.00026664076612902644,-0.0002744053456614516
batch2,9,568.0,791.0,1.0660175,1.0660175,1.0660175,1.0683117,-0.0002656498790322595,-0.00027492248079658525
batch2,9,569.0,791.0,1.0668274,1.0668274,1.0668274,1.0674753,-0.0002714081048387056,-0.00027771205974395506
batch2,9,570.0,791.0,1.067093,1.067093,1.067093,1.067093,-0.00026211697580644157,-0.0002793796443812251
batch2,9,571.0,791.0,1.0683405,1.0683405,1.0683405,1.0670007,-0.0002523435080645191,-0.00027960938549075135
batch2,9,572.0,791.0,1.0653718,1.0653718,1.0653718,1.0668274,-0.0002475178225806522,-0.0002798437524893285
batch2,9,573.0,791.0,1.0674753,1.0674753,1.0674753,1.066722,-0.00025289818548387684,-0.00027937234139402216
batch2,9,574.0,791.0,1.0670007,1.0670007,1.0670007,1.066722,-0.0002565545564516188,-0.00027882530298719714
batch2,9,575.0,791.0,1.0660292,1.0660292,1.0660292,1.0665132,-0.00026952923387097387,-0.0002806011977240428
batch2,9,576.0,791.0,1.0661747,1.0661747,1.0661747,1.0661747,-0.00028814096774193237,-0.0002821763812233289
batch2,9,577.0,791.0,1.066722,1.066722,1.066722,1.0660292,-0.0002876799999999997,-0.000287416992887625
batch2,9,578.0,791.0,1.0665132,1.0665132,1.0665132,1.0660292,-0.0002755315322580698,-0.00029163299857752417
batch2,9,579.0,791.0,1.0654341,1.0654341,1.0654341,1.0654341,-0.0002799310080645168,-0.00029118603129444975
batch2,9,580.0,791.0,1.0639869,1.0639869,1.0639869,1.0648201,-0.00028422955645162186,-0.0002920521678520612
batch2,9,581.0,791.0,1.0648201,1.0648201,1.0648201,1.0644858,-0.00028345048387096926,-0.0002918260796586056
batch2,9,582.0,791.0,1.0644463,1.0644463,1.0644463,1.0644463,-0.0002769399193548415,-0.0002899363556187744
batch2,9,583.0,791.0,1.0635587,1.0635587,1.0635587,1.0639869,-0.0002803667338709578,-0.0002925308990042631
batch2,9,584.0,791.0,1.0628139,1.0628139,1.0628139,1.0635587,-0.00029293733870968265,-0.00029459611948791056
batch2,9,585.0,791.0,1.0644858,1.0644858,1.0644858,1.0634149,-0.000294214072580642,-0.0002965778805120936
batch2,9,586.0,791.0,1.0634149,1.0634149,1.0634149,1.0628139,-0.0003045380645161321,-0.00029777130583214607
batch2,9,587.0,791.0,1.0622972,1.0622972,1.0622972,1.0627687,-0.0002971881048387038,-0.0002999192318634413
batch2,9,588.0,791.0,1.0626051,1.0626051,1.0626051,1.0626051,-0.00031564326612903,-0.0003017031294452329
batch2,9,589.0,791.0,1.0627687,1.0627687,1.0627687,1.0622972,-0.0003155665322580652,-0.00030341632716927256
batch2,9,590.0,791.0,1.0609459,1.0609459,1.0609459,1.0618985,-0.0003160491532258151,-0.00030545365860597517
batch2,9,591.0,791.0,1.0587547,1.0587547,1.0587547,1.0615581,-0.0003274274193548454,-0.00030553512091037916
batch2,9,592.0,791.0,1.0615581,1.0615581,1.0615581,1.0609459,-0.00033028576612902517,-0.0003068623157894747
batch2,9,593.0,791.0,1.0618985,1.0618985,1.0618985,1.0609322,-0.0003241969354838717,-0.00030777372972973184
batch2,9,594.0,791.0,1.0603671,1.0603671,1.0603671,1.0605762,-0.00031435399193548803,-0.00030874730867709783
batch2,9,595.0,791.0,1.0605762,1.0605762,1.0605762,1.0603671,-0.00030588270161290476,-0.0003106394366998533
batch2,9,596.0,791.0,1.0609322,1.0609322,1.0609322,1.0599127,-0.0003066045161290274,-0.0003146701365576061
batch2,9,597.0,791.0,1.0597168,1.0597168,1.0597168,1.0599127,-0.0003098128225806371,-0.00031931084210526476
batch2,9,598.0,791.0,1.0588126,1.0588126,1.0588126,1.0597168,-0.0003060316935483983,-0.0003235361621621628
batch2,9,599.0,791.0,1.0593536,1.0593536,1.0593536,1.0593536,-0.00032619560483871025,-0.00032618413655760906
batch2,9,600.0,791.0,1.0599127,1.0599127,1.0599127,1.0588126,-0.00033915697580643524,-0.00032876049786628763
batch2,9,601.0,791.0,1.0576726,1.0576726,1.0576726,1.058636,-0.0003233991532258003,-0.0003308021052631578
batch2,9,602.0,791.0,1.058636,1.058636,1.058636,1.0576726,-0.0003110400806451506,-0.0003329051692745383
batch2,9,603.0,791.0,1.0568892,1.0568892,1.0568892,1.0571439,-0.0003203696370967802,-0.00033790359886202146
batch2,9,604.0,791.0,1.0571439,1.0571439,1.0571439,1.0568892,-0.0003112120161290218,-0.00034173611664295775
batch2,9,605.0,791.0,1.0568689,1.0568689,1.0568689,1.0568689,-0.00031199427419356283,-0.0003435789189189209
batch2,9,606.0,791.0,1.0554283,1.0554283,1.0554283,1.0565773,-0.000317379596774195,-0.0003490516045519212
batch2,9,607.0,791.0,1.055975,1.055975,1.055975,1.0563318,-0.00033910778225807283,-0.00035348502133712554
batch2,9,608.0,791.0,1.0561905,1.0561905,1.0561905,1.0561905,-0.00033713189516128956,-0.0003582014139402527
batch2,9,609.0,791.0,1.0563318,1.0563318,1.0563318,1.0560106,-0.00033164548387095647,-0.0003600864551920329
batch2,9,610.0,791.0,1.0565773,1.0565773,1.0565773,1.055975,-0.00033842129032257733,-0.0003645219829302977
batch2,9,611.0,791.0,1.0560106,1.0560106,1.0560106,1.0554283,-0.00034485685483871614,-0.00036551798008534805
batch2,9,612.0,791.0,1.054179,1.054179,1.054179,1.0550239,-0.00034773633064515266,-0.00036698385775249195
batch2,9,613.0,791.0,1.0550239,1.0550239,1.0550239,1.0548383,-0.0003403208467741895,-0.00037099364722617474
batch2,9,614.0,791.0,1.0513836,1.0513836,1.0513836,1.0547755,-0.0003468412903225855,-0.00037270064011380154
batch2,9,615.0,791.0,1.0525572,1.0525572,1.0525572,1.054179,-0.00035087560483870804,-0.0003753159345661445
batch2,9,616.0,791.0,1.0548383,1.0548383,1.0548383,1.0538346,-0.000349124516129037,-0.00037900648079658514
batch2,9,617.0,791.0,1.0547755,1.0547755,1.0547755,1.0525572,-0.00035051116935483085,-0.0003823766458036982
batch2,9,618.0,791.0,1.0518059,1.0518059,1.0518059,1.0518595,-0.0003555366935483828,-0.000386920916073969
batch2,9,619.0,791.0,1.0538346,1.0538346,1.0538346,1.0518059,-0.00037305044354838166,-0.00039044284779516324
batch2,9,620.0,791.0,1.051432,1.051432,1.051432,1.0518059,-0.0003897199999999966,-0.0003951182731152215
batch2,9,621.0,791.0,1.0518595,1.0518595,1.0518595,1.051432,-0.00039566858870968393,-0.00039978906116643005
batch2,9,622.0,791.0,1.050889,1.050889,1.050889,1.0512934,-0.00041587056451612025,-0.00040534423613086787
batch2,9,623.0,791.0,1.0512934,1.0512934,1.0512934,1.050889,-0.00041866629032258096,-0.0004087447112375523
batch2,9,624.0,791.0,1.0508264,1.0508264,1.0508264,1.0508264,-0.0004154352016129229,-0.0004125004210526305
batch2,9,625.0,791.0,1.0496944,1.0496944,1.0496944,1.0503927,-0.0004270412499999939,-0.00041661632432432176
batch2,9,626.0,791.0,1.0488161,1.0488161,1.0488161,1.0496944,-0.0004385429032258003,-0.00041883931436699896
batch2,9,627.0,791.0,1.0482403,1.0482403,1.0482403,1.0488161,-0.0004323320161290306,-0.00042123750497866124
batch2,9,628.0,791.0,1.0503927,1.0503927,1.0503927,1.0484315,-0.0004419725000000048,-0.00042898253200568886
batch2,9,629.0,791.0,1.0484315,1.0484315,1.0484315,1.0482403,-0.00044408943548387704,-0.0004364233456614467
batch2,9,630.0,791.0,1.0475734,1.0475734,1.0475734,1.0481679,-0.0004715054435483902,-0.00044050531436699744
batch2,9,631.0,791.0,1.0471482,1.0471482,1.0471482,1.0475734,-0.0004825809677419313,-0.0004446929103840705
batch2,9,632.0,791.0,1.0481679,1.0481679,1.0481679,1.0471482,-0.000474794758064526,-0.00044994617638691186
batch2,9,633.0,791.0,1.045905,1.045905,1.045905,1.045905,-0.00045892137096774274,-0.000453924768136558
batch2,9,634.0,791.0,1.0448548,1.0448548,1.0448548,1.0451047,-0.0004606342338709645,-0.0004587823897581812
batch2,9,635.0,791.0,1.0439204,1.0439204,1.0439204,1.0450349,-0.0004574723790322564,-0.0004651579061166425
batch2,9,636.0,791.0,1.0451047,1.0451047,1.0451047,1.045,-0.00045562185483870397,-0.0004709179687055459
batch2,9,637.0,791.0,1.0435005,1.0435005,1.0435005,1.0448548,-0.0004590687903225763,-0.0004767335504978712
batch2,9,638.0,791.0,1.045,1.045,1.045,1.0439204,-0.00047249459677419257,-0.00047777216785206477
batch2,9,639.0,791.0,1.0450349,1.0450349,1.0450349,1.0435005,-0.00047357379032257927,-0.0004852082844950219
batch2,9,640.0,791.0,1.0416874,1.0416874,1.0416874,1.0429254,-0.0004740256854838662,-0.0004908011664295861
batch2,9,641.0,791.0,1.0404665,1.0404665,1.0404665,1.0416874,-0.0004795342338709695,-0.0004969922987197731
batch2,9,642.0,791.0,1.0429254,1.0429254,1.0429254,1.041386,-0.0004939022983870822,-0.0005023267112375529
batch2,9,643.0,791.0,1.041386,1.041386,1.041386,1.0408758,-0.0005052594758064482,-0.0005073633627311554
batch2,9,644.0,791.0,1.0408758,1.0408758,1.0408758,1.0405933,-0.0005021041532258041,-0.000515472005689901
batch2,9,645.0,791.0,1.0396328,1.0396328,1.0396328,1.0404665,-0.0005073215322580759,-0.0005205621877667182
batch2,9,646.0,791.0,1.0402992,1.0402992,1.0402992,1.0402992,-0.0005121250403225695,-0.0005248464381223345
batch2,9,647.0,791.0,1.0401673,1.0401673,1.0401673,1.0401673,-0.0005136021370967817,-0.000528192256045524
batch2,9,648.0,791.0,1.0405933,1.0405933,1.0405933,1.0399078,-0.0004983171774193426,-0.0005297936102418212
batch2,9,649.0,791.0,1.0399078,1.0399078,1.0399078,1.0396328,-0.0004982316129032205,-0.0005330046201991453
batch2,9,650.0,791.0,1.0377566,1.0377566,1.0377566,1.0390307,-0.000523561612903222,-0.0005362706657183502
batch2,9,651.0,791.0,1.0390307,1.0390307,1.0390307,1.0377566,-0.0005379530645161241,-0.0005387876017069665
batch2,9,652.0,791.0,1.0368721,1.0368721,1.0368721,1.0368721,-0.000541619475806452,-0.0005479254537695604
batch2,9,653.0,791.0,1.0352583,1.0352583,1.0352583,1.0358262,-0.0005570195161290406,-0.0005532210839260312
batch2,9,654.0,791.0,1.0358262,1.0358262,1.0358262,1.0353969,-0.0005583975000000016,-0.0005556849473684196
batch2,9,655.0,791.0,1.0353969,1.0353969,1.0353969,1.0352583,-0.0005516196370967593,-0.0005575784637268827
batch2,9,656.0,791.0,1.0347397,1.0347397,1.0347397,1.0347397,-0.0005718354838709698,-0.0005628199743954466
batch2,9,657.0,791.0,1.0332148,1.0332148,1.0332148,1.0332867,-0.0006001349596774133,-0.0005633308193456601
batch2,9,658.0,791.0,1.0332867,1.0332867,1.0332867,1.0332148,-0.000602463749999996,-0.0005666274793741136
batch2,9,659.0,791.0,1.0323933,1.0323933,1.0323933,1.0323933,-0.0006164380645161195,-0.0005687561137980111
batch2,9,660.0,791.0,1.031901,1.031901,1.031901,1.0323895,-0.0006081000806451665,-0.0005725715647226168
batch2,9,661.0,791.0,1.0317827,1.0317827,1.0317827,1.031901,-0.0006300050806451581,-0.0005773138577524889
batch2,9,662.0,791.0,1.0317335,1.0317335,1.0317335,1.0317827,-0.0006413882661290303,-0.0005817008620199129
batch2,9,663.0,791.0,1.0323895,1.0323895,1.0323895,1.0317335,-0.0006444243951612941,-0.0005871618236130853
batch2,9,664.0,791.0,1.0312384,1.0312384,1.0312384,1.0312384,-0.0006394003629032333,-0.0005920040483641496
batch2,9,665.0,791.0,1.0271788,1.0271788,1.0271788,1.0288056,-0.0006331752419354839,-0.0005968566201991501
batch2,9,666.0,791.0,1.0288056,1.0288056,1.0288056,1.0283079,-0.000647454153225814,-0.0005984628990042628
batch2,9,667.0,791.0,1.0283079,1.0283079,1.0283079,1.0271788,-0.0006375336290322574,-0.0006039768250355646
batch2,9,668.0,791.0,1.0269593,1.0269593,1.0269593,1.0269593,-0.0006360968951612948,-0.0006095447510668535
batch2,9,669.0,791.0,1.0265754,1.0265754,1.0265754,1.0266583,-0.0006392002016129068,-0.0006116704068278773
batch2,9,670.0,791.0,1.0266583,1.0266583,1.0266583,1.0265754,-0.0006293894758064568,-0.0006153336751066853
batch2,9,671.0,791.0,1.0245409,1.0245409,1.0245409,1.0253059,-0.0006272237096774196,-0.0006217384045519202
batch2,9,672.0,791.0,1.0233636,1.0233636,1.0233636,1.0245409,-0.0006169872177419353,-0.0006269198967283057
batch2,9,673.0,791.0,1.0238944,1.0238944,1.0238944,1.0238944,-0.0006164291532258135,-0.000631642154196303
batch2,9,674.0,791.0,1.0223423,1.0223423,1.0223423,1.0233636,-0.0006302079838709638,-0.0006359127974395472
batch2,9,675.0,791.0,1.0253059,1.0253059,1.0253059,1.0223423,-0.0006328434274193564,-0.00064133967539118
batch2,9,676.0,791.0,1.0205936,1.0205936,1.0205936,1.0205936,-0.0006353171370967617,-0.0006452083655761048
batch2,9,677.0,791.0,1.0203531,1.0203531,1.0203531,1.0205441,-0.0006340518145161329,-0.0006474683871977246
batch2,9,678.0,791.0,1.0205441,1.0205441,1.0205441,1.0203531,-0.0006329699596774166,-0.0006545128364153627
batch2,9,679.0,791.0,1.0201141,1.0201141,1.0201141,1.0201141,-0.0006113783870967657,-0.0006630932768136545
batch2,9,680.0,791.0,1.0196786,1.0196786,1.0196786,1.0196786,-0.0005969791129032164,-0.0006669889945945973
batch2,9,681.0,791.0,1.0172346,1.0172346,1.0172346,1.0185084,-0.0006031573790322523,-0.0006714382739687047
batch2,9,682.0,791.0,1.0185084,1.0185084,1.0185084,1.0181179,-0.0006025518145161199,-0.0006797652930298696
batch2,9,683.0,791.0,1.0180401,1.0180401,1.0180401,1.0180401,-0.000611815241935493,-0.0006869143607396881
batch2,9,684.0,791.0,1.0177554,1.0177554,1.0177554,1.0177554,-0.0006233408064516237,-0.0006922240011379802
batch2,9,685.0,791.0,1.0181179,1.0181179,1.0181179,1.0172346,-0.0006353585887096826,-0.0006968831746799453
batch2,9,686.0,791.0,1.0161313,1.0161313,1.0161313,1.0168823,-0.000636420161290333,-0.0007031032347083925
batch2,9,687.0,791.0,1.0168823,1.0168823,1.0168823,1.0161313,-0.0006461049193548447,-0.000707994054623042
batch2,9,688.0,791.0,1.0157182,1.0157182,1.0157182,1.0157182,-0.0006571988709677321,-0.000715245390042675
batch2,9,689.0,791.0,1.0121047,1.0121047,1.0121047,1.0134879,-0.0006749885080645228,-0.0007205660011379787
batch2,9,690.0,791.0,1.0134879,1.0134879,1.0134879,1.0127794,-0.0006963808870967813,-0.0007266538091038379
batch2,9,691.0,791.0,1.0127794,1.0127794,1.0127794,1.0122758,-0.0006752216935483854,-0.0007345684409672829
batch2,9,692.0,791.0,1.012249,1.012249,1.012249,1.012249,-0.0006979445564516153,-0.0007403806660028438
batch2,9,693.0,791.0,1.0109689,1.0109689,1.0109689,1.0121047,-0.0007234072016129172,-0.0007472609237553335
batch2,9,694.0,791.0,1.0122758,1.0122758,1.0122758,1.0109736,-0.0007329234798387114,-0.0007541692762446662
batch2,9,695.0,791.0,1.0109736,1.0109736,1.0109736,1.0109689,-0.0007355877661290394,-0.000763831066856326
batch2,9,696.0,791.0,1.0105507,1.0105507,1.0105507,1.0105507,-0.0007446988024193647,-0.0007728689533428175
batch2,9,697.0,791.0,1.0088285,1.0088285,1.0088285,1.0088285,-0.0007650221491935523,-0.0007823439886202035
batch2,9,698.0,791.0,1.0063959,1.0063959,1.0063959,1.0063959,-0.0007767992137096628,-0.000793072722617357
batch2,9,699.0,791.0,1.0059996,1.0059996,1.0059996,1.0059996,-0.0007812936895161359,-0.0008012458682788127
batch2,9,700.0,791.0,1.0049304,1.0049304,1.0049304,1.0052104,-0.000793273717741946,-0.0008082718270270267
batch2,9,701.0,791.0,1.0052104,1.0052104,1.0052104,1.0049304,-0.0008020881370967713,-0.0008144861490753932
batch2,9,702.0,791.0,1.0046134,1.0046134,1.0046134,1.0046134,-0.0008092951129032334,-0.0008220559433854868
batch2,9,703.0,791.0,1.0043077,1.0043077,1.0043077,1.0043077,-0.0008038407217741848,-0.0008345767092460898
batch2,9,704.0,791.0,1.0013641,1.0013641,1.0013641,1.003368,-0.0008229420443548407,-0.0008447579578947389
batch2,9,705.0,791.0,1.000922,1.000922,1.000922,1.0013641,-0.0008481052741935472,-0.0008547940395448072
batch2,9,706.0,791.0,1.003368,1.003368,1.003368,1.000922,-0.0008566331774193547,-0.0008665225795163577
batch2,9,707.0,791.0,0.99967676,0.99967676,0.99967676,0.99967676,-0.0008633648185483949,-0.0008773951783783826
batch2,9,708.0,791.0,0.99808586,0.99808586,0.99808586,0.99919164,-0.0008834267661290349,-0.0008877910927453734
batch2,9,709.0,791.0,0.99903411,0.99903411,0.99903411,0.99903411,-0.0008976232338709627,-0.0009008794475106642
batch2,9,710.0,791.0,0.99919164,0.99919164,0.99919164,0.99808586,-0.0009018669435483927,-0.0009139272000000008
batch2,9,711.0,791.0,0.99719548,0.99719548,0.99719548,0.99719548,-0.0009083624596774258,-0.0009287966918918923
batch2,9,712.0,791.0,0.99644977,0.99644977,0.99644977,0.99644977,-0.0009061170282257906,-0.0009423913379800867
batch2,9,713.0,791.0,0.99511838,0.99511838,0.99511838,0.99526262,-0.0009127879838709707,-0.0009527473120910367
batch2,9,714.0,791.0,0.99526262,0.99526262,0.99526262,0.99511838,-0.0009239867137096787,-0.0009665847459459449
batch2,9,715.0,791.0,0.99281019,0.99281019,0.99281019,0.99281019,-0.0009396526491935383,-0.0009807966125177769
batch2,9,716.0,791.0,0.99128389,0.99128389,0.99128389,0.99187976,-0.0009563251290322646,-0.000994044634708394
batch2,9,717.0,791.0,0.99187976,0.99187976,0.99187976,0.99155527,-0.0009756748387096803,-0.0010081961891891895
batch2,9,718.0,791.0,0.99155527,0.99155527,0.99155527,0.99128389,-0.000992883729838704,-0.0010211204819345586
batch2,9,719.0,791.0,0.98704863,0.98704863,0.98704863,0.98798949,-0.0010061674677419399,-0.0010353509496443857
batch2,9,720.0,791.0,0.98798949,0.98798949,0.98798949,0.98765677,-0.00103943608064515,-0.0010508942213371263
batch2,9,721.0,791.0,0.98765677,0.98765677,0.98765677,0.98704863,-0.0010575369233870894,-0.0010670761712659987
batch2,9,722.0,791.0,0.98698741,0.98698741,0.98698741,0.98698741,-0.0010507260161290303,-0.0010817233180654335
batch2,9,723.0,791.0,0.98362976,0.98362976,0.98362976,0.98405701,-0.001063789500000008,-0.0010962032631579002
batch2,9,724.0,791.0,0.98405701,0.98405701,0.98405701,0.98362976,-0.0010856227540322558,-0.001110994052062589
batch2,9,725.0,791.0,0.98251438,0.98251438,0.98251438,0.98251438,-0.0011024505040322739,-0.0011229759115220501
batch2,9,726.0,791.0,0.981547,0.981547,0.981547,0.981547,-0.0011112137782258022,-0.0011361335044096704
batch2,9,727.0,791.0,0.98148149,0.98148149,0.98148149,0.98148149,-0.0011251466169354804,-0.0011552527994310058
batch2,9,728.0,791.0,0.97990638,0.97990638,0.97990638,0.97990638,-0.0011419090483871085,-0.0011716494702702722
batch2,9,729.0,791.0,0.97982442,0.97982442,0.97982442,0.97982442,-0.001156226995967732,-0.0011860446608819354
batch2,9,730.0,791.0,0.97773713,0.97773713,0.97773713,0.97773713,-0.001163989403225812,-0.0012008861362731173
batch2,9,731.0,791.0,0.97682703,0.97682703,0.97682703,0.97682703,-0.0011860995362903183,-0.00121601874110953
batch2,9,732.0,791.0,0.97421217,0.97421217,0.97421217,0.97421217,-0.0012068243951612833,-0.0012295902944523432
batch2,9,733.0,791.0,0.97313637,0.97313637,0.97313637,0.97313637,-0.0012340607016128981,-0.0012437081712660043
batch2,9,734.0,791.0,0.97201294,0.97201294,0.97201294,0.97201294,-0.0012418738266128878,-0.0012568813001422457
batch2,9,735.0,791.0,0.96969563,0.96969563,0.96969563,0.97056371,-0.0012740899879032188,-0.0012727777780938891
batch2,9,736.0,791.0,0.97056371,0.97056371,0.97056371,0.9700495,-0.0012883492782258153,-0.0012890228238975864
batch2,9,737.0,791.0,0.9700495,0.9700495,0.9700495,0.96969563,-0.0013015236088709601,-0.0013038808688477913
batch2,9,738.0,791.0,0.96847969,0.96847969,0.96847969,0.96847969,-0.0013103839233870793,-0.001320655930298719
batch2,9,739.0,791.0,0.96664691,0.96664691,0.96664691,0.96664691,-0.0013391479596774475,-0.0013374101200569046
batch2,9,740.0,791.0,0.96436709,0.96436709,0.96436709,0.96436709,-0.001351821701612878,-0.0013525722901849239
batch2,9,741.0,791.0,0.96322125,0.96322125,0.96322125,0.96322125,-0.001362843604838698,-0.0013674728802275948
batch2,9,742.0,791.0,0.96209776,0.96209776,0.96209776,0.96209776,-0.0013916673548386956,-0.0013827470270270246
batch2,9,743.0,791.0,0.96008551,0.96008551,0.96008551,0.96008551,-0.0014172812258064517,-0.0013985443146514996
batch2,9,744.0,791.0,0.95948553,0.95948553,0.95948553,0.95948553,-0.0014374744758064437,-0.0014105989533428115
batch2,9,745.0,791.0,0.95804,0.95804,0.95804,0.95804,-0.001454967233870964,-0.0014272119513513409
batch2,9,746.0,791.0,0.95580226,0.95580226,0.95580226,0.95580226,-0.0014703581532258003,-0.0014446520423897567
batch2,9,747.0,791.0,0.95519215,0.95519215,0.95519215,0.95519215,-0.0014755143629032364,-0.0014581829985775255
batch2,9,748.0,791.0,0.95107388,0.95107388,0.95107388,0.95191091,-0.0014928347419354978,-0.0014716814560455174
batch2,9,749.0,791.0,0.95191091,0.95191091,0.95191091,0.95107388,-0.0015250066451613122,-0.0014849267396870587
batch2,9,750.0,791.0,0.9500404,0.9500404,0.9500404,0.9500404,-0.0015522935766128986,-0.0014987016731152277
batch2,9,751.0,791.0,0.94953847,0.94953847,0.94953847,0.94953847,-0.001573944955645163,-0.0015131959137980049
batch2,9,752.0,791.0,0.94750935,0.94750935,0.94750935,0.94750935,-0.001585451302419361,-0.0015243867806543376
batch2,9,753.0,791.0,0.94626009,0.94626009,0.94626009,0.94626009,-0.0015892016774193502,-0.0015375167143670016
batch2,9,754.0,791.0,0.94383568,0.94383568,0.94383568,0.94383568,-0.0015970970201612876,-0.0015512522719772477
batch2,9,755.0,791.0,0.94338727,0.94338727,0.94338727,0.94338727,-0.0016070312177419257,
batch2,9,756.0,791.0,0.94259453,0.94259453,0.94259453,0.94259453,-0.0016188972217742053,
batch2,9,757.0,791.0,0.93802184,0.93802184,0.93802184,0.93802184,-0.0016389435282257727,
batch2,9,758.0,791.0,0.93572074,0.93572074,0.93572074,0.93572074,-0.001648336096774178,
batch2,9,759.0,791.0,0.93524635,0.93524635,0.93524635,0.93524635,-0.0016554339153225792,
batch2,9,760.0,791.0,0.93280292,0.93280292,0.93280292,0.93280292,-0.0016664767661290364,
batch2,9,761.0,791.0,0.9322421,0.9322421,0.9322421,0.9322421,-0.0016834430241935343,
batch2,9,762.0,791.0,0.93187201,0.93187201,0.93187201,0.93187201,-0.0016969016249999995,
batch2,9,763.0,791.0,0.92965305,0.92965305,0.92965305,0.92965305,-0.0017064686532258348,
batch2,9,764.0,791.0,0.92537451,0.92537451,0.92537451,0.92537451,-0.0017217199516129144,
batch2,9,765.0,791.0,0.92419636,0.92419636,0.92419636,0.92441213,-0.0017282399032257881,
batch2,9,766.0,791.0,0.92441213,0.92441213,0.92441213,0.92419636,-0.0017358606935484017,
batch2,9,767.0,791.0,0.92214459,0.92214459,0.92214459,0.92214459,-0.001746070729838712,
batch2,9,768.0,791.0,0.92074746,0.92074746,0.92074746,0.92074746,-0.00175911289112905,
batch2,9,769.0,791.0,0.91844982,0.91844982,0.91844982,0.91844982,-0.0017585908991935482,
batch2,9,770.0,791.0,0.91673237,0.91673237,0.91673237,0.91673237,-0.00177007744354838,
batch2,9,771.0,791.0,0.91551715,0.91551715,0.91551715,0.91551715,-0.0017664549637096743,
batch2,9,772.0,791.0,0.91213024,0.91213024,0.91213024,0.91213024,-0.001761898967741928,
batch2,9,773.0,791.0,0.91168398,0.91168398,0.91168398,0.91168398,-0.0017778016532258,
batch2,9,774.0,791.0,0.91084886,0.91084886,0.91084886,0.91084886,-0.0017866305040322706,
batch2,9,775.0,791.0,0.90755415,0.90755415,0.90755415,0.90755415,-0.00179153549999998,
batch2,9,776.0,791.0,0.90465462,0.90465462,0.90465462,0.90465462,-0.0018025367459677457,
batch2,9,777.0,791.0,0.90406245,0.90406245,0.90406245,0.90406245,,
batch2,9,778.0,791.0,0.90190732,0.90190732,0.90190732,0.90190732,,
batch2,9,779.0,791.0,0.90180802,0.90180802,0.90180802,0.90180802,,
batch2,9,780.0,791.0,0.89907438,0.89907438,0.89907438,0.89907438,,
batch2,9,781.0,791.0,0.89736515,0.89736515,0.89736515,0.89736515,,
batch2,9,782.0,791.0,0.89396077,0.89396077,0.89396077,0.89396077,,
batch2,9,783.0,791.0,0.89195174,0.89195174,0.89195174,0.89195174,,
batch2,9,784.0,791.0,0.89182305,0.89182305,0.89182305,0.89182305,,
batch2,9,785.0,791.0,0.88879454,0.88879454,0.88879454,0.88879454,,
batch2,9,786.0,791.0,0.88810146,0.88810146,0.88810146,0.88810146,,
batch2,9,787.0,791.0,0.88541567,0.88541567,0.88541567,,,
batch2,9,788.0,791.0,0.88309878,0.88309878,0.88309878,,,
batch2,9,789.0,791.0,0.88306129,0.88306129,0.88306129,,,
batch2,9,790.0,791.0,0.88070542,0.88070542,0.88070542,,,
batch2,9,791.0,791.0,0.87866777,0.87866777,0.87866777,,,
batch2,33,10.0,1140.0,1.0744437,1.0744437,1.0744437,,,
batch2,33,11.0,1140.0,1.074591,1.074591,1.074591,,,
batch2,33,12.0,1140.0,1.0743859,1.0743859,1.0743859,,,
batch2,33,13.0,1140.0,1.0746447,1.0746447,1.0746447,,,
batch2,33,14.0,1140.0,1.0744615,1.0744615,1.0744615,,,
batch2,33,15.0,1140.0,1.0745113,1.0745113,1.0745113,1.0745113,,
batch2,33,16.0,1140.0,1.0744476,1.0744476,1.0744476,1.0745113,,
batch2,33,17.0,1140.0,1.0745695,1.0745695,1.0745695,1.0745046,,
batch2,33,18.0,1140.0,1.0745202,1.0745202,1.0745202,1.0745046,,
batch2,33,19.0,1140.0,1.0745825,1.0745825,1.0745825,1.0744982,,
batch2,33,20.0,1140.0,1.0744982,1.0744982,1.0744982,1.0744982,,
batch2,33,21.0,1140.0,1.0745046,1.0745046,1.0745046,1.0744619,,
batch2,33,22.0,1140.0,1.0740737,1.0740737,1.0740737,1.0744619,,
batch2,33,23.0,1140.0,1.0741526,1.0741526,1.0741526,1.0742561,,
batch2,33,24.0,1140.0,1.0744619,1.0744619,1.0744619,1.0741526,,
batch2,33,25.0,1140.0,1.0742561,1.0742561,1.0742561,1.0741282,-2.9312419354852208e-05,
batch2,33,26.0,1140.0,1.0741282,1.0741282,1.0741282,1.0741211,-2.9947177419356987e-05,
batch2,33,27.0,1140.0,1.0741211,1.0741211,1.0741211,1.0740737,-2.9854758064522995e-05,
batch2,33,28.0,1140.0,1.074046,1.074046,1.074046,1.0740592,-3.000725806452405e-05,
batch2,33,29.0,1140.0,1.0740185,1.0740185,1.0740185,1.074046,-2.94831451613065e-05,
batch2,33,30.0,1140.0,1.0738872,1.0738872,1.0738872,1.0740185,-3.0190887096761273e-05,
batch2,33,31.0,1140.0,1.0740592,1.0740592,1.0740592,1.0739752,-2.8402661290336906e-05,
batch2,33,32.0,1140.0,1.073928,1.073928,1.073928,1.0739591,-2.811008064516447e-05,
batch2,33,33.0,1140.0,1.0739752,1.0739752,1.0739752,1.0739517,-2.679927419356558e-05,
batch2,33,34.0,1140.0,1.0739591,1.0739591,1.0739591,1.073928,-2.534729838708706e-05,
batch2,33,35.0,1140.0,1.0739517,1.0739517,1.0739517,1.0738872,-2.4082459677416134e-05,
batch2,33,36.0,1140.0,1.0738547,1.0738547,1.0738547,1.0738547,-2.347346774192619e-05,
batch2,33,37.0,1140.0,1.0738231,1.0738231,1.0738231,1.0738376,-2.3233951612896335e-05,
batch2,33,38.0,1140.0,1.0738119,1.0738119,1.0738119,1.0738376,-2.465403225805091e-05,
batch2,33,39.0,1140.0,1.0737855,1.0737855,1.0737855,1.0738231,-2.5005604838706418e-05,
batch2,33,40.0,1140.0,1.073783,1.073783,1.073783,1.0738119,-2.4304395161287992e-05,
batch2,33,41.0,1140.0,1.0738376,1.0738376,1.0738376,1.0738119,-2.3986008064517916e-05,
batch2,33,42.0,1140.0,1.0737603,1.0737603,1.0737603,1.0737855,-2.455064516130209e-05,
batch2,33,43.0,1140.0,1.0738832,1.0738832,1.0738832,1.073783,-2.3841774193541934e-05,
batch2,33,44.0,1140.0,1.0736855,1.0736855,1.0736855,1.0737603,-2.5114798387094887e-05,
batch2,33,45.0,1140.0,1.0736133,1.0736133,1.0736133,1.0737026,-2.6668064516123668e-05,
batch2,33,46.0,1140.0,1.0739163,1.0739163,1.0739163,1.0736973,-2.8000080645166356e-05,
batch2,33,47.0,1140.0,1.0736973,1.0736973,1.0736973,1.0736856,-2.8231169354837257e-05,-0.000208579263157888
batch2,33,48.0,1140.0,1.0736856,1.0736856,1.0736856,1.0736855,-2.921451612903088e-05,-0.00020772972688477747
batch2,33,49.0,1140.0,1.0737026,1.0737026,1.0737026,1.0736133,-3.075330645162269e-05,-0.00020614584068278462
batch2,33,50.0,1140.0,1.0735507,1.0735507,1.0735507,1.0735507,-3.1797822580639055e-05,-0.00020443662588904223
batch2,33,51.0,1140.0,1.0734634,1.0734634,1.0734634,1.073483,-3.293387096774735e-05,-0.00020236001422474848
batch2,33,52.0,1140.0,1.0733265,1.0733265,1.0733265,1.0734634,-3.3129879032257514e-05,-0.00020017661735419228
batch2,33,53.0,1140.0,1.0734332,1.0734332,1.0734332,1.0734531,-3.503278225806396e-05,-0.00019771381507824003
batch2,33,54.0,1140.0,1.073483,1.073483,1.073483,1.0734332,-3.515387096774035e-05,-0.00019518430156473113
batch2,33,55.0,1140.0,1.0732825,1.0732825,1.0732825,1.0733601,-3.636802419355172e-05,-0.0001921620028449441
batch2,33,56.0,1140.0,1.0733601,1.0733601,1.0733601,1.0733265,-3.800270161289058e-05,-0.0001888994054054087
batch2,33,57.0,1140.0,1.0732908,1.0732908,1.0732908,1.0732908,-3.7945846774203216e-05,-0.00018516203982931115
batch2,33,58.0,1140.0,1.0734531,1.0734531,1.0734531,1.0732825,-3.898959677419337e-05,-0.0001817135448079721
batch2,33,59.0,1140.0,1.073161,1.073161,1.073161,1.0731994,-3.882645161289955e-05,-0.00017794253769558746
batch2,33,60.0,1140.0,1.073085,1.073085,1.073085,1.073161,-0.0009276571370967824,-0.00017571448648648162
batch2,33,61.0,1140.0,1.0731994,1.0731994,1.0731994,1.0731521,-0.0009442906048387197,-0.0001717461820768221
batch2,33,62.0,1140.0,1.0731521,1.0731521,1.0731521,1.0731072,-0.000939131330645161,-0.00016743438406827837
batch2,33,63.0,1140.0,1.0731072,1.0731072,1.0731072,1.073085,-0.0009212302016129025,-0.00016310061166429247
batch2,33,64.0,1140.0,1.0729103,1.0729103,1.0729103,1.0730492,-0.000892727741935487,-0.00015870744807965157
batch2,33,65.0,1140.0,1.0729382,1.0729382,1.0729382,1.0729818,-0.0008559414516129047,-0.00015425467425319962
batch2,33,66.0,1140.0,1.0728629,1.0728629,1.0728629,1.0729382,-0.0008144677016128996,-0.00014968566145093421
batch2,33,67.0,1140.0,1.0730492,1.0730492,1.0730492,1.0729103,-0.0007677820967741987,-0.0001449070440967305
batch2,33,68.0,1140.0,1.072747,1.072747,1.072747,1.0728629,-0.0007181235483870931,-0.00014012236699858092
batch2,33,69.0,1140.0,1.0729818,1.0729818,1.0729818,1.0727848,-0.0006639201612903243,-0.00013499437268847707
batch2,33,70.0,1140.0,1.0727739,1.0727739,1.0727739,1.0727739,-0.0006052428629032254,-0.0001298595192034212
batch2,33,71.0,1140.0,1.0726396,1.0726396,1.0726396,1.072747,-0.0005433207661290319,-0.00012481177809388566
batch2,33,72.0,1140.0,1.0727848,1.0727848,1.0727848,1.0726396,-0.0004778621370967641,-0.00011940800568990556
batch2,33,73.0,1140.0,1.0726151,1.0726151,1.0726151,1.0726151,-0.0004112772983870874,-0.00011389218207681727
batch2,33,74.0,1140.0,1.0726072,1.0726072,1.0726072,1.0726072,-0.00034087399193548866,-0.00010819500142247918
batch2,33,75.0,1140.0,0.9257527,0.9257527,0.9257527,1.0660553,-0.0002699710483870982,-0.00010245493029872406
batch2,33,76.0,1140.0,1.0601708,1.0601708,1.0601708,1.0660553,-0.00019782826612902468,-9.656795448079823e-05
batch2,33,77.0,1140.0,1.0625545,1.0625545,1.0625545,1.0660553,-0.00012193266129031974,-9.055784068278723e-05
batch2,33,78.0,1140.0,1.0641373,1.0641373,1.0641373,1.0660553,-4.373052419354972e-05,-8.458612802275736e-05
batch2,33,79.0,1140.0,1.0652652,1.0652652,1.0652652,1.0660553,3.7409677419343514e-05,-7.811432432432368e-05
batch2,33,80.0,1140.0,1.0660553,1.0660553,1.0660553,1.0660553,0.00011694790322580061,-7.179465718350114e-05
batch2,33,81.0,1140.0,1.0664825,1.0664825,1.0664825,1.0664825,0.00019930129032258098,-6.529784637269419e-05
batch2,33,82.0,1140.0,1.0669661,1.0669661,1.0669661,1.0669661,0.0002757793951612879,-5.8709846372688036e-05
batch2,33,83.0,1140.0,1.0671705,1.0671705,1.0671705,1.0671705,0.00036409245967742465,-5.213518065433678e-05
batch2,33,84.0,1140.0,1.0673977,1.0673977,1.0673977,1.0673977,0.00045136076612903656,-4.508126031293905e-05
batch2,33,85.0,1140.0,1.0676819,1.0676819,1.0676819,1.0676819,0.0005422616935483942,-3.82528022759607e-05
batch2,33,86.0,1140.0,1.0680455,1.0680455,1.0680455,1.0680455,0.000633780806451614,-3.1187132290182015e-05
batch2,33,87.0,1140.0,1.0681983,1.0681983,1.0681983,1.0681143,0.0007255720161290258,-2.3777064011379577e-05
batch2,33,88.0,1140.0,1.0681143,1.0681143,1.0681143,1.0681983,0.0008201531048387062,-1.6718358463721893e-05
batch2,33,89.0,1140.0,1.0682274,1.0682274,1.0682274,1.0682274,0.0009157946774193511,-9.512873399715911e-06
batch2,33,90.0,1140.0,1.0682732,1.0682732,1.0682732,1.0682334,0.0010129322177419313,-2.5017524893285508e-06
batch2,33,91.0,1140.0,1.0682334,1.0682334,1.0682334,1.0682732,0.00016424080645160923,4.664318634429389e-06
batch2,33,92.0,1140.0,1.0684084,1.0684084,1.0684084,1.0682732,0.0001250863306451579,1.2075584637272364e-05
batch2,33,93.0,1140.0,1.0685208,1.0685208,1.0685208,1.0684001,9.620854838710085e-05,1.9389749644382773e-05
batch2,33,94.0,1140.0,1.0687457,1.0687457,1.0687457,1.0684084,7.639826612903348e-05,2.7076688477949123e-05
batch2,33,95.0,1140.0,1.0684001,1.0684001,1.0684001,1.0685208,6.185604838710187e-05,3.4711809388337894e-05
batch2,33,96.0,1140.0,1.0685351,1.0685351,1.0685351,1.0685351,5.182012096774615e-05,4.2536139402562695e-05
batch2,33,97.0,1140.0,1.0673505,1.0673505,1.0673505,1.0686034,4.305080645162494e-05,5.006700995732018e-05
batch2,33,98.0,1140.0,1.068741,1.068741,1.068741,1.0686319,3.657556451613069e-05,5.780072830725104e-05
batch2,33,99.0,1140.0,1.0686034,1.0686034,1.0686034,1.0686711,3.074455645161095e-05,6.578926031294406e-05
batch2,33,100.0,1140.0,1.0686773,1.0686773,1.0686773,1.0686711,2.4713225806454934e-05,7.38372318634387e-05
batch2,33,101.0,1140.0,1.0687143,1.0687143,1.0687143,1.0686773,2.172153225806915e-05,8.180061735419967e-05
batch2,33,102.0,1140.0,1.0686319,1.0686319,1.0686319,1.0687143,1.939229838709749e-05,8.954269985775118e-05
batch2,33,103.0,1140.0,1.0686711,1.0686711,1.0686711,1.0687143,1.7221048387097866e-05,9.752482219061214e-05
batch2,33,104.0,1140.0,1.0687532,1.0687532,1.0687532,1.0686959,1.5242137096776061e-05,0.00010563639829303403
batch2,33,105.0,1140.0,1.0687515,1.0687515,1.0687515,1.0686959,1.331044354839311e-05,0.00011390507254622958
batch2,33,106.0,1140.0,1.0687622,1.0687622,1.0687622,1.0687143,1.1566370967741655e-05,0.00012199516927453971
batch2,33,107.0,1140.0,1.0687603,1.0687603,1.0687603,1.0687333,8.617580645162806e-06,0.0001305196813655797
batch2,33,108.0,1140.0,1.0684894,1.0684894,1.0684894,1.0687468,7.2719758064466715e-06,0.00013900063442390086
batch2,33,109.0,1140.0,1.0686959,1.0686959,1.0686959,1.0687515,7.612419354833139e-06,0.000146321755334282
batch2,33,110.0,1140.0,1.0686677,1.0686677,1.0686677,1.0687468,7.4172177419355265e-06,0.00015508433001422428
batch2,33,111.0,1140.0,1.0687968,1.0687968,1.0687968,1.0687468,5.656733870963833e-06,0.0001636531806543412
batch2,33,112.0,1140.0,1.0687333,1.0687333,1.0687333,1.0687333,3.6323790322645097e-06,0.00017245612517780958
batch2,33,113.0,1140.0,1.0687468,1.0687468,1.0687468,1.0686959,-6.556370967738923e-06,2.2525359886201564e-05
batch2,33,114.0,1140.0,1.068754,1.068754,1.068754,1.0687133,-7.896129032257303e-06,1.3908025604550968e-05
batch2,33,115.0,1140.0,1.0685841,1.0685841,1.0685841,1.0687133,-1.0115362903218698e-05,7.538540540542065e-06
batch2,33,116.0,1140.0,1.0688626,1.0688626,1.0688626,1.0687133,-1.0893830645169391e-05,2.6949815078300063e-06
batch2,33,117.0,1140.0,1.068663,1.068663,1.068663,1.068663,-1.201326612903829e-05,-1.0229644381245096e-06
batch2,33,118.0,1140.0,1.0685673,1.0685673,1.0685673,1.0686501,-1.4244959677422434e-05,-3.926867709822171e-06
batch2,33,119.0,1140.0,1.0687133,1.0687133,1.0687133,1.0686501,-1.678596774193774e-05,-6.448998577521315e-06
batch2,33,120.0,1140.0,1.0686404,1.0686404,1.0686404,1.0686404,-1.775778225806605e-05,-8.510145092459287e-06
batch2,33,121.0,1140.0,1.0686501,1.0686501,1.0686501,1.0686404,-1.8571814516129954e-05,-1.036349359886238e-05
batch2,33,122.0,1140.0,1.0685185,1.0685185,1.0685185,1.0686159,-1.9284072580642445e-05,-1.2177556187770736e-05
batch2,33,123.0,1140.0,1.0686159,1.0686159,1.0686159,1.06857,-2.0799274193544892e-05,-1.3625533428162756e-05
batch2,33,124.0,1140.0,1.0687886,1.0687886,1.0687886,1.06857,-2.4647419354838645e-05,-1.4728270270267999e-05
batch2,33,125.0,1140.0,1.068478,1.068478,1.068478,1.0685185,-2.6536330645166365e-05,-1.5599866287342246e-05
batch2,33,126.0,1140.0,1.06857,1.06857,1.06857,1.068478,-2.7911129032258654e-05,-1.65626514935998e-05
batch2,33,127.0,1140.0,1.0683937,1.0683937,1.0683937,1.0684559,-2.9237943548390097e-05,-1.7492315789475296e-05
batch2,33,128.0,1140.0,1.068298,1.068298,1.068298,1.0683937,-3.05905645161301e-05,-1.8349692745375763e-05
batch2,33,129.0,1140.0,1.068341,1.068341,1.068341,1.0683453,-3.126197580645552e-05,-1.9160068278809174e-05
batch2,33,130.0,1140.0,1.0683157,1.0683157,1.0683157,1.068341,-3.133157258064781e-05,-1.9727345661455672e-05
batch2,33,131.0,1140.0,1.0684559,1.0684559,1.0684559,1.0683157,-3.8784556451603965e-05,-2.038809957326469e-05
batch2,33,132.0,1140.0,1.0683453,1.0683453,1.0683453,1.068298,-3.730133064516582e-05,-2.051537695590358e-05
batch2,33,133.0,1140.0,1.0682247,1.0682247,1.0682247,1.0682387,-3.757229838710125e-05,-2.131058605974107e-05
batch2,33,134.0,1140.0,1.0681046,1.0681046,1.0681046,1.0682323,-3.7492661290323214e-05,-2.20873570412528e-05
batch2,33,135.0,1140.0,1.0682387,1.0682387,1.0682387,1.0682247,-3.6797862903221194e-05,-2.4010341394022002e-05
batch2,33,136.0,1140.0,1.0682323,1.0682323,1.0682323,1.0682031,-3.597447580645328e-05,-2.4460628733997147e-05
batch2,33,137.0,1140.0,1.0682031,1.0682031,1.0682031,1.0681046,-3.538806451613063e-05,-2.494014224750825e-05
batch2,33,138.0,1140.0,1.0680351,1.0680351,1.0680351,1.0680351,-3.5483387096775274e-05,-2.5276167852061755e-05
batch2,33,139.0,1140.0,1.06789,1.06789,1.06789,1.0680193,-3.456020161290788e-05,-2.553221337126567e-05
batch2,33,140.0,1140.0,1.0679537,1.0679537,1.0679537,1.0679537,-3.1971008064515624e-05,-2.5853977240397634e-05
batch2,33,141.0,1140.0,1.0680193,1.0680193,1.0680193,1.0679199,-3.112915322580687e-05,-2.6166270270275096e-05
batch2,33,142.0,1140.0,1.0678463,1.0678463,1.0678463,1.06789,-2.9519677419349825e-05,-2.624994594594598e-05
batch2,33,143.0,1140.0,1.0678464,1.0678464,1.0678464,1.0678879,-2.8629314516127297e-05,-2.6579561877663138e-05
batch2,33,144.0,1140.0,1.0678855,1.0678855,1.0678855,1.0678855,-2.915358870968602e-05,-2.675884495021249e-05
batch2,33,145.0,1140.0,1.0679199,1.0679199,1.0679199,1.0678464,-2.870552419354138e-05,-2.688117496443596e-05
batch2,33,146.0,1140.0,1.0668248,1.0668248,1.0668248,1.0678463,-2.838145161290386e-05,-2.722495590326981e-05
batch2,33,147.0,1140.0,1.0678879,1.0678879,1.0678879,1.0678447,-2.6517217741938653e-05,-2.742335135135291e-05
batch2,33,148.0,1140.0,1.0677458,1.0677458,1.0677458,1.0677768,-2.5091491935487575e-05,-2.756470554765407e-05
batch2,33,149.0,1140.0,1.0678447,1.0678447,1.0678447,1.0677458,-2.4704959677418356e-05,-2.7633530583214145e-05
batch2,33,150.0,1140.0,1.0677425,1.0677425,1.0677425,1.0677425,-2.4753830645160925e-05,-2.77844238975822e-05
batch2,33,151.0,1140.0,1.0677768,1.0677768,1.0677768,1.0676697,-2.3267096774195048e-05,-2.7818423897581408e-05
batch2,33,152.0,1140.0,1.0676697,1.0676697,1.0676697,1.0676697,-2.13127016129041e-05,-2.8054714082502004e-05
batch2,33,153.0,1140.0,1.067632,1.067632,1.067632,1.0676634,-2.062096774193636e-05,-2.8058253200567197e-05
batch2,33,154.0,1140.0,1.0676374,1.0676374,1.0676374,1.0676374,-1.915866935483182e-05,-2.8003763869132714e-05
batch2,33,155.0,1140.0,1.0676634,1.0676634,1.0676634,1.067632,-2.0299596774192034e-05,-2.8128449502127505e-05
batch2,33,156.0,1140.0,1.0676308,1.0676308,1.0676308,1.0676308,-2.1664798387099557e-05,-2.828884495021029e-05
batch2,33,157.0,1140.0,1.0676031,1.0676031,1.0676031,1.0676078,-2.1696048387084372e-05,-2.8132634423896383e-05
batch2,33,158.0,1140.0,1.0676078,1.0676078,1.0676078,1.0676031,-2.2681129032257168e-05,-2.8042056899003335e-05
batch2,33,159.0,1140.0,1.0674236,1.0674236,1.0674236,1.0674802,-2.2929193548386608e-05,-2.7853553342815547e-05
batch2,33,160.0,1140.0,1.0674802,1.0674802,1.0674802,1.0674753,-2.2503629032262826e-05,-2.7994981507823127e-05
batch2,33,161.0,1140.0,1.0674293,1.0674293,1.0674293,1.0674554,-2.1571491935487985e-05,-2.790573541963208e-05
batch2,33,162.0,1140.0,1.0674753,1.0674753,1.0674753,1.0674405,-2.750653225806487e-05,-2.7589448079657352e-05
batch2,33,163.0,1140.0,1.0674554,1.0674554,1.0674554,1.0674293,-2.7131249999995255e-05,-2.768012233285855e-05
batch2,33,164.0,1140.0,1.0673529,1.0673529,1.0673529,1.0674293,-2.6788669354836865e-05,-2.7538933143667523e-05
batch2,33,165.0,1140.0,1.0673509,1.0673509,1.0673509,1.0674293,-2.7222056451605625e-05,-2.7721485064010884e-05
batch2,33,166.0,1140.0,1.0674115,1.0674115,1.0674115,1.0674115,-2.742245967741419e-05,-2.795957610241636e-05
batch2,33,167.0,1140.0,1.0674405,1.0674405,1.0674405,1.0673529,-2.7029637096784127e-05,-2.7973522048366966e-05
batch2,33,168.0,1140.0,1.0672101,1.0672101,1.0672101,1.0673509,-2.6871854838712387e-05,-2.8085254623046663e-05
batch2,33,169.0,1140.0,1.0674505,1.0674505,1.0674505,1.0672101,-2.7362298387089397e-05,-2.8003132290186864e-05
batch2,33,170.0,1140.0,1.0671359,1.0671359,1.0671359,1.0671359,-2.7293750000000192e-05,-2.8062460881930933e-05
batch2,33,171.0,1140.0,1.0669806,1.0669806,1.0669806,1.0671166,-2.742241935484164e-05,-2.8229499288762505e-05
batch2,33,172.0,1140.0,1.0670663,1.0670663,1.0670663,1.0671124,-2.780185483870713e-05,-2.8483715504978293e-05
batch2,33,173.0,1140.0,1.0670296,1.0670296,1.0670296,1.0670969,-2.7721895161281937e-05,-2.8487419630158014e-05
batch2,33,174.0,1140.0,1.0670969,1.0670969,1.0670969,1.0670969,-2.8791693548385456e-05,-2.841374679942937e-05
batch2,33,175.0,1140.0,1.0671166,1.0671166,1.0671166,1.0670913,-2.856834677419544e-05,-2.845878236130608e-05
batch2,33,176.0,1140.0,1.0671124,1.0671124,1.0671124,1.0670663,-2.941411290322955e-05,-2.8647314366998272e-05
batch2,33,177.0,1140.0,1.0670913,1.0670913,1.0670913,1.0670663,-3.0371330645164156e-05,-2.8900145092458167e-05
batch2,33,178.0,1140.0,1.0670184,1.0670184,1.0670184,1.0670296,-3.0616895161292876e-05,-2.9030347083930175e-05
batch2,33,179.0,1140.0,1.0671066,1.0671066,1.0671066,1.0670184,-3.002008064515988e-05,-2.9113496443815456e-05
batch2,33,180.0,1140.0,1.0668302,1.0668302,1.0668302,1.0669341,-3.000491935484074e-05,-2.923212233285863e-05
batch2,33,181.0,1140.0,1.0669101,1.0669101,1.0669101,1.0669161,-2.951491935483816e-05,-2.9560879089616417e-05
batch2,33,182.0,1140.0,1.0669161,1.0669161,1.0669161,1.0669101,-2.9735604838702976e-05,-2.9830150782361715e-05
batch2,33,183.0,1140.0,1.0669341,1.0669341,1.0669341,1.0668505,-2.8969919354836563e-05,-2.995335419629931e-05
batch2,33,184.0,1140.0,1.0668181,1.0668181,1.0668181,1.0668302,-2.939862903226565e-05,-3.1206347083927414e-05
batch2,33,185.0,1140.0,1.0668505,1.0668505,1.0668505,1.0668181,-2.8740967741938664e-05,-3.132326884779345e-05
batch2,33,186.0,1140.0,1.0667377,1.0667377,1.0667377,1.0667896,-2.9228185483870598e-05,-3.1472295874820995e-05
batch2,33,187.0,1140.0,1.0666693,1.0666693,1.0666693,1.0667377,-3.151588709677609e-05,-3.161869416785476e-05
batch2,33,188.0,1140.0,1.0667107,1.0667107,1.0667107,1.0667107,-3.299758064516615e-05,-3.189897012802552e-05
batch2,33,189.0,1140.0,1.0664561,1.0664561,1.0664561,1.0666693,-3.366338709677702e-05,-3.1879735419629475e-05
batch2,33,190.0,1140.0,1.0667896,1.0667896,1.0667896,1.0665814,-3.431588709677372e-05,-3.194051778093847e-05
batch2,33,191.0,1140.0,1.0665102,1.0665102,1.0665102,1.0665625,-3.4553306451611536e-05,-3.214043812232945e-05
batch2,33,192.0,1140.0,1.0664814,1.0664814,1.0664814,1.0665363,-3.490866935484625e-05,-3.220319487908833e-05
batch2,33,193.0,1140.0,1.0664868,1.0664868,1.0664868,1.0665102,-3.51981048387132e-05,-3.245044096728498e-05
batch2,33,194.0,1140.0,1.0665814,1.0665814,1.0665814,1.0664868,-3.561951612903181e-05,-3.2450139402555176e-05
batch2,33,195.0,1140.0,1.0665363,1.0665363,1.0665363,1.0664868,-3.477685483871022e-05,-3.272401706970356e-05
batch2,33,196.0,1140.0,1.0665625,1.0665625,1.0665625,1.0664814,-3.5140604838706144e-05,-3.275028733997136e-05
batch2,33,197.0,1140.0,1.0663278,1.0663278,1.0663278,1.0663877,-3.5511895161283856e-05,-3.295327738265105e-05
batch2,33,198.0,1140.0,1.0663877,1.0663877,1.0663877,1.0663658,-3.557620967741993e-05,-3.307473968705602e-05
batch2,33,199.0,1140.0,1.0663658,1.0663658,1.0663658,1.0663278,-3.4906693548385105e-05,-3.3220799431010055e-05
batch2,33,200.0,1140.0,1.0662327,1.0662327,1.0662327,1.0662978,-3.456641129032904e-05,-3.3315968705549195e-05
batch2,33,201.0,1140.0,1.0662978,1.0662978,1.0662978,1.0662327,-3.4100040322584216e-05,-3.332522332859097e-05
batch2,33,202.0,1140.0,1.0661099,1.0661099,1.0661099,1.0662029,-3.3414798387095106e-05,-3.351962446657524e-05
batch2,33,203.0,1140.0,1.0660937,1.0660937,1.0660937,1.0661099,-3.434000000000638e-05,-3.3606398293030376e-05
batch2,33,204.0,1140.0,1.0662029,1.0662029,1.0662029,1.0660937,-3.482689516129036e-05,-3.3618782361311284e-05
batch2,33,205.0,1140.0,1.0660782,1.0660782,1.0660782,1.0660782,-3.623729838710082e-05,-3.362884779516485e-05
batch2,33,206.0,1140.0,1.0660579,1.0660579,1.0660579,1.0660579,-3.5209516129032973e-05,-3.391577240398396e-05
batch2,33,207.0,1140.0,1.0659723,1.0659723,1.0659723,1.0659723,-3.576814516129703e-05,-3.382675106685094e-05
batch2,33,208.0,1140.0,1.0659297,1.0659297,1.0659297,1.0659673,-3.579733870967916e-05,-3.4134546230444064e-05
batch2,33,209.0,1140.0,1.0659082,1.0659082,1.0659082,1.0659491,-3.637451612902726e-05,-3.450077667141192e-05
batch2,33,210.0,1140.0,1.0659491,1.0659491,1.0659491,1.0659297,-3.6435362903229534e-05,-3.4798839260312953e-05
batch2,33,211.0,1140.0,1.0659673,1.0659673,1.0659673,1.0659082,-3.51627822580558e-05,-3.504340256045902e-05
batch2,33,212.0,1140.0,1.0658233,1.0658233,1.0658233,1.0658233,-3.34669354838734e-05,-3.4909328591750334e-05
batch2,33,213.0,1140.0,1.0657952,1.0657952,1.0657952,1.0658226,-3.3767096774195025e-05,-3.502904694167919e-05
batch2,33,214.0,1140.0,1.0658226,1.0658226,1.0658226,1.0658197,-3.289447580645908e-05,-3.509019061166619e-05
batch2,33,215.0,1140.0,1.0658178,1.0658178,1.0658178,1.0658178,-3.334455645161268e-05,-3.520848648648697e-05
batch2,33,216.0,1140.0,1.0657374,1.0657374,1.0657374,1.0657952,-3.293822580645258e-05,-3.544186344239031e-05
batch2,33,217.0,1140.0,1.0658197,1.0658197,1.0658197,1.0657374,-3.3521209677419666e-05,-3.54291294452359e-05
batch2,33,218.0,1140.0,1.0655652,1.0655652,1.0655652,1.0655652,-3.3827379032262736e-05,-3.574312375533478e-05
batch2,33,219.0,1140.0,1.0655199,1.0655199,1.0655199,1.0655594,-3.412870967741472e-05,-3.598559886202278e-05
batch2,33,220.0,1140.0,1.0655594,1.0655594,1.0655594,1.0655508,-3.3593830645154305e-05,-3.6119317211947835e-05
batch2,33,221.0,1140.0,1.065547,1.065547,1.065547,1.065547,-3.362875000000664e-05,-3.6079422475105157e-05
batch2,33,222.0,1140.0,1.0654999,1.0654999,1.0654999,1.0655199,-3.376145161290626e-05,-3.6155337126604216e-05
batch2,33,223.0,1140.0,1.0655508,1.0655508,1.0655508,1.0654999,-3.38031451612909e-05,-3.607239544807866e-05
batch2,33,224.0,1140.0,1.0653924,1.0653924,1.0653924,1.0654873,-3.456040322579487e-05,-3.62250839260312e-05
batch2,33,225.0,1140.0,1.0653039,1.0653039,1.0653039,1.0654594,-3.4806814516123153e-05,-3.625147937411228e-05
batch2,33,226.0,1140.0,1.0654873,1.0654873,1.0654873,1.0653924,-3.4736975806451634e-05,-3.627991465149523e-05
batch2,33,227.0,1140.0,1.0654594,1.0654594,1.0654594,1.0653681,-3.4694838709690474e-05,-3.6644819345661085e-05
batch2,33,228.0,1140.0,1.0653062,1.0653062,1.0653062,1.0653062,-3.569391129032582e-05,-3.658738264580697e-05
batch2,33,229.0,1140.0,1.0653681,1.0653681,1.0653681,1.0653043,-3.615673387096618e-05,-3.667554480796435e-05
batch2,33,230.0,1140.0,1.0651048,1.0651048,1.0651048,1.0653039,-3.677850806452875e-05,-3.6998093883356385e-05
batch2,33,231.0,1140.0,1.0653043,1.0653043,1.0653043,1.0651697,-3.671903225806317e-05,-3.7189706970129397e-05
batch2,33,232.0,1140.0,1.0650094,1.0650094,1.0650094,1.0651251,-3.7220564516118414e-05,-3.732237553342768e-05
batch2,33,233.0,1140.0,1.0651697,1.0651697,1.0651697,1.0651048,-3.658290322580227e-05,-3.723206827880428e-05
batch2,33,234.0,1140.0,1.0651251,1.0651251,1.0651251,1.0650823,-3.572233870967661e-05,-3.7226972972973266e-05
batch2,33,235.0,1140.0,1.0650823,1.0650823,1.0650823,1.0650464,-3.679463709677131e-05,-3.763435277382739e-05
batch2,33,236.0,1140.0,1.0650464,1.0650464,1.0650464,1.0650178,-3.725314516128174e-05,-3.762107539118324e-05
batch2,33,237.0,1140.0,1.0649831,1.0649831,1.0649831,1.0650094,-3.797314516129018e-05,-3.763014224750544e-05
batch2,33,238.0,1140.0,1.0650178,1.0650178,1.0650178,1.0649831,-3.916596774193473e-05,-3.783755049786635e-05
batch2,33,239.0,1140.0,1.0648813,1.0648813,1.0648813,1.0649188,-3.910560483870295e-05,-3.807495305831693e-05
batch2,33,240.0,1140.0,1.0649188,1.0649188,1.0649188,1.0648813,-4.0179153225808814e-05,-3.814491038406721e-05
batch2,33,241.0,1140.0,1.0648615,1.0648615,1.0648615,1.0648615,-4.185467741935509e-05,-3.829132859174881e-05
batch2,33,242.0,1140.0,1.064765,1.064765,1.064765,1.064765,-4.1733185483874227e-05,-3.835139402560379e-05
batch2,33,243.0,1140.0,1.0646663,1.0646663,1.0646663,1.0647078,-4.081189516129461e-05,-3.854001991465048e-05
batch2,33,244.0,1140.0,1.0647078,1.0647078,1.0647078,1.0647078,-4.076100806451274e-05,-3.855959032716894e-05
batch2,33,245.0,1140.0,1.0645798,1.0645798,1.0645798,1.0646663,-3.956362903225984e-05,-3.8871274537695035e-05
batch2,33,246.0,1140.0,1.0646147,1.0646147,1.0646147,1.0646147,-4.067366935483807e-05,-3.909539971550439e-05
batch2,33,247.0,1140.0,1.0645275,1.0645275,1.0645275,1.0645798,-3.934600806452017e-05,-3.9395507823609e-05
batch2,33,248.0,1140.0,1.0645474,1.0645474,1.0645474,1.0645474,-4.012596774193036e-05,-3.966660881934694e-05
batch2,33,249.0,1140.0,1.0647709,1.0647709,1.0647709,1.0645275,-4.025810483870923e-05,-3.9858975817922204e-05
batch2,33,250.0,1140.0,1.0644467,1.0644467,1.0644467,1.0644467,-4.021963709677448e-05,-3.991150497866474e-05
batch2,33,251.0,1140.0,1.0644345,1.0644345,1.0644345,1.0644345,-3.952483870967738e-05,-4.0035098150783256e-05
batch2,33,252.0,1140.0,1.0643295,1.0643295,1.0643295,1.0643295,-4.018423387096653e-05,-3.9972990042672555e-05
batch2,33,253.0,1140.0,1.0642204,1.0642204,1.0642204,1.064288,-4.043459677418682e-05,-4.0123741109533465e-05
batch2,33,254.0,1140.0,1.064288,1.064288,1.064288,1.0642204,-4.064802419355018e-05,-4.021510668563014e-05
batch2,33,255.0,1140.0,1.0641853,1.0641853,1.0641853,1.0641918,-4.009225806451513e-05,-4.0299889046940574e-05
batch2,33,256.0,1140.0,1.0640997,1.0640997,1.0640997,1.0641853,-3.99485887096824e-05,-4.0485763869131166e-05
batch2,33,257.0,1140.0,1.0641209,1.0641209,1.0641209,1.0641717,-4.1033709677424586e-05,-4.0644990042674855e-05
batch2,33,258.0,1140.0,1.0641918,1.0641918,1.0641918,1.0641268,-4.05726209677287e-05,-4.089553627311436e-05
batch2,33,259.0,1140.0,1.0641268,1.0641268,1.0641268,1.0641209,-4.0727298387100664e-05,-4.0943422475106884e-05
batch2,33,260.0,1140.0,1.0641717,1.0641717,1.0641717,1.0641073,-4.093221774193233e-05,-4.120219345661573e-05
batch2,33,261.0,1140.0,1.0639913,1.0639913,1.0639913,1.0640997,-4.2475524193549924e-05,-4.121875675675534e-05
batch2,33,262.0,1140.0,1.0641073,1.0641073,1.0641073,1.0639936,-4.162120967741832e-05,-4.1344372688475224e-05
batch2,33,263.0,1140.0,1.0639936,1.0639936,1.0639936,1.0639913,-4.1644798387093616e-05,-4.162717780938962e-05
batch2,33,264.0,1140.0,1.063862,1.063862,1.063862,1.0639198,-4.170092741936047e-05,-4.165370128022611e-05
batch2,33,265.0,1140.0,1.0638506,1.0638506,1.0638506,1.063862,-4.024294354837945e-05,-4.1626728307254746e-05
batch2,33,266.0,1140.0,1.0639198,1.0639198,1.0639198,1.0638506,-3.96147177419337e-05,-4.174261450924449e-05
batch2,33,267.0,1140.0,1.0636567,1.0636567,1.0636567,1.0637598,-4.0199798387094195e-05,-4.1796702702705334e-05
batch2,33,268.0,1140.0,1.0636992,1.0636992,1.0636992,1.0636992,-4.061000000000356e-05,-4.194584921763885e-05
batch2,33,269.0,1140.0,1.0635827,1.0635827,1.0635827,1.0636567,-4.198931451612984e-05,-4.2019732574679926e-05
batch2,33,270.0,1140.0,1.0637598,1.0637598,1.0637598,1.0636029,-4.299209677418821e-05,-4.241734566145034e-05
batch2,33,271.0,1140.0,1.0635769,1.0635769,1.0635769,1.0635827,-4.424713709677298e-05,-4.2323866287337845e-05
batch2,33,272.0,1140.0,1.0633454,1.0633454,1.0633454,1.0635769,-4.432326612902999e-05,-4.253791465149094e-05
batch2,33,273.0,1140.0,1.0636029,1.0636029,1.0636029,1.0635289,-4.452120967742102e-05,-4.260576955903154e-05
batch2,33,274.0,1140.0,1.0635289,1.0635289,1.0635289,1.0634977,-4.334919354838811e-05,-4.273539971550575e-05
batch2,33,275.0,1140.0,1.0634005,1.0634005,1.0634005,1.0634005,-4.3766854838704476e-05,-4.293341394025548e-05
batch2,33,276.0,1140.0,1.0632286,1.0632286,1.0632286,1.0633711,-4.2990967741939406e-05,-4.300451493598948e-05
batch2,33,277.0,1140.0,1.0634977,1.0634977,1.0634977,1.0633454,-4.377108870967934e-05,-4.3069618776668356e-05
batch2,33,278.0,1140.0,1.0633711,1.0633711,1.0633711,1.0632975,-4.2769677419356995e-05,-4.330165860597725e-05
batch2,33,279.0,1140.0,1.0632674,1.0632674,1.0632674,1.0632674,-4.196463709677603e-05,-4.327739118065491e-05
batch2,33,280.0,1140.0,1.063194,1.063194,1.063194,1.0632286,-4.271306451612011e-05,-4.362328307254739e-05
batch2,33,281.0,1140.0,1.0632975,1.0632975,1.0632975,1.063194,-4.223846774194285e-05,-4.4069860597437004e-05
batch2,33,282.0,1140.0,1.0630333,1.0630333,1.0630333,1.0630808,-4.221330645161418e-05,-4.425092745376872e-05
batch2,33,283.0,1140.0,1.0630808,1.0630808,1.0630808,1.0630333,-4.269560483871589e-05,-4.456565576102494e-05
batch2,33,284.0,1140.0,1.0629537,1.0629537,1.0629537,1.063028,-4.256866935484013e-05,-4.475606827880726e-05
batch2,33,285.0,1140.0,1.0628594,1.0628594,1.0628594,1.0629842,-4.35202016129078e-05,-4.492264295874949e-05
batch2,33,286.0,1140.0,1.062832,1.062832,1.062832,1.0629537,-4.296854838709413e-05,-4.490868278804691e-05
batch2,33,287.0,1140.0,1.063028,1.063028,1.063028,1.0629138,-4.304120967741817e-05,-4.460720341394021e-05
batch2,33,288.0,1140.0,1.0629138,1.0629138,1.0629138,1.0628594,-4.446903225806291e-05,-4.462388335704048e-05
batch2,33,289.0,1140.0,1.0629842,1.0629842,1.0629842,1.062832,-4.431016129031731e-05,-4.465032147937304e-05
batch2,33,290.0,1140.0,1.0627102,1.0627102,1.0627102,1.0627652,-4.3469475806460746e-05,-4.4621123755333914e-05
batch2,33,291.0,1140.0,1.0627652,1.0627652,1.0627652,1.0627102,-4.4202983870970177e-05,-4.475554196301722e-05
batch2,33,292.0,1140.0,1.0626066,1.0626066,1.0626066,1.0626851,-4.6046370967744796e-05,-4.4983815078237305e-05
batch2,33,293.0,1140.0,1.0626851,1.0626851,1.0626851,1.0626791,-4.429866935484101e-05,-4.513763015647253e-05
batch2,33,294.0,1140.0,1.0626791,1.0626791,1.0626791,1.0626066,-4.479870967741312e-05,-4.5296421052631246e-05
batch2,33,295.0,1140.0,1.062475,1.062475,1.062475,1.0625969,-4.4767741935483516e-05,-4.532418492176593e-05
batch2,33,296.0,1140.0,1.0625969,1.0625969,1.0625969,1.062475,-4.5305120967740606e-05,-4.525106970128052e-05
batch2,33,297.0,1140.0,1.0623652,1.0623652,1.0623652,1.0624583,-4.51350403225813e-05,-4.507334566145316e-05
batch2,33,298.0,1140.0,1.0624583,1.0624583,1.0624583,1.0624338,-4.6043024193548924e-05,-4.508317780939107e-05
batch2,33,299.0,1140.0,1.0624338,1.0624338,1.0624338,1.0623652,-4.576056451613492e-05,-4.52235106685645e-05
batch2,33,300.0,1140.0,1.0622954,1.0622954,1.0622954,1.0622954,-4.7460483870956875e-05,-4.531681365576101e-05
batch2,33,301.0,1140.0,1.0622692,1.0622692,1.0622692,1.0622692,-4.79000403225791e-05,-4.533149928876516e-05
batch2,33,302.0,1140.0,1.0622617,1.0622617,1.0622617,1.0622617,-5.0082419354846136e-05,-4.552573257468295e-05
batch2,33,303.0,1140.0,1.0621969,1.0621969,1.0621969,1.0622,-5.0918225806454585e-05,-4.577606827880385e-05
batch2,33,304.0,1140.0,1.062108,1.062108,1.062108,1.0621969,-5.1059354838709895e-05,-4.5764278805119146e-05
batch2,33,305.0,1140.0,1.0622,1.0622,1.0622,1.0621115,-5.063637096774132e-05,-4.603026742532069e-05
batch2,33,306.0,1140.0,1.0619881,1.0619881,1.0619881,1.062108,-5.1330766129043444e-05,-4.6200475106686616e-05
batch2,33,307.0,1140.0,1.0618938,1.0618938,1.0618938,1.0619881,-5.095322580645641e-05,-4.652390327169129e-05
batch2,33,308.0,1140.0,1.0621115,1.0621115,1.0621115,1.0618938,-5.061540322580629e-05,-4.6566839260312425e-05
batch2,33,309.0,1140.0,1.0617825,1.0617825,1.0617825,1.061875,-4.951995967742568e-05,-4.6736953058322136e-05
batch2,33,310.0,1140.0,1.061875,1.061875,1.061875,1.0617825,-4.8284556451620215e-05,-4.6981180654337446e-05
batch2,33,311.0,1140.0,1.0617665,1.0617665,1.0617665,1.0617665,-4.828754032258364e-05,-4.69003584637263e-05
batch2,33,312.0,1140.0,1.0616779,1.0616779,1.0616779,1.061729,-4.653370967742104e-05,-4.6937698435276704e-05
batch2,33,313.0,1140.0,1.0616735,1.0616735,1.0616735,1.0616779,-4.648959677418864e-05,-4.6981541963019896e-05
batch2,33,314.0,1140.0,1.061729,1.061729,1.061729,1.0616735,-4.6801532258065104e-05,-4.726645234708215e-05
batch2,33,315.0,1140.0,1.0614467,1.0614467,1.0614467,1.0616552,-4.6118427419357646e-05,-4.707044665718634e-05
batch2,33,316.0,1140.0,1.0616552,1.0616552,1.0616552,1.0614467,-4.575080645161289e-05,-4.701629018492146e-05
batch2,33,317.0,1140.0,1.061316,1.061316,1.061316,1.0613452,-4.489741935483326e-05,-4.71031095305816e-05
batch2,33,318.0,1140.0,1.0612285,1.0612285,1.0612285,1.0613357,-4.393766129032325e-05,-4.7224017069700254e-05
batch2,33,319.0,1140.0,1.0613452,1.0613452,1.0613452,1.061316,-4.237512096773515e-05,-4.719581792318635e-05
batch2,33,320.0,1140.0,1.0612588,1.0612588,1.0612588,1.0612925,-4.276060483872184e-05,-4.736978662873482e-05
batch2,33,321.0,1140.0,1.0612513,1.0612513,1.0612513,1.0612726,-4.2168508064515874e-05,-4.728861166429292e-05
batch2,33,322.0,1140.0,1.0612726,1.0612726,1.0612726,1.0612588,-4.33058467741928e-05,-4.733654623043982e-05
batch2,33,323.0,1140.0,1.0613357,1.0613357,1.0613357,1.0612513,-4.387020161290406e-05,-4.7659246088192025e-05
batch2,33,324.0,1140.0,1.0612925,1.0612925,1.0612925,1.0612513,-4.326249999999871e-05,-4.804802275960307e-05
batch2,33,325.0,1140.0,1.0612292,1.0612292,1.0612292,1.0612292,-4.49070161290369e-05,-4.8020236130870083e-05
batch2,33,326.0,1140.0,1.0611455,1.0611455,1.0611455,1.0612173,-4.485499999999676e-05,-4.7981667140825826e-05
batch2,33,327.0,1140.0,1.0612173,1.0612173,1.0612173,1.0611455,-4.543479838709418e-05,-4.806897012802307e-05
batch2,33,328.0,1140.0,1.0610898,1.0610898,1.0610898,1.0610898,-4.624907258063638e-05,-4.8172566145091384e-05
batch2,33,329.0,1140.0,1.0608466,1.0608466,1.0608466,1.0609556,-4.7229717741938973e-05,-4.821858036984473e-05
batch2,33,330.0,1140.0,1.0609298,1.0609298,1.0609298,1.0609419,-4.727596774193613e-05,-4.835045803698043e-05
batch2,33,331.0,1140.0,1.060925,1.060925,1.060925,1.0609298,-4.8677661290315904e-05,-4.8435041251776334e-05
batch2,33,332.0,1140.0,1.0609419,1.0609419,1.0609419,1.060925,-4.7737782258057586e-05,-4.850140825035638e-05
batch2,33,333.0,1140.0,1.060879,1.060879,1.060879,1.060879,-4.862931451613083e-05,-4.8742321479372184e-05
batch2,33,334.0,1140.0,1.0609556,1.0609556,1.0609556,1.0608466,-5.0384516129034996e-05,-4.869673968705662e-05
batch2,33,335.0,1140.0,1.0606456,1.0606456,1.0606456,1.0606456,-5.0698185483867436e-05,-4.8937149359884143e-05
batch2,33,336.0,1140.0,1.0606116,1.0606116,1.0606116,1.0606116,-5.189717741935644e-05,-4.8839283072545524e-05
batch2,33,337.0,1140.0,1.0604458,1.0604458,1.0604458,1.0605383,-5.2035443548384896e-05,-4.8653991465148476e-05
batch2,33,338.0,1140.0,1.0605383,1.0605383,1.0605383,1.0604458,-5.2115887096776494e-05,-4.861920625889026e-05
batch2,33,339.0,1140.0,1.0604095,1.0604095,1.0604095,1.0604095,-5.195254032257691e-05,-4.860680227595886e-05
batch2,33,340.0,1140.0,1.0602746,1.0602746,1.0602746,1.0603559,-5.173334677418651e-05,-4.84449701280244e-05
batch2,33,341.0,1140.0,1.0603559,1.0603559,1.0603559,1.0602746,-5.1626895161283664e-05,-4.804052631578969e-05
batch2,33,342.0,1140.0,1.0602659,1.0602659,1.0602659,1.0602659,-5.152709677418673e-05,-4.793194879089911e-05
batch2,33,343.0,1140.0,1.0602216,1.0602216,1.0602216,1.0602216,-4.9724838709681296e-05,-4.7758819345661447e-05
batch2,33,344.0,1140.0,1.0601017,1.0601017,1.0601017,1.0601324,-4.86320564516171e-05,-4.762114935988701e-05
batch2,33,345.0,1140.0,1.0600922,1.0600922,1.0600922,1.0601017,-5.004633064515749e-05,-4.774845519203481e-05
batch2,33,346.0,1140.0,1.0600601,1.0600601,1.0600601,1.0600922,-5.109979838710429e-05,-4.753007112375586e-05
batch2,33,347.0,1140.0,1.0601324,1.0601324,1.0601324,1.0600899,-5.0905524193550296e-05,-4.762720910384295e-05
batch2,33,348.0,1140.0,1.0600899,1.0600899,1.0600899,1.0600601,-4.978528225805951e-05,-4.748008534850639e-05
batch2,33,349.0,1140.0,1.0599587,1.0599587,1.0599587,1.0599879,-5.0166774193536245e-05,-4.73879687055488e-05
batch2,33,350.0,1140.0,1.0599879,1.0599879,1.0599879,1.0599587,-4.834862903225912e-05,-4.7425940256044676e-05
batch2,33,351.0,1140.0,1.0598432,1.0598432,1.0598432,1.0599322,-4.8406774193560006e-05,-4.740749928875942e-05
batch2,33,352.0,1140.0,1.0599322,1.0599322,1.0599322,1.0598432,-4.816874999999536e-05,-4.7315519203413536e-05
batch2,33,353.0,1140.0,1.0598311,1.0598311,1.0598311,1.0598311,-4.917612903225846e-05,-4.743790896159361e-05
batch2,33,354.0,1140.0,1.059708,1.059708,1.059708,1.059708,-4.945294354837802e-05,-4.7344071123753886e-05
batch2,33,355.0,1140.0,1.0596548,1.0596548,1.0596548,1.0596738,-5.0247137096771e-05,-4.76662844950205e-05
batch2,33,356.0,1140.0,1.0595945,1.0595945,1.0595945,1.0596548,-5.097842741934888e-05,-4.797013371265969e-05
batch2,33,357.0,1140.0,1.0595737,1.0595737,1.0595737,1.0595945,-5.143080645161122e-05,-4.797887624466251e-05
batch2,33,358.0,1140.0,1.0596738,1.0596738,1.0596738,1.0595896,-5.103709677418979e-05,-4.810429587482473e-05
batch2,33,359.0,1140.0,1.0595896,1.0595896,1.0595896,1.0595737,-5.029540322580083e-05,-4.8195015647228584e-05
batch2,33,360.0,1140.0,1.0593345,1.0593345,1.0593345,1.0593345,-5.0369556451611966e-05,-4.817955049786602e-05
batch2,33,361.0,1140.0,1.0592046,1.0592046,1.0592046,1.0593278,-5.051048387096782e-05,-4.7898281650071525e-05
batch2,33,362.0,1140.0,1.059301,1.059301,1.059301,1.059301,-4.99710080645204e-05,-4.763631009957162e-05
batch2,33,363.0,1140.0,1.0593278,1.0593278,1.0593278,1.0592046,-4.721056451613402e-05,-4.765346799431312e-05
batch2,33,364.0,1140.0,1.059039,1.059039,1.059039,1.0591983,-4.592278225806562e-05,-4.7576028449504274e-05
batch2,33,365.0,1140.0,1.0591983,1.0591983,1.0591983,1.0591016,-4.566866935483583e-05,-4.743025320057185e-05
batch2,33,366.0,1140.0,1.0591016,1.0591016,1.0591016,1.0590839,-4.413790322580961e-05,-4.7505467994315494e-05
batch2,33,367.0,1140.0,1.0590839,1.0590839,1.0590839,1.059039,-4.447564516129182e-05,-4.751741963015612e-05
batch2,33,368.0,1140.0,1.058953,1.058953,1.058953,1.058953,-4.3587338709676125e-05,-4.761148506401071e-05
batch2,33,369.0,1140.0,1.0588756,1.0588756,1.0588756,1.0588756,-4.310471774193504e-05,-4.7427792318631255e-05
batch2,33,370.0,1140.0,1.0588166,1.0588166,1.0588166,1.0588685,-4.254346774193667e-05,-4.7192520625888177e-05
batch2,33,371.0,1140.0,1.0588647,1.0588647,1.0588647,1.0588647,-4.1998790322579014e-05,-4.7030873399715685e-05
batch2,33,372.0,1140.0,1.0587301,1.0587301,1.0587301,1.0588576,-4.20666532258046e-05,-4.675044381223351e-05
batch2,33,373.0,1140.0,1.0588576,1.0588576,1.0588576,1.0588576,-4.1923346774192286e-05,-4.683238975818538e-05
batch2,33,374.0,1140.0,1.0588685,1.0588685,1.0588685,1.0588166,-4.1061612903219115e-05,-4.684714651493604e-05
batch2,33,375.0,1140.0,1.0587713,1.0587713,1.0587713,1.0587713,-4.0175483870975474e-05,-4.709258321479366e-05
batch2,33,376.0,1140.0,1.0586817,1.0586817,1.0586817,1.0587344,-4.0926975806453904e-05,-4.723831009957063e-05
batch2,33,377.0,1140.0,1.0587344,1.0587344,1.0587344,1.0587301,-4.2852137096774575e-05,-4.7192788051210874e-05
batch2,33,378.0,1140.0,1.0589361,1.0589361,1.0589361,1.0586817,-4.35201612903182e-05,-4.734365576102446e-05
batch2,33,379.0,1140.0,1.0586582,1.0586582,1.0586582,1.0586582,-4.300830645162486e-05,-4.751436415362892e-05
batch2,33,380.0,1140.0,1.0585318,1.0585318,1.0585318,1.0586166,-4.448193548386426e-05,-4.752042389758508e-05
batch2,33,381.0,1140.0,1.0586166,1.0586166,1.0586166,1.0585318,-4.474512096773372e-05,-4.74670867709834e-05
batch2,33,382.0,1140.0,1.0583706,1.0583706,1.0583706,1.0583802,-4.5139435483872354e-05,-4.7697337126599404e-05
batch2,33,383.0,1140.0,1.0583802,1.0583802,1.0583802,1.0583706,-4.453633064516258e-05,-4.777073399715732e-05
batch2,33,384.0,1140.0,1.0583175,1.0583175,1.0583175,1.0583609,-4.468342741935631e-05,-4.7721433854908955e-05
batch2,33,385.0,1140.0,1.0583609,1.0583609,1.0583609,1.0583251,-4.6632822580641904e-05,-4.76818890469411e-05
batch2,33,386.0,1140.0,1.0583251,1.0583251,1.0583251,1.0583175,-4.794153225807384e-05,-4.767378093883481e-05
batch2,33,387.0,1140.0,1.0581995,1.0581995,1.0581995,1.0581995,-4.9063185483868635e-05,-4.762683926030981e-05
batch2,33,388.0,1140.0,1.0581636,1.0581636,1.0581636,1.0581636,-5.156766129033298e-05,-4.7545741109530345e-05
batch2,33,389.0,1140.0,1.0580816,1.0580816,1.0580816,1.0580816,-5.1401814516130424e-05,-4.7525559032716884e-05
batch2,33,390.0,1140.0,1.0580693,1.0580693,1.0580693,1.0580693,-5.213891129032148e-05,-4.76486088193504e-05
batch2,33,391.0,1140.0,1.0579693,1.0579693,1.0579693,1.0579693,-5.180983870967993e-05,-4.758240398292649e-05
batch2,33,392.0,1140.0,1.0578228,1.0578228,1.0578228,1.0579045,-5.18785483870991e-05,-4.75627823613073e-05
batch2,33,393.0,1140.0,1.0578357,1.0578357,1.0578357,1.0578357,-5.167399193549088e-05,-4.750144523471213e-05
batch2,33,394.0,1140.0,1.0579045,1.0579045,1.0579045,1.0578228,-4.9939354838712955e-05,-4.738261735419863e-05
batch2,33,395.0,1140.0,1.0577894,1.0577894,1.0577894,1.057812,-5.004745967741103e-05,-4.753986344239031e-05
batch2,33,396.0,1140.0,1.0577363,1.0577363,1.0577363,1.0577894,-5.0297379032258314e-05,-4.751867709814981e-05
batch2,33,397.0,1140.0,1.0577203,1.0577203,1.0577203,1.0577428,-5.02647177419276e-05,-4.7447044096733184e-05
batch2,33,398.0,1140.0,1.057812,1.057812,1.057812,1.0577363,-5.169326612903612e-05,-4.760721479374224e-05
batch2,33,399.0,1140.0,1.0577428,1.0577428,1.0577428,1.0577203,-5.1124193548388695e-05,-4.7957857752488295e-05
batch2,33,400.0,1140.0,1.0574467,1.0574467,1.0574467,1.0575203,-5.123915322580929e-05,-4.822723470839409e-05
batch2,33,401.0,1140.0,1.0575203,1.0575203,1.0575203,1.0574467,-5.165149193548049e-05,-4.83283100995747e-05
batch2,33,402.0,1140.0,1.0574135,1.0574135,1.0574135,1.0574373,-5.0696814516130186e-05,-4.8674722617352235e-05
batch2,33,403.0,1140.0,1.0572317,1.0572317,1.0572317,1.0574135,-4.987826612902792e-05,-4.8802566145095266e-05
batch2,33,404.0,1140.0,1.0574373,1.0574373,1.0574373,1.0573492,-5.0163427419346234e-05,-4.903138264580574e-05
batch2,33,405.0,1140.0,1.0571817,1.0571817,1.0571817,1.0572842,-4.994217741935448e-05,-4.930904409672862e-05
batch2,33,406.0,1140.0,1.0573492,1.0573492,1.0573492,1.0572317,-4.8867137096777166e-05,-4.9506901849219385e-05
batch2,33,407.0,1140.0,1.0572842,1.0572842,1.0572842,1.0571817,-4.892657258065227e-05,-4.976285348506539e-05
batch2,33,408.0,1140.0,1.05718,1.05718,1.05718,1.05718,-4.984193548386155e-05,-4.996653485063978e-05
batch2,33,409.0,1140.0,1.0571142,1.0571142,1.0571142,1.0571142,-4.966177419354861e-05,-5.0112563300142815e-05
batch2,33,410.0,1140.0,1.0569845,1.0569845,1.0569845,1.0569845,-4.9039193548388006e-05,-5.034624751066934e-05
batch2,33,411.0,1140.0,1.0569843,1.0569843,1.0569843,1.0569843,-4.858161290323419e-05,-5.05515874822194e-05
batch2,33,412.0,1140.0,1.0568374,1.0568374,1.0568374,1.0569509,-4.9834758064515475e-05,-5.067450071123506e-05
batch2,33,413.0,1140.0,1.0567396,1.0567396,1.0567396,1.0568374,-4.9426774193549686e-05,-5.080480796586086e-05
batch2,33,414.0,1140.0,1.0569509,1.0569509,1.0569509,1.0568094,-4.791395161291132e-05,-5.088554480796767e-05
batch2,33,415.0,1140.0,1.0568094,1.0568094,1.0568094,1.0567683,-4.620036290322713e-05,-5.088160739687331e-05
batch2,33,416.0,1140.0,1.0566134,1.0566134,1.0566134,1.0567611,-4.5634193548381976e-05,-5.0710645803701864e-05
batch2,33,417.0,1140.0,1.0567611,1.0567611,1.0567611,1.0567396,-4.610737903225804e-05,-5.089720341394354e-05
batch2,33,418.0,1140.0,1.0567683,1.0567683,1.0567683,1.0566458,-4.681052419355003e-05,-5.111949928876255e-05
batch2,33,419.0,1140.0,1.0565287,1.0565287,1.0565287,1.0566134,-4.7869596774203715e-05,-5.116441536273052e-05
batch2,33,420.0,1140.0,1.0565909,1.0565909,1.0565909,1.0565909,-4.7412459677418315e-05,-5.116876244665673e-05
batch2,33,421.0,1140.0,1.0566458,1.0566458,1.0566458,1.0565287,-4.88162500000032e-05,-5.117659459459494e-05
batch2,33,422.0,1140.0,1.05647,1.05647,1.05647,1.05647,-4.924334677419682e-05,-5.143821906116853e-05
batch2,33,423.0,1140.0,1.0563848,1.0563848,1.0563848,1.0564563,-4.918149193549579e-05,-5.15093371265977e-05
batch2,33,424.0,1140.0,1.0564563,1.0564563,1.0564563,1.0563848,-4.933802419354712e-05,-5.138159317212047e-05
batch2,33,425.0,1140.0,1.0563641,1.0563641,1.0563641,1.0563641,-4.95690322580646e-05,-5.136024182077065e-05
batch2,33,426.0,1140.0,1.0563569,1.0563569,1.0563569,1.0563569,-5.0573225806455164e-05,-5.1355951635844886e-05
batch2,33,427.0,1140.0,1.0560352,1.0560352,1.0560352,1.0562204,-5.171975806451766e-05,-5.1518219061164855e-05
batch2,33,428.0,1140.0,1.0562135,1.0562135,1.0562135,1.0562135,-5.2479233870965525e-05,-5.15911977240382e-05
batch2,33,429.0,1140.0,1.0561979,1.0561979,1.0561979,1.0561979,-5.37232258064619e-05,-5.1718341394025485e-05
batch2,33,430.0,1140.0,1.0561973,1.0561973,1.0561973,1.0561973,-5.294725806452282e-05,-5.206732574679999e-05
batch2,33,431.0,1140.0,1.0562204,1.0562204,1.0562204,1.0560352,-5.29704032258047e-05,-5.221615362730921e-05
batch2,33,432.0,1140.0,1.0558883,1.0558883,1.0558883,1.0558883,-5.388798387097425e-05,-5.1999655761024497e-05
batch2,33,433.0,1140.0,1.0558554,1.0558554,1.0558554,1.0558866,-5.4490967741944016e-05,-5.217592887624573e-05
batch2,33,434.0,1140.0,1.0558866,1.0558866,1.0558866,1.0558554,-5.456427419354734e-05,-5.2096901849218904e-05
batch2,33,435.0,1140.0,1.0558283,1.0558283,1.0558283,1.0558283,-5.5534798387088775e-05,-5.200296728307024e-05
batch2,33,436.0,1140.0,1.055686,1.055686,1.055686,1.055686,-5.525306451613274e-05,-5.1965217638690904e-05
batch2,33,437.0,1140.0,1.0555691,1.0555691,1.0555691,1.0556006,-5.4417338709676216e-05,-5.2040529160737224e-05
batch2,33,438.0,1140.0,1.0556006,1.0556006,1.0556006,1.0555691,-5.493729838709878e-05,-5.23411351351349e-05
batch2,33,439.0,1140.0,1.0555634,1.0555634,1.0555634,1.0555634,-5.633076612903262e-05,-5.2435761024179975e-05
batch2,33,440.0,1140.0,1.0555135,1.0555135,1.0555135,1.0555135,-5.662786290321315e-05,-5.261943385490439e-05
batch2,33,441.0,1140.0,1.0554173,1.0554173,1.0554173,1.0554173,-5.691931451612413e-05,-5.305414509245791e-05
batch2,33,442.0,1140.0,1.0552895,1.0552895,1.0552895,1.0553972,-5.5432983870968766e-05,-5.32260654338544e-05
batch2,33,443.0,1140.0,1.0553972,1.0553972,1.0553972,1.0553397,-5.604504032257712e-05,-5.35860199146511e-05
batch2,33,444.0,1140.0,1.0553254,1.0553254,1.0553254,1.0553254,-5.662346774194454e-05,-5.357398293029789e-05
batch2,33,445.0,1140.0,1.0553397,1.0553397,1.0553397,1.0552895,-5.637661290322131e-05,-5.3559385490754755e-05
batch2,33,446.0,1140.0,1.0552511,1.0552511,1.0552511,1.0552511,-5.4688145161293774e-05,-5.3642773826461404e-05
batch2,33,447.0,1140.0,1.0552084,1.0552084,1.0552084,1.0552084,-5.2624072580640394e-05,-5.374962731152061e-05
batch2,33,448.0,1140.0,1.0550092,1.0550092,1.0550092,1.0550092,-5.2472016129021745e-05,-5.397751066856361e-05
batch2,33,449.0,1140.0,1.0549723,1.0549723,1.0549723,1.0549959,-5.298286290321784e-05,-5.399237837837715e-05
batch2,33,450.0,1140.0,1.0549598,1.0549598,1.0549598,1.0549723,-5.266334677419408e-05,-5.4160264580369335e-05
batch2,33,451.0,1140.0,1.0549959,1.0549959,1.0549959,1.0549598,-5.2353830645159967e-05,-5.437732574679858e-05
batch2,33,452.0,1140.0,1.0549226,1.0549226,1.0549226,1.0549226,-5.326499999999353e-05,-5.425433285917441e-05
batch2,33,453.0,1140.0,1.0547711,1.0547711,1.0547711,1.0547711,-5.3792338709682605e-05,-5.439467140825141e-05
batch2,33,454.0,1140.0,1.0546043,1.0546043,1.0546043,1.0547472,-5.244314516128547e-05,-5.450406543385408e-05
batch2,33,455.0,1140.0,1.0545906,1.0545906,1.0545906,1.0546361,-5.291435483870845e-05,-5.4479004267423937e-05
batch2,33,456.0,1140.0,1.0545655,1.0545655,1.0545655,1.0546043,-5.186024193548791e-05,-5.424013086771053e-05
batch2,33,457.0,1140.0,1.0547472,1.0547472,1.0547472,1.0545906,-5.1248306451623824e-05,-5.441146514935934e-05
batch2,33,458.0,1140.0,1.0546361,1.0546361,1.0546361,1.0545655,-5.237939516129763e-05,-5.4553900426742056e-05
batch2,33,459.0,1140.0,1.0543582,1.0543582,1.0543582,1.0545059,-5.306822580646359e-05,-5.458905263157918e-05
batch2,33,460.0,1140.0,1.0543876,1.0543876,1.0543876,1.0544306,-5.361822580645409e-05,-5.4568221906115374e-05
batch2,33,461.0,1140.0,1.0545059,1.0545059,1.0545059,1.0543876,-5.326737903225983e-05,-5.464518065433736e-05
batch2,33,462.0,1140.0,1.0544306,1.0544306,1.0544306,1.0543582,-5.32638709677405e-05,-5.456613940255774e-05
batch2,33,463.0,1140.0,1.0543494,1.0543494,1.0543494,1.0543494,-5.377504032258519e-05,-5.447675106685552e-05
batch2,33,464.0,1140.0,1.0541723,1.0541723,1.0541723,1.0541905,-5.521411290322445e-05,-5.435196301564628e-05
batch2,33,465.0,1140.0,1.0541641,1.0541641,1.0541641,1.0541723,-5.635725806452365e-05,-5.454498150782103e-05
batch2,33,466.0,1140.0,1.0541098,1.0541098,1.0541098,1.0541641,-5.642342741935845e-05,-5.4646910384069235e-05
batch2,33,467.0,1140.0,1.0539452,1.0539452,1.0539452,1.0541098,-5.5827741935492934e-05,-5.459131152204937e-05
batch2,33,468.0,1140.0,1.0540173,1.0540173,1.0540173,1.0540254,-5.557532258064044e-05,-5.450459459459524e-05
batch2,33,469.0,1140.0,1.0541905,1.0541905,1.0541905,1.0540173,-5.597072580645524e-05,-5.429384921763752e-05
batch2,33,470.0,1140.0,1.0538352,1.0538352,1.0538352,1.0539557,-5.731141129032977e-05,-5.426465718350204e-05
batch2,33,471.0,1140.0,1.0540254,1.0540254,1.0540254,1.0539452,-5.751899193549137e-05,-5.440901564722794e-05
batch2,33,472.0,1140.0,1.0539557,1.0539557,1.0539557,1.0538352,-5.7887177419358044e-05,-5.420286770981278e-05
batch2,33,473.0,1140.0,1.0537064,1.0537064,1.0537064,1.0537064,-5.675229838709318e-05,-5.409894167852137e-05
batch2,33,474.0,1140.0,1.0535591,1.0535591,1.0535591,1.0535591,-5.558568548387834e-05,-5.401833001422433e-05
batch2,33,475.0,1140.0,1.0535361,1.0535361,1.0535361,1.0535505,-5.681911290322963e-05,-5.3823817923184914e-05
batch2,33,476.0,1140.0,1.0535505,1.0535505,1.0535505,1.0535361,-5.647838709677512e-05,-5.374010810810695e-05
batch2,33,477.0,1140.0,1.0534683,1.0534683,1.0534683,1.0534683,-5.551520161289984e-05,-5.371500142247818e-05
batch2,33,478.0,1140.0,1.0533099,1.0533099,1.0533099,1.0533099,-5.379616935483111e-05,-5.3668398293029006e-05
batch2,33,479.0,1140.0,1.0532424,1.0532424,1.0532424,1.053287,-5.346419354837914e-05,-5.3620933143668406e-05
batch2,33,480.0,1140.0,1.0532129,1.0532129,1.0532129,1.0532464,-5.4423145161284743e-05,-5.3792102418207666e-05
batch2,33,481.0,1140.0,1.053287,1.053287,1.053287,1.0532424,-5.513475806450774e-05,-5.369681365575979e-05
batch2,33,482.0,1140.0,1.0532464,1.0532464,1.0532464,1.0532129,-5.4754314516127976e-05,-5.366063726884809e-05
batch2,33,483.0,1140.0,1.0531512,1.0531512,1.0531512,1.0531512,-5.5461169354835246e-05,-5.354603129445342e-05
batch2,33,484.0,1140.0,1.0530876,1.0530876,1.0530876,1.0530918,-5.5268588709680356e-05,-5.356188335704156e-05
batch2,33,485.0,1140.0,1.052997,1.052997,1.052997,1.0530876,-5.331879032257948e-05,-5.370771834992875e-05
batch2,33,486.0,1140.0,1.0530918,1.0530918,1.0530918,1.052997,-5.331887096774368e-05,-5.389835277382723e-05
batch2,33,487.0,1140.0,1.0529921,1.0529921,1.0529921,1.0529921,-5.1951048387101656e-05,-5.388074537695617e-05
batch2,33,488.0,1140.0,1.0529419,1.0529419,1.0529419,1.0529453,-5.1499435483876305e-05,-5.411502418207757e-05
batch2,33,489.0,1140.0,1.0529453,1.0529453,1.0529453,1.0529419,-5.154552419355027e-05,-5.424248933143798e-05
batch2,33,490.0,1140.0,1.0527322,1.0527322,1.0527322,1.0528527,-5.2360927419346635e-05,-5.425800284494937e-05
batch2,33,491.0,1140.0,1.0528527,1.0528527,1.0528527,1.0528138,-5.279649193547349e-05,-5.4385078236133286e-05
batch2,33,492.0,1140.0,1.0527271,1.0527271,1.0527271,1.0527322,-5.216830645161479e-05,-5.463106685633043e-05
batch2,33,493.0,1140.0,1.0528138,1.0528138,1.0528138,1.0527271,-5.2864596774180285e-05,-5.49729644381259e-05
batch2,33,494.0,1140.0,1.0525633,1.0525633,1.0525633,1.0525633,-5.2734838709674337e-05,-5.505980085348675e-05
batch2,33,495.0,1140.0,1.0524197,1.0524197,1.0524197,1.0524702,-5.3352338709663236e-05,-5.498114651493668e-05
batch2,33,496.0,1140.0,1.0523525,1.0523525,1.0523525,1.0524197,-5.3479758064512375e-05,-5.493878805120928e-05
batch2,33,497.0,1140.0,1.0524702,1.0524702,1.0524702,1.0523567,-5.181012096773586e-05,-5.524811379801071e-05
batch2,33,498.0,1140.0,1.0523567,1.0523567,1.0523567,1.0523525,-5.1276854838705906e-05,-5.540407112375761e-05
batch2,33,499.0,1140.0,1.0523226,1.0523226,1.0523226,1.0523226,-5.147032258063333e-05,-5.544983783783808e-05
batch2,33,500.0,1140.0,1.0523154,1.0523154,1.0523154,1.0523154,-5.165016129031933e-05,-5.5374947368418816e-05
batch2,33,501.0,1140.0,1.052247,1.052247,1.052247,1.052247,-5.1830161290325256e-05,-5.549506116642827e-05
batch2,33,502.0,1140.0,1.0521644,1.0521644,1.0521644,1.0521644,-5.189786290320919e-05,-5.5694324324325784e-05
batch2,33,503.0,1140.0,1.0519632,1.0519632,1.0519632,1.052014,-5.168084677420257e-05,-5.5895590327171355e-05
batch2,33,504.0,1140.0,1.052014,1.052014,1.052014,1.0519632,-5.168169354838639e-05,-5.600945945945832e-05
batch2,33,505.0,1140.0,1.0519311,1.0519311,1.0519311,1.051962,-5.128564516128976e-05,-5.629219914651461e-05
batch2,33,506.0,1140.0,1.0519099,1.0519099,1.0519099,1.0519311,-5.2439516129035294e-05,-5.654211948790873e-05
batch2,33,507.0,1140.0,1.051962,1.051962,1.051962,1.0519141,-5.331024193548435e-05,-5.6439129445233266e-05
batch2,33,508.0,1140.0,1.0517248,1.0517248,1.0517248,1.0519099,-5.392217741934976e-05,-5.663622190611609e-05
batch2,33,509.0,1140.0,1.0519141,1.0519141,1.0519141,1.0519066,-5.248870967742496e-05,-5.652877098150528e-05
batch2,33,510.0,1140.0,1.0517695,1.0517695,1.0517695,1.0517838,-5.396979838710326e-05,-5.657281934566196e-05
batch2,33,511.0,1140.0,1.0517838,1.0517838,1.0517838,1.0517695,-5.593580645161165e-05,-5.6765994310099435e-05
batch2,33,512.0,1140.0,1.0519066,1.0519066,1.0519066,1.0517248,-5.7236451612910004e-05,-5.686602844950202e-05
batch2,33,513.0,1140.0,1.05167,1.05167,1.05167,1.05167,-5.750794354839163e-05,-5.6959502133714005e-05
batch2,33,514.0,1140.0,1.0515463,1.0515463,1.0515463,1.0515463,-5.8101572580658076e-05,-5.7036799431008175e-05
batch2,33,515.0,1140.0,1.0515094,1.0515094,1.0515094,1.0515094,-5.9329798387096636e-05,-5.7215123755334844e-05
batch2,33,516.0,1140.0,1.0515008,1.0515008,1.0515008,1.0515008,-5.8898749999990096e-05,-5.75274054054077e-05
batch2,33,517.0,1140.0,1.0513185,1.0513185,1.0513185,1.0513537,-5.90386290322578e-05,-5.783655476529092e-05
batch2,33,518.0,1140.0,1.0513537,1.0513537,1.0513537,1.0513185,-5.920608870968061e-05,-5.8052984352771446e-05
batch2,33,519.0,1140.0,1.051262,1.051262,1.051262,1.051262,-6.094870967742377e-05,-5.821191180654325e-05
batch2,33,520.0,1140.0,1.051212,1.051212,1.051212,1.051212,-6.164419354839021e-05,-5.816018207681518e-05
batch2,33,521.0,1140.0,1.0510675,1.0510675,1.0510675,1.0510675,-6.294080645161624e-05,-5.840731436699608e-05
batch2,33,522.0,1140.0,1.0508748,1.0508748,1.0508748,1.0510449,-6.319963709677188e-05,-5.8614196301565516e-05
batch2,33,523.0,1140.0,1.0509197,1.0509197,1.0509197,1.0509197,-6.373875000000464e-05,-5.8877937411095964e-05
batch2,33,524.0,1140.0,1.0510449,1.0510449,1.0510449,1.0508748,-6.507701612903024e-05,-5.8806995732576876e-05
batch2,33,525.0,1140.0,1.0507123,1.0507123,1.0507123,1.0507264,-6.513266129031056e-05,-5.8828537695589056e-05
batch2,33,526.0,1140.0,1.0506619,1.0506619,1.0506619,1.0507123,-6.515645161290229e-05,-5.888804551920363e-05
batch2,33,527.0,1140.0,1.0507264,1.0507264,1.0507264,1.0506626,-6.496536290323603e-05,-5.892613371265621e-05
batch2,33,528.0,1140.0,1.0506626,1.0506626,1.0506626,1.0506619,-6.411282258064452e-05,-5.9114628733998896e-05
batch2,33,529.0,1140.0,1.0506099,1.0506099,1.0506099,1.0506099,-6.363129032258264e-05,-5.926788904694123e-05
batch2,33,530.0,1140.0,1.0504249,1.0504249,1.0504249,1.0505804,-6.339443548386778e-05,-5.946625320056944e-05
batch2,33,531.0,1140.0,1.0505804,1.0505804,1.0505804,1.0504433,-6.273822580645437e-05,-5.9430893314365085e-05
batch2,33,532.0,1140.0,1.0504433,1.0504433,1.0504433,1.0504249,-6.252717741936486e-05,-5.959144807965698e-05
batch2,33,533.0,1140.0,1.0504066,1.0504066,1.0504066,1.0504066,-6.269866935483266e-05,-5.973196017069837e-05
batch2,33,534.0,1140.0,1.0502436,1.0502436,1.0502436,1.0502479,-6.112169354838954e-05,-6.0000637268850586e-05
batch2,33,535.0,1140.0,1.0502479,1.0502479,1.0502479,1.0502436,-5.987584677420324e-05,-6.0194756756755235e-05
batch2,33,536.0,1140.0,1.0501192,1.0501192,1.0501192,1.0501926,-5.888334677419621e-05,-6.037785775248784e-05
batch2,33,537.0,1140.0,1.0501926,1.0501926,1.0501926,1.0501192,-5.882334677419826e-05,-6.0375197724038325e-05
batch2,33,538.0,1140.0,1.0499762,1.0499762,1.0499762,1.0499762,-5.973737903225032e-05,-6.043270839260317e-05
batch2,33,539.0,1140.0,1.0499647,1.0499647,1.0499647,1.0499647,-5.990213709677295e-05,-6.0488620199146936e-05
batch2,33,540.0,1140.0,1.0498575,1.0498575,1.0498575,1.0498799,-5.848189516129779e-05,-6.040479658606056e-05
batch2,33,541.0,1140.0,1.0498799,1.0498799,1.0498799,1.0498575,-5.922221774194223e-05,-6.0585268847795544e-05
batch2,33,542.0,1140.0,1.0497742,1.0497742,1.0497742,1.0497742,-5.882427419354467e-05,-6.061673968705333e-05
batch2,33,543.0,1140.0,1.0496186,1.0496186,1.0496186,1.0496571,-5.917887096774744e-05,-6.0669869132291586e-05
batch2,33,544.0,1140.0,1.0496571,1.0496571,1.0496571,1.0496186,-5.924830645161365e-05,-6.082332290184989e-05
batch2,33,545.0,1140.0,1.0496144,1.0496144,1.0496144,1.0496144,-5.9363064516129866e-05,-6.073209103840564e-05
batch2,33,546.0,1140.0,1.0495943,1.0495943,1.0495943,1.0495943,-5.926637096774715e-05,-6.093065718349866e-05
batch2,33,547.0,1140.0,1.0494022,1.0494022,1.0494022,1.0495167,-5.812278225806516e-05,-6.0869698435277105e-05
batch2,33,548.0,1140.0,1.0493935,1.0493935,1.0493935,1.0494373,-5.771088709677239e-05,-6.0653524893314425e-05
batch2,33,549.0,1140.0,1.0495167,1.0495167,1.0495167,1.0494022,-5.73975806451698e-05,-6.050392887624334e-05
batch2,33,550.0,1140.0,1.0494373,1.0494373,1.0494373,1.0493935,-5.763133064516994e-05,-5.990237837837975e-05
batch2,33,551.0,1140.0,1.0493271,1.0493271,1.0493271,1.0493271,-5.8358588709683744e-05,-5.98469331436708e-05
batch2,33,552.0,1140.0,1.0492014,1.0492014,1.0492014,1.0492014,-5.9338830645163356e-05,-5.97429587482226e-05
batch2,33,553.0,1140.0,1.0491215,1.0491215,1.0491215,1.0491215,-5.900693548387723e-05,-5.950463157895136e-05
batch2,33,554.0,1140.0,1.0490806,1.0490806,1.0490806,1.0490865,-5.9593749999993815e-05,-5.928650071123766e-05
batch2,33,555.0,1140.0,1.0490865,1.0490865,1.0490865,1.0490806,-5.9234032258071007e-05,-5.9191220483640585e-05
batch2,33,556.0,1140.0,1.0489535,1.0489535,1.0489535,1.0490782,-5.986391129032513e-05,-5.897525462304497e-05
batch2,33,557.0,1140.0,1.0490782,1.0490782,1.0490782,1.0489535,-6.062326612903226e-05,-5.8850267425323e-05
batch2,33,558.0,1140.0,1.0487794,1.0487794,1.0487794,1.0487911,-6.123770161290857e-05,-5.8796034139403026e-05
batch2,33,559.0,1140.0,1.0487648,1.0487648,1.0487648,1.0487794,-6.154302419355511e-05,-5.876222475106571e-05
batch2,33,560.0,1140.0,1.048687,1.048687,1.048687,1.0487648,-6.194600806451948e-05,-5.875414509246054e-05
batch2,33,561.0,1140.0,1.0487911,1.0487911,1.0487911,1.0486894,-6.217854838709641e-05,-5.875235277382624e-05
batch2,33,562.0,1140.0,1.0486894,1.0486894,1.0486894,1.048687,-6.120685483871224e-05,-5.846984068279057e-05
batch2,33,563.0,1140.0,1.0485886,1.0485886,1.0485886,1.0485886,-6.17430241935424e-05,-5.851082219061401e-05
batch2,33,564.0,1140.0,1.0484878,1.0484878,1.0484878,1.0484878,-6.180032258063969e-05,-5.839192034139445e-05
batch2,33,565.0,1140.0,1.0484433,1.0484433,1.0484433,1.0484433,-6.068334677418757e-05,-5.819823328591725e-05
batch2,33,566.0,1140.0,1.0482371,1.0482371,1.0482371,1.0482371,-6.0458467741939774e-05,-5.810464295874767e-05
batch2,33,567.0,1140.0,1.0481985,1.0481985,1.0481985,1.0482091,-5.9780161290316315e-05,-5.8041342816503635e-05
batch2,33,568.0,1140.0,1.0482091,1.0482091,1.0482091,1.0482032,-6.00891532258111e-05,-5.8002842105262676e-05
batch2,33,569.0,1140.0,1.0481558,1.0481558,1.0481558,1.0481985,-6.0558104838704834e-05,-5.77035248933141e-05
batch2,33,570.0,1140.0,1.0482032,1.0482032,1.0482032,1.0481558,-5.9507701612891494e-05,-5.755331152204981e-05
batch2,33,571.0,1140.0,1.0480365,1.0480365,1.0480365,1.0480365,-5.893104838709844e-05,-5.7531018492172476e-05
batch2,33,572.0,1140.0,1.0478698,1.0478698,1.0478698,1.0479628,-5.737185483871924e-05,-5.749797155049757e-05
batch2,33,573.0,1140.0,1.0478725,1.0478725,1.0478725,1.0478725,-5.678665322580833e-05,-5.727320625889107e-05
batch2,33,574.0,1140.0,1.0479628,1.0479628,1.0479628,1.0478698,-5.700798387096843e-05,-5.7377502133712915e-05
batch2,33,575.0,1140.0,1.0477952,1.0477952,1.0477952,1.0478407,-5.635987903226043e-05,-5.719658605974708e-05
batch2,33,576.0,1140.0,1.0477448,1.0477448,1.0477448,1.0477952,-5.63243145161335e-05,-5.728657752489493e-05
batch2,33,577.0,1140.0,1.0478407,1.0478407,1.0478407,1.0477448,-5.523745967742095e-05,-5.72796273115222e-05
batch2,33,578.0,1140.0,1.0476794,1.0476794,1.0476794,1.0476794,-5.429451612903811e-05,-5.731755903271585e-05
batch2,33,579.0,1140.0,1.047653,1.047653,1.047653,1.047653,-5.395463709676939e-05,-5.7224102418206375e-05
batch2,33,580.0,1140.0,1.0475997,1.0475997,1.0475997,1.0475997,-5.435911290323456e-05,-5.7313968705549856e-05
batch2,33,581.0,1140.0,1.0474091,1.0474091,1.0474091,1.0474664,-5.4267983870961224e-05,-5.748733997155127e-05
batch2,33,582.0,1140.0,1.0474664,1.0474664,1.0474664,1.0474159,-5.44510483871059e-05,-5.7418130867710716e-05
batch2,33,583.0,1140.0,1.0473132,1.0473132,1.0473132,1.0474091,-5.525568548386559e-05,-5.7467798008533945e-05
batch2,33,584.0,1140.0,1.0472461,1.0472461,1.0472461,1.0474002,-5.51973790322595e-05,-5.728241820768636e-05
batch2,33,585.0,1140.0,1.0474159,1.0474159,1.0474159,1.0473132,-5.5337137096773626e-05,-5.7524600284497376e-05
batch2,33,586.0,1140.0,1.0472203,1.0472203,1.0472203,1.0472461,-5.394689516129669e-05,-5.754928022759684e-05
batch2,33,587.0,1140.0,1.0474002,1.0474002,1.0474002,1.0472203,-5.360447580644415e-05,-5.7434352773824644e-05
batch2,33,588.0,1140.0,1.0470026,1.0470026,1.0470026,1.0470936,-5.4569919354841623e-05,-5.7119177809387595e-05
batch2,33,589.0,1140.0,1.0470496,1.0470496,1.0470496,1.0470496,-5.544000000000024e-05,-5.706295021337045e-05
batch2,33,590.0,1140.0,1.0470936,1.0470936,1.0470936,1.0470026,-5.476415322581398e-05,-5.7052497866288325e-05
batch2,33,591.0,1140.0,1.0469639,1.0469639,1.0469639,1.0469639,-5.462483870969366e-05,-5.716776955903072e-05
batch2,33,592.0,1140.0,1.0469118,1.0469118,1.0469118,1.0469118,-5.489068548386978e-05,-5.69423869132278e-05
batch2,33,593.0,1140.0,1.0468712,1.0468712,1.0468712,1.0468712,-5.508915322580484e-05,-5.68155220483645e-05
batch2,33,594.0,1140.0,1.0467578,1.0467578,1.0467578,1.0467578,-5.52052419354826e-05,-5.6913704125178637e-05
batch2,33,595.0,1140.0,1.0466202,1.0466202,1.0466202,1.0466785,-5.441975806452097e-05,-5.677912944523293e-05
batch2,33,596.0,1140.0,1.0466251,1.0466251,1.0466251,1.0466251,-5.5098548387091955e-05,-5.6851786628731366e-05
batch2,33,597.0,1140.0,1.0466785,1.0466785,1.0466785,1.0466202,-5.578294354837804e-05,-5.7041630156473956e-05
batch2,33,598.0,1140.0,1.046513,1.046513,1.046513,1.0465326,-5.637600806452514e-05,-5.718013086771034e-05
batch2,33,599.0,1140.0,1.046532,1.046532,1.046532,1.046532,-5.729951612903977e-05,-5.697141394025418e-05
batch2,33,600.0,1140.0,1.0464443,1.0464443,1.0464443,1.046513,-5.8275080645158595e-05,-5.696273399715599e-05
batch2,33,601.0,1140.0,1.0465326,1.0465326,1.0465326,1.0464443,-5.756407258063867e-05,-5.699264864865136e-05
batch2,33,602.0,1140.0,1.0464258,1.0464258,1.0464258,1.0464258,-5.846830645160713e-05,-5.7131553342818755e-05
batch2,33,603.0,1140.0,1.04628,1.04628,1.04628,1.04628,-5.7699516129036e-05,-5.706395448079603e-05
batch2,33,604.0,1140.0,1.0461869,1.0461869,1.0461869,1.0462338,-5.820834677419104e-05,-5.722140540540331e-05
batch2,33,605.0,1140.0,1.0462338,1.0462338,1.0462338,1.0462086,-5.88835483871024e-05,-5.72999857752494e-05
batch2,33,606.0,1140.0,1.0462086,1.0462086,1.0462086,1.0461869,-5.778120967741686e-05,-5.753565576102511e-05
batch2,33,607.0,1140.0,1.0460896,1.0460896,1.0460896,1.0460896,-5.8769879032261713e-05,-5.770304125177853e-05
batch2,33,608.0,1140.0,1.0458881,1.0458881,1.0458881,1.0460051,-5.872495967741738e-05,-5.7769854907537254e-05
batch2,33,609.0,1140.0,1.0459436,1.0459436,1.0459436,1.0459436,-5.8882096774192524e-05,-5.7989029871977243e-05
batch2,33,610.0,1140.0,1.0460051,1.0460051,1.0460051,1.0458881,-5.8114314516124366e-05,-5.828766998577405e-05
batch2,33,611.0,1140.0,1.04571,1.04571,1.04571,1.0457864,-5.9093669354838034e-05,-5.84584011379795e-05
batch2,33,612.0,1140.0,1.0457864,1.0457864,1.0457864,1.04571,-5.9557580645155525e-05,-5.8472438122334106e-05
batch2,33,613.0,1140.0,1.0456322,1.0456322,1.0456322,1.0456322,-5.9906451612896384e-05,-5.858718349928847e-05
batch2,33,614.0,1140.0,1.0456187,1.0456187,1.0456187,1.0456187,-5.9043467741933e-05,-5.8723590327171735e-05
batch2,33,615.0,1140.0,1.0455687,1.0455687,1.0455687,1.0455687,-5.871173387095839e-05,-5.878831009957413e-05
batch2,33,616.0,1140.0,1.0455546,1.0455546,1.0455546,1.0455546,-5.940665322580808e-05,-5.9081533428164106e-05
batch2,33,617.0,1140.0,1.0453721,1.0453721,1.0453721,1.0454087,-5.893012096773899e-05,-5.925777524893119e-05
batch2,33,618.0,1140.0,1.0453336,1.0453336,1.0453336,1.0453721,-5.841697580644293e-05,-5.958591180654328e-05
batch2,33,619.0,1140.0,1.0454087,1.0454087,1.0454087,1.0453501,-5.9358064516125545e-05,-5.993932859174969e-05
batch2,33,620.0,1140.0,1.0452248,1.0452248,1.0452248,1.0453336,-6.00582258064431e-05,-6.0087354196302926e-05
batch2,33,621.0,1140.0,1.0453501,1.0453501,1.0453501,1.0452248,-5.907096774194767e-05,-6.039310953058198e-05
batch2,33,622.0,1140.0,1.0450265,1.0450265,1.0450265,1.0451646,-5.875088709677221e-05,-6.075062304409559e-05
batch2,33,623.0,1140.0,1.0451238,1.0451238,1.0451238,1.0451238,-5.8725887096772014e-05,-6.0692930298721075e-05
batch2,33,624.0,1140.0,1.0450145,1.0450145,1.0450145,1.0450265,-5.99513709677496e-05,-6.098671408250435e-05
batch2,33,625.0,1140.0,1.0451646,1.0451646,1.0451646,1.0450145,-5.934237903225286e-05,-6.088692745376973e-05
batch2,33,626.0,1140.0,1.0449163,1.0449163,1.0449163,1.0449755,-5.833508064515286e-05,-6.106091322902005e-05
batch2,33,627.0,1140.0,1.0448827,1.0448827,1.0448827,1.0449163,-5.843830645161302e-05,-6.131895590326957e-05
batch2,33,628.0,1140.0,1.0447286,1.0447286,1.0447286,1.0448827,-5.902983870968147e-05,-6.152767283072559e-05
batch2,33,629.0,1140.0,1.0449755,1.0449755,1.0449755,1.0447649,-5.981125000000046e-05,-6.170251209103597e-05
batch2,33,630.0,1140.0,1.0447649,1.0447649,1.0447649,1.0447286,-6.036834677419447e-05,-6.20111379800868e-05
batch2,33,631.0,1140.0,1.0445709,1.0445709,1.0445709,1.0445709,-6.105616935483478e-05,-6.224695305832121e-05
batch2,33,632.0,1140.0,1.0445455,1.0445455,1.0445455,1.0445455,-6.119447580645482e-05,-6.238751351351456e-05
batch2,33,633.0,1140.0,1.044533,1.044533,1.044533,1.044533,-6.170326612903057e-05,-6.257928876244538e-05
batch2,33,634.0,1140.0,1.0443219,1.0443219,1.0443219,1.0444357,-6.210713709677598e-05,-6.262264295874935e-05
batch2,33,635.0,1140.0,1.0443305,1.0443305,1.0443305,1.0443305,-6.15662903225819e-05,-6.271461166429504e-05
batch2,33,636.0,1140.0,1.0444357,1.0444357,1.0444357,1.0443219,-6.195758064515714e-05,-6.29875135135124e-05
batch2,33,637.0,1140.0,1.0442324,1.0442324,1.0442324,1.0442324,-6.170419354838732e-05,-6.311344807966044e-05
batch2,33,638.0,1140.0,1.0441788,1.0441788,1.0441788,1.0441818,-6.375931451612775e-05,-6.311726031294274e-05
batch2,33,639.0,1140.0,1.0440596,1.0440596,1.0440596,1.0441788,-6.432249999999803e-05,-6.29332147937422e-05
batch2,33,640.0,1140.0,1.0441818,1.0441818,1.0441818,1.0440664,-6.606443548386826e-05,-6.304241536272933e-05
batch2,33,641.0,1140.0,1.0440646,1.0440646,1.0440646,1.0440646,-6.571564516129544e-05,-6.31392574679936e-05
batch2,33,642.0,1140.0,1.0440664,1.0440664,1.0440664,1.0440596,-6.597999999999538e-05,-6.32794708392618e-05
batch2,33,643.0,1140.0,1.0437946,1.0437946,1.0437946,1.0437949,-6.636447580645438e-05,-6.338041820768247e-05
batch2,33,644.0,1140.0,1.0437949,1.0437949,1.0437949,1.0437946,-6.753354838708885e-05,-6.342672546230382e-05
batch2,33,645.0,1140.0,1.0437239,1.0437239,1.0437239,1.0437239,-6.571552419355274e-05,-6.339048933143696e-05
batch2,33,646.0,1140.0,1.0436293,1.0436293,1.0436293,1.0436293,-6.594935483870085e-05,-6.356267994310324e-05
batch2,33,647.0,1140.0,1.0436059,1.0436059,1.0436059,1.0436094,-6.617092741935314e-05,-6.369775248933272e-05
batch2,33,648.0,1140.0,1.0436094,1.0436094,1.0436094,1.0436059,-6.566266129031256e-05,-6.374276244665585e-05
batch2,33,649.0,1140.0,1.0435503,1.0435503,1.0435503,1.0435503,-6.596306451612628e-05,-6.392285348506275e-05
batch2,33,650.0,1140.0,1.0435075,1.0435075,1.0435075,1.0435075,-6.752233870967651e-05,-6.412280512091005e-05
batch2,33,651.0,1140.0,1.0434228,1.0434228,1.0434228,1.0434228,-6.799560483870618e-05,-6.431089615931336e-05
batch2,33,652.0,1140.0,1.0432756,1.0432756,1.0432756,1.0432756,-6.818903225806832e-05,-6.447613655761076e-05
batch2,33,653.0,1140.0,1.0431008,1.0431008,1.0431008,1.0431153,-6.88787500000009e-05,-6.454827596017399e-05
batch2,33,654.0,1140.0,1.0431153,1.0431153,1.0431153,1.0431008,-6.858879032258671e-05,-6.457126315789374e-05
batch2,33,655.0,1140.0,1.0429031,1.0429031,1.0429031,1.0429636,-6.84556048386984e-05,-6.478901564722504e-05
batch2,33,656.0,1140.0,1.0429479,1.0429479,1.0429479,1.0429479,-6.667814516128997e-05,-6.496343100995564e-05
batch2,33,657.0,1140.0,1.0429636,1.0429636,1.0429636,1.0429031,-6.61896774193507e-05,-6.514565576102446e-05
batch2,33,658.0,1140.0,1.0428494,1.0428494,1.0428494,1.0428494,-6.562600806451515e-05,-6.527844381223674e-05
batch2,33,659.0,1140.0,1.0427485,1.0427485,1.0427485,1.042847,-6.595552419353848e-05,-6.526896159317538e-05
batch2,33,660.0,1140.0,1.042847,1.042847,1.042847,1.0427485,-6.501391129031911e-05,-6.568126031294216e-05
batch2,33,661.0,1140.0,1.0425905,1.0425905,1.0425905,1.0426745,-6.398125000000209e-05,-6.574657183499317e-05
batch2,33,662.0,1140.0,1.0426545,1.0426545,1.0426545,1.0426545,-6.459701612902152e-05,-6.591120910383753e-05
batch2,33,663.0,1140.0,1.0426745,1.0426745,1.0426745,1.0425905,-6.435362903226384e-05,-6.577829018491874e-05
batch2,33,664.0,1140.0,1.0424294,1.0424294,1.0424294,1.0424294,-6.371806451613235e-05,-6.599056899004228e-05
batch2,33,665.0,1140.0,1.0423062,1.0423062,1.0423062,1.0423422,-6.345520161289795e-05,-6.608600000000094e-05
batch2,33,666.0,1140.0,1.0423422,1.0423422,1.0423422,1.0423062,-6.292245967741925e-05,-6.625473684210242e-05
batch2,33,667.0,1140.0,1.0421437,1.0421437,1.0421437,1.0422044,-6.164766129032143e-05,-6.613815078236199e-05
batch2,33,668.0,1140.0,1.0421257,1.0421257,1.0421257,1.0421898,-6.122479838709445e-05,-6.618089900426785e-05
batch2,33,669.0,1140.0,1.0422044,1.0422044,1.0422044,1.042174,-6.201580645161712e-05,-6.639571266002732e-05
batch2,33,670.0,1140.0,1.042174,1.042174,1.042174,1.0421437,-6.25770967741985e-05,-6.659001137979924e-05
batch2,33,671.0,1140.0,1.0421898,1.0421898,1.0421898,1.0421257,-6.342834677418743e-05,-6.666477667140854e-05
batch2,33,672.0,1140.0,1.0419689,1.0419689,1.0419689,1.0419689,-6.460427419354021e-05,-6.684910099573385e-05
batch2,33,673.0,1140.0,1.0418397,1.0418397,1.0418397,1.0419126,-6.461907258064883e-05,-6.702870270270396e-05
batch2,33,674.0,1140.0,1.0418335,1.0418335,1.0418335,1.0418779,-6.509895161290244e-05,-6.702283926031383e-05
batch2,33,675.0,1140.0,1.0419126,1.0419126,1.0419126,1.0418397,-6.534947580645527e-05,-6.7177812233283e-05
batch2,33,676.0,1140.0,1.0418779,1.0418779,1.0418779,1.0418335,-6.459463709676239e-05,-6.738697581792384e-05
batch2,33,677.0,1140.0,1.0415832,1.0415832,1.0415832,1.0416138,-6.542213709677596e-05,-6.771730867709853e-05
batch2,33,678.0,1140.0,1.0416138,1.0416138,1.0416138,1.0415832,-6.533370967741874e-05,-6.763317780938666e-05
batch2,33,679.0,1140.0,1.0415421,1.0415421,1.0415421,1.0415421,-6.556931451611601e-05,-6.762506970127844e-05
batch2,33,680.0,1140.0,1.0414057,1.0414057,1.0414057,1.0414224,-6.585463709677126e-05,-6.764193456614669e-05
batch2,33,681.0,1140.0,1.041353,1.041353,1.041353,1.0414057,-6.688318548387338e-05,-6.800432432432652e-05
batch2,33,682.0,1140.0,1.0414224,1.0414224,1.0414224,1.041353,-6.812129032257915e-05,-6.823393741109433e-05
batch2,33,683.0,1140.0,1.0413052,1.0413052,1.0413052,1.0413052,-6.916290322580902e-05,-6.832574964438184e-05
batch2,33,684.0,1140.0,1.0411596,1.0411596,1.0411596,1.0411596,-7.024403225806644e-05,-6.856108961592939e-05
batch2,33,685.0,1140.0,1.0410527,1.0410527,1.0410527,1.0410936,-7.003375000000302e-05,-6.861771266002824e-05
batch2,33,686.0,1140.0,1.0410936,1.0410936,1.0410936,1.0410527,-7.044633064516959e-05,-6.874949075391232e-05
batch2,33,687.0,1140.0,1.0408715,1.0408715,1.0408715,1.0409083,-6.978403225806267e-05,-6.88916472261723e-05
batch2,33,688.0,1140.0,1.0409083,1.0409083,1.0409083,1.0408715,-6.990866935483108e-05,-6.908656614509028e-05
batch2,33,689.0,1140.0,1.0408162,1.0408162,1.0408162,1.0408262,-7.071193548387932e-05,-6.929417638691334e-05
batch2,33,690.0,1140.0,1.0408262,1.0408262,1.0408262,1.0408162,-7.117858870968589e-05,-6.938567283072659e-05
batch2,33,691.0,1140.0,1.0407592,1.0407592,1.0407592,1.0407592,-7.088447580644811e-05,-6.991961593171918e-05
batch2,33,692.0,1140.0,1.040632,1.040632,1.040632,1.040632,-7.041665322581258e-05,-7.01949871977228e-05
batch2,33,693.0,1140.0,1.0405846,1.0405846,1.0405846,1.0405846,-7.095221774193952e-05,-7.071994879089662e-05
batch2,33,694.0,1140.0,1.0403717,1.0403717,1.0403717,1.0404714,-7.05895564516151e-05,-7.087503271692749e-05
batch2,33,695.0,1140.0,1.0404714,1.0404714,1.0404714,1.0403717,-7.064427419355291e-05,-7.108402844949978e-05
batch2,33,696.0,1140.0,1.0403494,1.0403494,1.0403494,1.0403494,-7.109314516129373e-05,-7.124411948790955e-05
batch2,33,697.0,1140.0,1.0401459,1.0401459,1.0401459,1.0402437,-7.152580645161275e-05,-7.147693598862491e-05
batch2,33,698.0,1140.0,1.0402437,1.0402437,1.0402437,1.0401459,-7.143959677418899e-05,-7.153401991465193e-05
batch2,33,699.0,1140.0,1.0401297,1.0401297,1.0401297,1.0401297,-7.194713709676483e-05,-7.181810810810844e-05
batch2,33,700.0,1140.0,1.0401262,1.0401262,1.0401262,1.0401262,-7.164975806451652e-05,-7.208427880512135e-05
batch2,33,701.0,1140.0,1.0399171,1.0399171,1.0399171,1.0399275,-7.173866935483168e-05,-7.204718634423865e-05
batch2,33,702.0,1140.0,1.0399275,1.0399275,1.0399275,1.0399171,-7.170842741935478e-05,-7.252014509246077e-05
batch2,33,703.0,1140.0,1.0398822,1.0398822,1.0398822,1.0398822,-7.334270161289126e-05,-7.283357894737031e-05
batch2,33,704.0,1140.0,1.0397687,1.0397687,1.0397687,1.0397687,-7.391229838709585e-05,-7.307728876244678e-05
batch2,33,705.0,1140.0,1.0396929,1.0396929,1.0396929,1.0396929,-7.375879032257662e-05,-7.350591465149301e-05
batch2,33,706.0,1140.0,1.0395916,1.0395916,1.0395916,1.0395916,-7.373403225806739e-05,-7.402955334281748e-05
batch2,33,707.0,1140.0,1.0395026,1.0395026,1.0395026,1.0395026,-7.286370967741957e-05,-7.425371550497993e-05
batch2,33,708.0,1140.0,1.0394927,1.0394927,1.0394927,1.0394927,-7.31983064516031e-05,-7.449659459459376e-05
batch2,33,709.0,1140.0,1.0394692,1.0394692,1.0394692,1.0394692,-7.346290322579598e-05,-7.472332290184865e-05
batch2,33,710.0,1140.0,1.0393337,1.0393337,1.0393337,1.0393337,-7.505737903225152e-05,-7.485727738264912e-05
batch2,33,711.0,1140.0,1.0392668,1.0392668,1.0392668,1.0392668,-7.551729838710603e-05,-7.537808250355594e-05
batch2,33,712.0,1140.0,1.0391831,1.0391831,1.0391831,1.0391831,-7.507334677418813e-05,-7.5416617354196e-05
batch2,33,713.0,1140.0,1.0390502,1.0390502,1.0390502,1.0390502,-7.73420564516176e-05,-7.55862987197728e-05
batch2,33,714.0,1140.0,1.0389189,1.0389189,1.0389189,1.0390482,-7.748975806452156e-05,-7.560853200569122e-05
batch2,33,715.0,1140.0,1.0390482,1.0390482,1.0390482,1.0389576,-7.83780645161319e-05,-7.580527453769223e-05
batch2,33,716.0,1140.0,1.0389576,1.0389576,1.0389576,1.0389189,-7.730346774194507e-05,-7.590532290184986e-05
batch2,33,717.0,1140.0,1.038794,1.038794,1.038794,1.038794,-7.789471774194035e-05,-7.608347368421088e-05
batch2,33,718.0,1140.0,1.0386024,1.0386024,1.0386024,1.038651,-7.737552419356064e-05,-7.644874822190491e-05
batch2,33,719.0,1140.0,1.0385879,1.0385879,1.0385879,1.0386024,-7.686850806451592e-05,-7.665498435277635e-05
batch2,33,720.0,1140.0,1.038651,1.038651,1.038651,1.0385879,-7.660096774193985e-05,-7.68810981507824e-05
batch2,33,721.0,1140.0,1.0384747,1.0384747,1.0384747,1.0385292,-7.648241935483793e-05,-7.697677951635837e-05
batch2,33,722.0,1140.0,1.0385292,1.0385292,1.0385292,1.0384747,-7.722612903225586e-05,-7.741369559032658e-05
batch2,33,723.0,1140.0,1.038317,1.038317,1.038317,1.038317,-7.68455645161323e-05,-7.772117496444001e-05
batch2,33,724.0,1140.0,1.0382248,1.0382248,1.0382248,1.0382248,-7.792467741935762e-05,-7.806778947368518e-05
batch2,33,725.0,1140.0,1.0380747,1.0380747,1.0380747,1.0381178,-7.733427419355255e-05,-7.847654054054134e-05
batch2,33,726.0,1140.0,1.0380028,1.0380028,1.0380028,1.0380747,-7.732209677419324e-05,-7.875749359886057e-05
batch2,33,727.0,1140.0,1.0381178,1.0381178,1.0381178,1.0380028,-7.74854435483847e-05,-7.911686201991422e-05
batch2,33,728.0,1140.0,1.0377376,1.0377376,1.0377376,1.0378249,-7.850354838709302e-05,-7.943322048364323e-05
batch2,33,729.0,1140.0,1.0378234,1.0378234,1.0378234,1.0378234,-7.900681451612277e-05,-7.989759601707052e-05
batch2,33,730.0,1140.0,1.0376612,1.0376612,1.0376612,1.0377376,-8.021495967741713e-05,-8.02676017069711e-05
batch2,33,731.0,1140.0,1.0378249,1.0378249,1.0378249,1.0376612,-8.054850806451621e-05,-8.056044381223277e-05
batch2,33,732.0,1140.0,1.0376191,1.0376191,1.0376191,1.0376384,-7.942907258063863e-05,-8.10089559032714e-05
batch2,33,733.0,1140.0,1.0376384,1.0376384,1.0376384,1.0376191,-8.069129032258226e-05,-8.116804551920378e-05
batch2,33,734.0,1140.0,1.0375321,1.0375321,1.0375321,1.0375321,-8.023911290322239e-05,-8.132686201991831e-05
batch2,33,735.0,1140.0,1.0374569,1.0374569,1.0374569,1.0374569,-8.113512096773415e-05,-8.186704694168067e-05
batch2,33,736.0,1140.0,1.037359,1.037359,1.037359,1.037359,-8.050544354838338e-05,-8.200190611664368e-05
batch2,33,737.0,1140.0,1.0371689,1.0371689,1.0371689,1.0372882,-8.010274193548192e-05,-8.214988051208808e-05
batch2,33,738.0,1140.0,1.0372882,1.0372882,1.0372882,1.0371689,-7.89187096774072e-05,-8.244116358463879e-05
batch2,33,739.0,1140.0,1.0369098,1.0369098,1.0369098,1.0370387,-7.900479838710478e-05,-8.280267140825466e-05
batch2,33,740.0,1140.0,1.0370387,1.0370387,1.0370387,1.0369256,-7.984866935483134e-05,-8.301062304409594e-05
batch2,33,741.0,1140.0,1.0369256,1.0369256,1.0369256,1.0369098,-8.032370967741693e-05,-8.310828449501859e-05
batch2,33,742.0,1140.0,1.0368074,1.0368074,1.0368074,1.0368074,-8.177576612902908e-05,-8.355392034139414e-05
batch2,33,743.0,1140.0,1.0365914,1.0365914,1.0365914,1.0366455,-8.095834677419563e-05,-8.393582645804062e-05
batch2,33,744.0,1140.0,1.0366455,1.0366455,1.0366455,1.0365914,-8.355447580644603e-05,-8.41836870554782e-05
batch2,33,745.0,1140.0,1.0365087,1.0365087,1.0365087,1.036512,-8.41439516129029e-05,-8.448267140824823e-05
batch2,33,746.0,1140.0,1.0363547,1.0363547,1.0363547,1.0365087,-8.617870967742342e-05,-8.460224751066901e-05
batch2,33,747.0,1140.0,1.036512,1.036512,1.036512,1.0364399,-8.60703629032287e-05,-8.491616216216256e-05
batch2,33,748.0,1140.0,1.0361297,1.0361297,1.0361297,1.0363547,-8.661875000000431e-05,-8.515902987197579e-05
batch2,33,749.0,1140.0,1.0364399,1.0364399,1.0364399,1.0361297,-8.68271774193616e-05,-8.533319772403839e-05
batch2,33,750.0,1140.0,1.0360883,1.0360883,1.0360883,1.0361066,-8.738608870968468e-05,-8.555081365576161e-05
batch2,33,751.0,1140.0,1.0361066,1.0361066,1.0361066,1.0360883,-8.87272983871026e-05,-8.593227596017122e-05
batch2,33,752.0,1140.0,1.0360875,1.0360875,1.0360875,1.0360875,-8.919310483871552e-05,-8.621577240398374e-05
batch2,33,753.0,1140.0,1.0359994,1.0359994,1.0359994,1.0359994,-9.000370967742537e-05,-8.651411379800798e-05
batch2,33,754.0,1140.0,1.0358471,1.0358471,1.0358471,1.0358471,-8.953137096774748e-05,-8.681321479374179e-05
batch2,33,755.0,1140.0,1.0356555,1.0356555,1.0356555,1.0357053,-9.026592741936092e-05,-8.717016216216345e-05
batch2,33,756.0,1140.0,1.0357053,1.0357053,1.0357053,1.0356555,-8.93902419354918e-05,-8.76937467994335e-05
batch2,33,757.0,1140.0,1.0354625,1.0354625,1.0354625,1.0355457,-9.007108870966784e-05,-8.827262019914687e-05
batch2,33,758.0,1140.0,1.0355457,1.0355457,1.0355457,1.0354625,-8.962947580644948e-05,-8.865710099573343e-05
batch2,33,759.0,1140.0,1.0352154,1.0352154,1.0352154,1.0352875,-8.987741935483731e-05,-8.911422475106498e-05
batch2,33,760.0,1140.0,1.0352875,1.0352875,1.0352875,1.0352154,-9.056100806450828e-05,-8.945940540540475e-05
batch2,33,761.0,1140.0,1.0350525,1.0350525,1.0350525,1.0350583,-9.112157258064381e-05,-8.98714423897587e-05
batch2,33,762.0,1140.0,1.0350583,1.0350583,1.0350583,1.0350525,-9.176330645161977e-05,-9.026874822190468e-05
batch2,33,763.0,1140.0,1.0349848,1.0349848,1.0349848,1.0349848,-9.043693548387992e-05,-9.087527169274312e-05
batch2,33,764.0,1140.0,1.0348448,1.0348448,1.0348448,1.0348448,-9.275875000000211e-05,-9.124123186344057e-05
batch2,33,765.0,1140.0,1.034714,1.034714,1.034714,1.034714,-9.2174072580644e-05,-9.152302702702634e-05
batch2,33,766.0,1140.0,1.034477,1.034477,1.034477,1.0345275,-9.224435483871209e-05,-9.224560170697366e-05
batch2,33,767.0,1140.0,1.0345275,1.0345275,1.0345275,1.0344845,-9.186298387096031e-05,-9.271982645803816e-05
batch2,33,768.0,1140.0,1.0344845,1.0344845,1.0344845,1.034477,-9.03861290322653e-05,-9.319749928876271e-05
batch2,33,769.0,1140.0,1.0343904,1.0343904,1.0343904,1.0344013,-9.033096774192967e-05,-9.347517780938954e-05
batch2,33,770.0,1140.0,1.0344013,1.0344013,1.0344013,1.0343904,-8.984399193547733e-05,-9.394085633001634e-05
batch2,33,771.0,1140.0,1.0343628,1.0343628,1.0343628,1.0343628,-8.96649193548385e-05,-9.42092375533456e-05
batch2,33,772.0,1140.0,1.0340477,1.0340477,1.0340477,1.0341675,-8.883362903225307e-05,-9.455804836415416e-05
batch2,33,773.0,1140.0,1.0341675,1.0341675,1.0341675,1.0341079,-8.955999999999786e-05,-9.484015647226382e-05
batch2,33,774.0,1140.0,1.0341079,1.0341079,1.0341079,1.0340477,-8.827669354838327e-05,-9.523304978663053e-05
batch2,33,775.0,1140.0,1.0338126,1.0338126,1.0338126,1.0338126,-8.987645161289757e-05,-9.579166998577243e-05
batch2,33,776.0,1140.0,1.03379,1.03379,1.03379,1.03379,-9.039487903225995e-05,-9.600128876244632e-05
batch2,33,777.0,1140.0,1.0337596,1.0337596,1.0337596,1.0337596,-9.162274193548685e-05,-9.664412802275997e-05
batch2,33,778.0,1140.0,1.0337442,1.0337442,1.0337442,1.0337442,-9.25094758064565e-05,-9.69205604551883e-05
batch2,33,779.0,1140.0,1.0333643,1.0333643,1.0333643,1.033389,-9.39598790322558e-05,-9.73383328591757e-05
batch2,33,780.0,1140.0,1.0333296,1.0333296,1.0333296,1.0333643,-9.542625000001062e-05,-9.78010241820787e-05
batch2,33,781.0,1140.0,1.033389,1.033389,1.033389,1.0333296,-9.694834677419307e-05,-9.828483072546029e-05
batch2,33,782.0,1140.0,1.0332642,1.0332642,1.0332642,1.0332762,-9.959072580644897e-05,-9.875039544807952e-05
batch2,33,783.0,1140.0,1.0332762,1.0332762,1.0332762,1.0332642,-0.00010094197580644383,-9.922502702702577e-05
batch2,33,784.0,1140.0,1.0329477,1.0329477,1.0329477,1.0329781,-0.00010181891129032247,-9.987272261735328e-05
batch2,33,785.0,1140.0,1.0329781,1.0329781,1.0329781,1.0329477,-0.00010346282258064232,-0.00010026295590327283
batch2,33,786.0,1140.0,1.0329403,1.0329403,1.0329403,1.0329403,-0.00010305661290322619,-0.00010092463157894401
batch2,33,787.0,1140.0,1.032814,1.032814,1.032814,1.032814,-0.00010299076612903521,-0.0001012242133712682
batch2,33,788.0,1140.0,1.0326227,1.0326227,1.0326227,1.0326769,-0.00010497217741935096,-0.00010161980369843841
batch2,33,789.0,1140.0,1.0326769,1.0326769,1.0326769,1.0326227,-0.00010514302419354927,-0.00010209945945945732
batch2,33,790.0,1140.0,1.0323613,1.0323613,1.0323613,1.0323613,-0.00010452407258064228,-0.00010250402560455237
batch2,33,791.0,1140.0,1.0322729,1.0322729,1.0322729,1.0322729,-0.00010548322580644667,-0.00010286788051209392
batch2,33,792.0,1140.0,1.0322053,1.0322053,1.0322053,1.0322053,-0.0001063023387096723,-0.00010332666002844807
batch2,33,793.0,1140.0,1.0320657,1.0320657,1.0320657,1.0320657,-0.00010615334677419303,-0.00010375354196301592
batch2,33,794.0,1140.0,1.0318514,1.0318514,1.0318514,1.0318514,-0.00010576487903225623,-0.00010391446941678372
batch2,33,795.0,1140.0,1.0317892,1.0317892,1.0317892,1.0317892,-0.00010678693548388054,-0.00010433314082503588
batch2,33,796.0,1140.0,1.0317158,1.0317158,1.0317158,1.0317158,-0.00010799943548387277,-0.0001048234907539126
batch2,33,797.0,1140.0,1.0315835,1.0315835,1.0315835,1.0315835,-0.00010848883064516042,-0.00010539001422475078
batch2,33,798.0,1140.0,1.0315502,1.0315502,1.0315502,1.0315502,-0.0001083149596774095,-0.0001058617980085327
batch2,33,799.0,1140.0,1.031476,1.031476,1.031476,1.031476,-0.00010807145161290399,-0.00010643592318634368
batch2,33,800.0,1140.0,1.031249,1.031249,1.031249,1.0313669,-0.00010839213709677586,-0.0001070957467994311
batch2,33,801.0,1140.0,1.0313669,1.0313669,1.0313669,1.031249,-0.00010853463709677373,-0.00010758126315789534
batch2,33,802.0,1140.0,1.0311494,1.0311494,1.0311494,1.0311494,-0.00010827108870967401,-0.00010795809957325327
batch2,33,803.0,1140.0,1.0309328,1.0309328,1.0309328,1.0309328,-0.00010739524193548759,-0.0001084236529160716
batch2,33,804.0,1140.0,1.0308967,1.0308967,1.0308967,1.0308967,-0.00010779439516128273,-0.00010918097297297361
batch2,33,805.0,1140.0,1.0308728,1.0308728,1.0308728,1.0308728,-0.00010688625000000253,-0.00010979778378378547
batch2,33,806.0,1140.0,1.0307112,1.0307112,1.0307112,1.0307112,-0.00010783133064517113,-0.00011029290184921887
batch2,33,807.0,1140.0,1.0305517,1.0305517,1.0305517,1.0305517,-0.00010867665322580589,-0.000110827416785206
batch2,33,808.0,1140.0,1.0305283,1.0305283,1.0305283,1.0305283,-0.00010900838709677945,-0.00011125561024182289
batch2,33,809.0,1140.0,1.0303689,1.0303689,1.0303689,1.0303689,-0.00010989971774193776,-0.00011176662019914658
batch2,33,810.0,1140.0,1.0303159,1.0303159,1.0303159,1.0303159,-0.00011041907258064466,-0.00011240093883357144
batch2,33,811.0,1140.0,1.0301182,1.0301182,1.0301182,1.0301182,-0.00011185697580644964,-0.00011282781507823565
batch2,33,812.0,1140.0,1.0299603,1.0299603,1.0299603,1.0299745,-0.00011309495967741734,-0.00011320479374110956
batch2,33,813.0,1140.0,1.0299745,1.0299745,1.0299745,1.0299603,-0.00011427983870968633,-0.00011395658605974661
batch2,33,814.0,1140.0,1.0297539,1.0297539,1.0297539,1.0297762,-0.0001151723387096842,-0.00011464371550497965
batch2,33,815.0,1140.0,1.0297762,1.0297762,1.0297762,1.0297539,-0.00011501689516129855,-0.00011504031863442705
batch2,33,816.0,1140.0,1.0295618,1.0295618,1.0295618,1.0295618,-0.00011495604838709818,-0.00011547349928876262
batch2,33,817.0,1140.0,1.0294415,1.0294415,1.0294415,1.0294442,-0.00011405455645162211,-0.00011617353058321755
batch2,33,818.0,1140.0,1.0294442,1.0294442,1.0294442,1.0294415,-0.00011529608870967448,-0.0001168588990042661
batch2,33,819.0,1140.0,1.0292128,1.0292128,1.0292128,1.0292128,-0.00011614681451612341,-0.00011748125462304679
batch2,33,820.0,1140.0,1.0291438,1.0291438,1.0291438,1.0291438,-0.00011700451612903023,-0.00011834308961593233
batch2,33,821.0,1140.0,1.0289385,1.0289385,1.0289385,1.0289385,-0.00011699524193549154,-0.00011877745661450851
batch2,33,822.0,1140.0,1.0288211,1.0288211,1.0288211,1.0288211,-0.00011836145161290564,-0.00011947285064011389
batch2,33,823.0,1140.0,1.028748,1.028748,1.028748,1.028748,-0.00011909733870967938,-0.00012026131436699978
batch2,33,824.0,1140.0,1.0285739,1.0285739,1.0285739,1.0286312,-0.00011834612903225177,-0.0001207461735419613
batch2,33,825.0,1140.0,1.0286312,1.0286312,1.0286312,1.0285739,-0.00011817020161290502,-0.00012143663157894751
batch2,33,826.0,1140.0,1.028331,1.028331,1.028331,1.028331,-0.00011839391129032424,-0.00012208549359886135
batch2,33,827.0,1140.0,1.0282118,1.0282118,1.0282118,1.0282118,-0.00011917608870967072,-0.0001226061735419606
batch2,33,828.0,1140.0,1.0281281,1.0281281,1.0281281,1.0281281,-0.00011984342741934503,-0.0001234022219061165
batch2,33,829.0,1140.0,1.0279816,1.0279816,1.0279816,1.0279961,-0.00011993616935484239,-0.00012418886201991236
batch2,33,830.0,1140.0,1.0279961,1.0279961,1.0279961,1.0279906,-0.00012072451612903164,-0.00012508724608819286
batch2,33,831.0,1140.0,1.0279906,1.0279906,1.0279906,1.0279816,-0.00012148044354837745,-0.00012580232716927106
batch2,33,832.0,1140.0,1.0277866,1.0277866,1.0277866,1.0277866,-0.00012216681451612238,-0.00012673340540540672
batch2,33,833.0,1140.0,1.0274256,1.0274256,1.0274256,1.027473,-0.00012300653225805552,-0.00012755478520625827
batch2,33,834.0,1140.0,1.027473,1.027473,1.027473,1.0274256,-0.00012302911290323532,-0.0001283983755334288
batch2,33,835.0,1140.0,1.0272797,1.0272797,1.0272797,1.0272797,-0.0001246809677419283,-0.00012923102987197544
batch2,33,836.0,1140.0,1.0272074,1.0272074,1.0272074,1.0272074,-0.0001260597177419346,-0.00013006351351351256
batch2,33,837.0,1140.0,1.026908,1.026908,1.026908,1.0269581,-0.0001266871774193473,-0.00013102584921763908
batch2,33,838.0,1140.0,1.0269288,1.0269288,1.0269288,1.0269288,-0.00012806391129032506,-0.00013210825604552138
batch2,33,839.0,1140.0,1.0269581,1.0269581,1.0269581,1.026908,-0.00012894745967742644,-0.00013287579231863607
batch2,33,840.0,1140.0,1.026795,1.026795,1.026795,1.026795,-0.00013045895161290674,-0.0001337080568990051
batch2,33,841.0,1140.0,1.0265472,1.0265472,1.0265472,1.0265472,-0.00013143302419353864,-0.000134718634423897
batch2,33,842.0,1140.0,1.0264145,1.0264145,1.0264145,1.0264145,-0.00013469979838711231,-0.000135689590327171
batch2,33,843.0,1140.0,1.026355,1.026355,1.026355,1.026355,-0.0001361274193548359,-0.00013662788904693875
batch2,33,844.0,1140.0,1.0261945,1.0261945,1.0261945,1.0261945,-0.00013741233870967799,-0.0001376542702702736
batch2,33,845.0,1140.0,1.0260628,1.0260628,1.0260628,1.0260628,-0.00014016653225806667,-0.00013861170697012512
batch2,33,846.0,1140.0,1.0257983,1.0257983,1.0257983,1.0257983,-0.00014062580645161243,-0.00013957998008534773
batch2,33,847.0,1140.0,1.0257733,1.0257733,1.0257733,1.0257733,-0.00014130129032258117,-0.00014051616216215895
batch2,33,848.0,1140.0,1.0256237,1.0256237,1.0256237,1.0256237,-0.00014155560483870968,-0.00014144419345661524
batch2,33,849.0,1140.0,1.0255014,1.0255014,1.0255014,1.0255014,-0.0001434757661290378,-0.00014235684779516394
batch2,33,850.0,1140.0,1.025216,1.025216,1.025216,1.025216,-0.00014455903225806454,-0.0001433514281650054
batch2,33,851.0,1140.0,1.0250683,1.0250683,1.0250683,1.0251398,-0.00014601624999999575,-0.00014429433001422642
batch2,33,852.0,1140.0,1.0251398,1.0251398,1.0251398,1.0250683,-0.00014791895161290447,-0.00014552780938833297
batch2,33,853.0,1140.0,1.0248879,1.0248879,1.0248879,1.0248879,-0.0001495380241935405,-0.0001465027226173544
batch2,33,854.0,1140.0,1.0247852,1.0247852,1.0247852,1.0247852,-0.00015074959677419177,-0.00014759209957325675
batch2,33,855.0,1140.0,1.0246029,1.0246029,1.0246029,1.0246029,-0.0001504712096774167,-0.0001487672631578953
batch2,33,856.0,1140.0,1.0243659,1.0243659,1.0243659,1.0243659,-0.0001505895161290245,-0.00014980292460881644
batch2,33,857.0,1140.0,1.0240227,1.0240227,1.0240227,1.0241667,-0.00015109991935483933,-0.00015091347652915993
batch2,33,858.0,1140.0,1.0241667,1.0241667,1.0241667,1.0240227,-0.00015198770161289348,-0.00015202633854907786
batch2,33,859.0,1140.0,1.0240099,1.0240099,1.0240099,1.0240099,-0.0001532677419354844,-0.0001533072517780937
batch2,33,860.0,1140.0,1.0236487,1.0236487,1.0236487,1.0237238,-0.0001545233870967692,-0.00015457146230441073
batch2,33,861.0,1140.0,1.0237238,1.0237238,1.0237238,1.0236487,-0.00015520330645161923,-0.00015584797155049788
batch2,33,862.0,1140.0,1.0234091,1.0234091,1.0234091,1.0234091,-0.00015631254032258244,-0.0001572971635846408
batch2,33,863.0,1140.0,1.0233909,1.0233909,1.0233909,1.0233909,-0.0001570082258064581,-0.00015842563584637063
batch2,33,864.0,1140.0,1.0232075,1.0232075,1.0232075,1.0232075,-0.000157885443548382,-0.00015969978947368406
batch2,33,865.0,1140.0,1.0230141,1.0230141,1.0230141,1.0230141,-0.00015889100806452461,-0.00016110303556187916
batch2,33,866.0,1140.0,1.0228612,1.0228612,1.0228612,1.0228612,-0.00016090806451612963,-0.00016235125746799463
batch2,33,867.0,1140.0,1.0225701,1.0225701,1.0225701,1.0226272,-0.0001621998790322633,-0.00016349450640113812
batch2,33,868.0,1140.0,1.0226272,1.0226272,1.0226272,1.0225701,-0.00016267681451612127,-0.00016466357041251893
batch2,33,869.0,1140.0,1.022387,1.022387,1.022387,1.022387,-0.00016323741935483717,-0.00016569920056898828
batch2,33,870.0,1140.0,1.0222993,1.0222993,1.0222993,1.0222993,-0.0001637710483870943,-0.00016676039260313163
batch2,33,871.0,1140.0,1.0220971,1.0220971,1.0220971,1.0220971,-0.00016383032258063636,-0.00016815153911806395
batch2,33,872.0,1140.0,1.0219834,1.0219834,1.0219834,1.0219834,-0.00016459854838709323,-0.00016952991749643982
batch2,33,873.0,1140.0,1.0217583,1.0217583,1.0217583,1.0217583,-0.00016708374999999462,-0.00017096693883356977
batch2,33,874.0,1140.0,1.0214465,1.0214465,1.0214465,1.0214465,-0.00016873096774193337,-0.0001723715618776606
batch2,33,875.0,1140.0,1.0212945,1.0212945,1.0212945,1.0212945,-0.00016965786290321823,-0.0001740158065433872
batch2,33,876.0,1140.0,1.0212035,1.0212035,1.0212035,1.0212035,-0.00017190520161290302,-0.0001754361564722611
batch2,33,877.0,1140.0,1.0210907,1.0210907,1.0210907,1.0210907,-0.00017314330645161517,-0.0001769474139402544
batch2,33,878.0,1140.0,1.0208719,1.0208719,1.0208719,1.0208719,-0.00017524495967741823,-0.00017840790611664165
batch2,33,879.0,1140.0,1.0206747,1.0206747,1.0206747,1.0206747,-0.00017616076612903068,-0.00018001111806543337
batch2,33,880.0,1140.0,1.020454,1.020454,1.020454,1.020454,-0.00017748395161289898,-0.00018145188051209198
batch2,33,881.0,1140.0,1.0202547,1.0202547,1.0202547,1.0202547,-0.00017939064516129415,-0.0001830824551920333
batch2,33,882.0,1140.0,1.0202014,1.0202014,1.0202014,1.0202014,-0.00018108641129032624,-0.0001846857268847792
batch2,33,883.0,1140.0,1.0199354,1.0199354,1.0199354,1.0199354,-0.0001839052419354743,-0.00018632182930298483
batch2,33,884.0,1140.0,1.0198433,1.0198433,1.0198433,1.0198433,-0.00018594048387096478,-0.0001880397638691283
batch2,33,885.0,1140.0,1.019621,1.019621,1.019621,1.019621,-0.00018758846774193647,-0.0001897571095305864
batch2,33,886.0,1140.0,1.0195496,1.0195496,1.0195496,1.0195496,-0.00018841270161289742,-0.00019152427596017267
batch2,33,887.0,1140.0,1.0193483,1.0193483,1.0193483,1.0193483,-0.00019013012096774396,-0.00019325586628734086
batch2,33,888.0,1140.0,1.019096,1.019096,1.019096,1.019096,-0.00019074286290322138,-0.00019514526600284568
batch2,33,889.0,1140.0,1.0187525,1.0187525,1.0187525,1.0187525,-0.00019087701612903216,-0.0001969924466571837
batch2,33,890.0,1140.0,1.0186779,1.0186779,1.0186779,1.0186779,-0.0001928920967741955,-0.00019872539118065386
batch2,33,891.0,1140.0,1.0184894,1.0184894,1.0184894,1.0184894,-0.00019475870967742564,-0.0002007133058321452
batch2,33,892.0,1140.0,1.0182322,1.0182322,1.0182322,1.0182322,-0.00019577572580644717,-0.00020262397155049812
batch2,33,893.0,1140.0,1.018059,1.018059,1.018059,1.018059,-0.00019682379032258163,-0.00020467699573257546
batch2,33,894.0,1140.0,1.0179178,1.0179178,1.0179178,1.0179178,-0.0001990734274193519,-0.000206906039829305
batch2,33,895.0,1140.0,1.0176812,1.0176812,1.0176812,1.0176812,-0.00020130693548387648,-0.00020960022759601926
batch2,33,896.0,1140.0,1.0174226,1.0174226,1.0174226,1.0174226,-0.00020390318548387388,-0.000211691604551924
batch2,33,897.0,1140.0,1.0172478,1.0172478,1.0172478,1.0172478,-0.00020689528225806495,-0.0002140467425320074
batch2,33,898.0,1140.0,1.0169984,1.0169984,1.0169984,1.0169984,-0.00020863294354838818,-0.00021656264864865018
batch2,33,899.0,1140.0,1.0166956,1.0166956,1.0166956,1.0166956,-0.00021233641129031995,-0.00021902144238975638
batch2,33,900.0,1140.0,1.0166204,1.0166204,1.0166204,1.0166204,-0.00021487306451612373,-0.0002217450497866322
batch2,33,901.0,1140.0,1.0164657,1.0164657,1.0164657,1.0164657,-0.00021764185483870983,-0.00022439102418207588
batch2,33,902.0,1140.0,1.0161448,1.0161448,1.0161448,1.0161448,-0.000218619556451612,-0.0002270093143669981
batch2,33,903.0,1140.0,1.0160519,1.0160519,1.0160519,1.0160519,-0.00022111096774194092,-0.00022968683641536218
batch2,33,904.0,1140.0,1.0159757,1.0159757,1.0159757,1.0159757,-0.00022352455645161247,-0.0002326262958748186
batch2,33,905.0,1140.0,1.0156118,1.0156118,1.0156118,1.0156118,-0.0002270031048387033,-0.00023560577524893336
batch2,33,906.0,1140.0,1.0154095,1.0154095,1.0154095,1.0154095,-0.00022931887096773438,-0.00023848443243243382
batch2,33,907.0,1140.0,1.0152547,1.0152547,1.0152547,1.0152547,-0.000232161774193539,-0.00024163072546230693
batch2,33,908.0,1140.0,1.0149733,1.0149733,1.0149733,1.0149733,-0.00023547697580644805,-0.0002447156415362727
batch2,33,909.0,1140.0,1.0146002,1.0146002,1.0146002,1.0146002,-0.00023841209677419016,-0.0002478032375533404
batch2,33,910.0,1140.0,1.0143951,1.0143951,1.0143951,1.0143951,-0.00024085181451613443,-0.0002509697240398269
batch2,33,911.0,1140.0,1.0141519,1.0141519,1.0141519,1.0141519,-0.00024306653225805803,-0.00025422607112375286
batch2,33,912.0,1140.0,1.0138789,1.0138789,1.0138789,1.0138789,-0.0002461677419354923,-0.00025777155618776615
batch2,33,913.0,1140.0,1.0137181,1.0137181,1.0137181,1.0137181,-0.00024975580645161864,-0.00026125951920341145
batch2,33,914.0,1140.0,1.0132446,1.0132446,1.0132446,1.0132446,-0.0002532644354838703,-0.00026482771266002683
batch2,33,915.0,1140.0,1.0130897,1.0130897,1.0130897,1.0130897,-0.00025783254032258365,-0.0002684127681365569
batch2,33,916.0,1140.0,1.0128382,1.0128382,1.0128382,1.0128382,-0.00026184959677419243,-0.0002721973738264554
batch2,33,917.0,1140.0,1.0127583,1.0127583,1.0127583,1.0127583,-0.00026673822580645994,-0.0002760923046941647
batch2,33,918.0,1140.0,1.01227,1.01227,1.01227,1.01227,-0.0002703430645161268,-0.00027996580369843383
batch2,33,919.0,1140.0,1.0120801,1.0120801,1.0120801,1.0120801,-0.0002744551209677428,-0.0002841200495021303
batch2,33,920.0,1140.0,1.0118027,1.0118027,1.0118027,1.0118027,-0.000276990967741952,-0.0002882429937411079
batch2,33,921.0,1140.0,1.0116112,1.0116112,1.0116112,1.0116112,-0.0002811820967741845,-0.00029231762759601606
batch2,33,922.0,1140.0,1.011254,1.011254,1.011254,1.011254,-0.0002854617741935416,-0.000296286396870554
batch2,33,923.0,1140.0,1.0109679,1.0109679,1.0109679,1.0109679,-0.0002893354032257979,-0.00030051749331436574
batch2,33,924.0,1140.0,1.0107312,1.0107312,1.0107312,1.0107312,-0.00029285213709677455,-0.00030465385945946296
batch2,33,925.0,1140.0,1.0104752,1.0104752,1.0104752,1.0104752,-0.0002970635483870945,-0.00030890571379801093
batch2,33,926.0,1140.0,1.0102686,1.0102686,1.0102686,1.0102686,-0.0003023422983871049,-0.0003132545012802264
batch2,33,927.0,1140.0,1.0099037,1.0099037,1.0099037,1.0099037,-0.00030672266129031905,-0.00031783402930298665
batch2,33,928.0,1140.0,1.0095084,1.0095084,1.0095084,1.0095084,-0.0003117473387096763,-0.0003223910921763869
batch2,33,929.0,1140.0,1.0092716,1.0092716,1.0092716,1.0092716,-0.00031697528225806273,-0.00032711385547652753
batch2,33,930.0,1140.0,1.0089043,1.0089043,1.0089043,1.0089043,-0.0003233853629032225,-0.0003319175041251772
batch2,33,931.0,1140.0,1.0085562,1.0085562,1.0085562,1.0085562,-0.00032867024193547966,-0.0003364417223328567
batch2,33,932.0,1140.0,1.0080395,1.0080395,1.0080395,1.0080395,-0.0003343968145161295,-0.00034118408563299865
batch2,33,933.0,1140.0,1.0080323,1.0080323,1.0080323,1.0080323,-0.00033879862903225415,-0.0003460901459459498
batch2,33,934.0,1140.0,1.0075067,1.0075067,1.0075067,1.0075067,-0.00034502181451613584,-0.00035110393911806664
batch2,33,935.0,1140.0,1.0072789,1.0072789,1.0072789,1.0072789,-0.00035017225806451474,-0.000355992426173545
batch2,33,936.0,1140.0,1.0068136,1.0068136,1.0068136,1.0068136,-0.0003559595161290322,-0.0003609295405405392
batch2,33,937.0,1140.0,1.0064282,1.0064282,1.0064282,1.0064282,-0.00036130221774193703,-0.0003660709001422474
batch2,33,938.0,1140.0,1.0060617,1.0060617,1.0060617,1.0060617,-0.0003676118346774215,-0.00037112565177809366
batch2,33,939.0,1140.0,1.005808,1.005808,1.005808,1.005808,-0.0003740341249999914,-0.0003762319758179244
batch2,33,940.0,1140.0,1.0054801,1.0054801,1.0054801,1.0054801,-0.0003793182016129055,-0.00038144016045519203
batch2,33,941.0,1140.0,1.0049144,1.0049144,1.0049144,1.0049144,-0.0003854389758064553,-0.0003864792975817932
batch2,33,942.0,1140.0,1.0046903,1.0046903,1.0046903,1.0046903,-0.0003911093024193511,-0.00039148958520625863
batch2,33,943.0,1140.0,1.0042442,1.0042442,1.0042442,1.0042442,-0.0003958853588709602,-0.0003965787516358478
batch2,33,944.0,1140.0,1.0037398,1.0037398,1.0037398,1.0037398,-0.00040074908467742387,-0.00040175297069701253
batch2,33,945.0,1140.0,1.0033842,1.0033842,1.0033842,1.0033842,-0.0004060318830645147,-0.0004067974714082495
batch2,33,946.0,1140.0,1.0030781,1.0030781,1.0030781,1.0030781,-0.00041136954032258157,-0.0004118931897581775
batch2,33,947.0,1140.0,1.0026059,1.0026059,1.0026059,1.0026059,-0.00041706611290322183,-0.0004172044514936037
batch2,33,948.0,1140.0,1.002228,1.002228,1.002228,1.002228,-0.00042376549193548317,-0.000422422638691324
batch2,33,949.0,1140.0,1.0017457,1.0017457,1.0017457,1.0017457,-0.000428436762096771,-0.0004275996113798014
batch2,33,950.0,1140.0,1.001424,1.001424,1.001424,1.001424,-0.00043446394758063587,-0.0004328280873399719
batch2,33,951.0,1140.0,1.0009042,1.0009042,1.0009042,1.0009042,-0.0004403668306451541,-0.0004380413015647234
batch2,33,952.0,1140.0,1.0004554,1.0004554,1.0004554,1.0004554,-0.00044667437499999903,-0.00044341218577525105
batch2,33,953.0,1140.0,0.99993283,0.99993283,0.99993283,0.99993283,-0.00045135126612904725,-0.0004485969903271655
batch2,33,954.0,1140.0,0.99946463,0.99946463,0.99946463,0.99946463,-0.0004574035443548457,-0.00045373979687055884
batch2,33,955.0,1140.0,0.99913841,0.99913841,0.99913841,0.99913841,-0.00046314412500001313,-0.00045861318805121124
batch2,33,956.0,1140.0,0.99850029,0.99850029,0.99850029,0.99850029,-0.0004685105161290345,-0.00046377367368421085
batch2,33,957.0,1140.0,0.99799681,0.99799681,0.99799681,0.99799681,-0.0004741775161290335,-0.0004689061704125146
batch2,33,958.0,1140.0,0.99771577,0.99771577,0.99771577,0.99771577,-0.0004785765201612763,-0.00047385077894736744
batch2,33,959.0,1140.0,0.9973104,0.9973104,0.9973104,0.9973104,-0.00048362874193547714,-0.0004786929140825012
batch2,33,960.0,1140.0,0.9966805,0.9966805,0.9966805,0.9966805,-0.0004894361693548316,-0.00048364801906116285
batch2,33,961.0,1140.0,0.99622381,0.99622381,0.99622381,0.99622381,-0.0004953911169354966,-0.000488412812802275
batch2,33,962.0,1140.0,0.99569041,0.99569041,0.99569041,0.99569041,-0.0005003947903225728,-0.0004931634256045499
batch2,33,963.0,1140.0,0.99521804,0.99521804,0.99521804,0.99521804,-0.0005053216733870965,-0.0004975935869132278
batch2,33,964.0,1140.0,0.99470627,0.99470627,0.99470627,0.99470627,-0.0005105243225806487,-0.000501957348221905
batch2,33,965.0,1140.0,0.99415433,0.99415433,0.99415433,0.99415433,-0.0005154856935483918,-0.0005062809058321474
batch2,33,966.0,1140.0,0.99352771,0.99352771,0.99352771,0.99352771,-0.000520224000000002,-0.0005105266600284521
batch2,33,967.0,1140.0,0.99304038,0.99304038,0.99304038,0.99304038,-0.000525012911290312,-0.000514703266287342
batch2,33,968.0,1140.0,0.99280286,0.99280286,0.99280286,0.99280286,-0.0005297039999999928,-0.0005187139052631576
batch2,33,969.0,1140.0,0.99205804,0.99205804,0.99205804,0.99205804,-0.0005351423750000004,-0.0005227670310099543
batch2,33,970.0,1140.0,0.99144661,0.99144661,0.99144661,0.99144661,-0.0005402400725806349,-0.0005268859957325744
batch2,33,971.0,1140.0,0.99090081,0.99090081,0.99090081,0.99090081,-0.0005441675685483922,-0.0005306332844950183
batch2,33,972.0,1140.0,0.99048257,0.99048257,0.99048257,0.99048257,-0.0005492418266128952,-0.0005343772921763909
batch2,33,973.0,1140.0,0.98996913,0.98996913,0.98996913,0.98996913,-0.0005549696572580614,-0.0005378276165007088
batch2,33,974.0,1140.0,0.98935556,0.98935556,0.98935556,0.98935556,-0.000558978620967735,-0.0005413232955903283
batch2,33,975.0,1140.0,0.98877615,0.98877615,0.98877615,0.98877615,-0.0005619795887096819,-0.0005448023971550522
batch2,33,976.0,1140.0,0.98813349,0.98813349,0.98813349,0.98813349,-0.0005656553669354794,-0.0005480146645803686
batch2,33,977.0,1140.0,0.98760056,0.98760056,0.98760056,0.98760056,-0.0005687172540322552,-0.0005511034349928839
batch2,33,978.0,1140.0,0.9870851,0.9870851,0.9870851,0.9870851,-0.0005723559879032205,-0.0005538919152204856
batch2,33,979.0,1140.0,0.98640788,0.98640788,0.98640788,0.98640788,-0.0005761908750000012,-0.0005567675331436675
batch2,33,980.0,1140.0,0.98590755,0.98590755,0.98590755,0.98590755,-0.0005790048387096675,-0.0005593500415362738
batch2,33,981.0,1140.0,0.9852317,0.9852317,0.9852317,0.9852317,-0.0005821287016128968,-0.0005620654136557684
batch2,33,982.0,1140.0,0.9846983,0.9846983,0.9846983,0.9846983,-0.0005862885241935571,-0.0005645785243243259
batch2,33,983.0,1140.0,0.9841128,0.9841128,0.9841128,0.9841128,-0.0005893121008064507,-0.0005670803041251778
batch2,33,984.0,1140.0,0.98345715,0.98345715,0.98345715,0.98345715,-0.0005909389112903268,-0.0005694554560455195
batch2,33,985.0,1140.0,0.98291451,0.98291451,0.98291451,0.98291451,-0.0005924481451612743,-0.0005716892924608785
batch2,33,986.0,1140.0,0.98235261,0.98235261,0.98235261,0.98235261,-0.0005949046774193445,-0.0005736119906116638
batch2,33,987.0,1140.0,0.98172462,0.98172462,0.98172462,0.98172462,-0.0005970943185484004,-0.0005755261547652927
batch2,33,988.0,1140.0,0.98103523,0.98103523,0.98103523,0.98103523,-0.00059780865322581,-0.0005774157012802275
batch2,33,989.0,1140.0,0.98048842,0.98048842,0.98048842,0.98048842,-0.0005986738266129073,-0.0005792470423897561
batch2,33,990.0,1140.0,0.97993898,0.97993898,0.97993898,0.97993898,-0.0005989689516128996,-0.0005808917530583226
batch2,33,991.0,1140.0,0.97934121,0.97934121,0.97934121,0.97934121,-0.00059986097580646,-0.0005825313980085356
batch2,33,992.0,1140.0,0.97877389,0.97877389,0.97877389,0.97877389,-0.0006008514959677459,-0.0005840991519203379
batch2,33,993.0,1140.0,0.97808415,0.97808415,0.97808415,0.97808415,-0.0006019220403225833,-0.0005854008256045527
batch2,33,994.0,1140.0,0.97738183,0.97738183,0.97738183,0.97738183,-0.000601907830645159,-0.0005868207812233329
batch2,33,995.0,1140.0,0.97690743,0.97690743,0.97690743,0.97690743,-0.000602032713709686,-0.0005881074238975843
batch2,33,996.0,1140.0,0.97625834,0.97625834,0.97625834,0.97625834,-0.0006017340403225867,-0.0005890789923186324
batch2,33,997.0,1140.0,0.97556239,0.97556239,0.97556239,0.97556239,-0.0006022595241935456,-0.000589858061450923
batch2,33,998.0,1140.0,0.97507238,0.97507238,0.97507238,0.97507238,-0.0006014216370967757,-0.0005905333382645787
batch2,33,999.0,1140.0,0.9743588,0.9743588,0.9743588,0.9743588,-0.0006011291209677365,-0.0005912594768136562
batch2,33,1000.0,1140.0,0.97394311,0.97394311,0.97394311,0.97394311,-0.0006003846048387005,-0.000591940782076816
batch2,33,1001.0,1140.0,0.97323102,0.97323102,0.97323102,0.97323102,-0.0005993065806451709,-0.0005923607388335711
batch2,33,1002.0,1140.0,0.97264296,0.97264296,0.97264296,0.97264296,-0.0005979399717741972,-0.000592580682503555
batch2,33,1003.0,1140.0,0.97211581,0.97211581,0.97211581,0.97211581,-0.0005978292540322559,-0.0005927145920341392
batch2,33,1004.0,1140.0,0.97141409,0.97141409,0.97141409,0.97141409,-0.0005970779354838643,-0.0005929474147937435
batch2,33,1005.0,1140.0,0.97092581,0.97092581,0.97092581,0.97092581,-0.0005968864999999893,-0.0005929935445234724
batch2,33,1006.0,1140.0,0.97021651,0.97021651,0.97021651,0.97021651,-0.0005969032217742005,-0.0005927989561877693
batch2,33,1007.0,1140.0,0.96964842,0.96964842,0.96964842,0.96964842,-0.0005963308064516258,-0.0005928801644381224
batch2,33,1008.0,1140.0,0.96897131,0.96897131,0.96897131,0.96897131,-0.000594623987903221,-0.0005928242950213392
batch2,33,1009.0,1140.0,0.96845853,0.96845853,0.96845853,0.96845853,-0.0005937223548387158,-0.0005928184674253194
batch2,33,1010.0,1140.0,0.96791613,0.96791613,0.96791613,0.96791613,-0.0005946604475806399,-0.0005924423758179226
batch2,33,1011.0,1140.0,0.96728706,0.96728706,0.96728706,0.96728706,-0.0005945869072580591,-0.000592126945945947
batch2,33,1012.0,1140.0,0.96663034,0.96663034,0.96663034,0.96663034,-0.0005943036854838712,-0.0005918289570412503
batch2,33,1013.0,1140.0,0.96618462,0.96618462,0.96618462,0.96618462,-0.0005947634717741975,-0.0005917104455192037
batch2,33,1014.0,1140.0,0.96548474,0.96548474,0.96548474,0.96548474,-0.000594639963709683,-0.0005915323672830727
batch2,33,1015.0,1140.0,0.96501696,0.96501696,0.96501696,0.96501696,-0.0005951173870967835,-0.0005912239075391177
batch2,33,1016.0,1140.0,0.96442157,0.96442157,0.96442157,0.96442157,-0.0005946423427419382,-0.0005909970369843527
batch2,33,1017.0,1140.0,0.96383578,0.96383578,0.96383578,0.96383578,-0.0005944317782258095,-0.0005908142739687051
batch2,33,1018.0,1140.0,0.96306354,0.96306354,0.96306354,0.96306354,-0.0005941026290322541,-0.0005904675311522064
batch2,33,1019.0,1140.0,0.96266073,0.96266073,0.96266073,0.96266073,-0.0005932465362903198,-0.0005903204796586084
batch2,33,1020.0,1140.0,0.96192646,0.96192646,0.96192646,0.96192646,-0.000592113221774189,-0.0005899381837837838
batch2,33,1021.0,1140.0,0.96124065,0.96124065,0.96124065,0.96124065,-0.000591366423387111,-0.0005897201891891861
batch2,33,1022.0,1140.0,0.96072912,0.96072912,0.96072912,0.96072912,-0.0005913475322580704,-0.0005894254625889083
batch2,33,1023.0,1140.0,0.96028101,0.96028101,0.96028101,0.96028101,-0.0005903377137096978,-0.00058921780227596
batch2,33,1024.0,1140.0,0.95965075,0.95965075,0.95965075,0.95965075,-0.0005891921370967685,-0.0005889678005689891
batch2,33,1025.0,1140.0,0.95886683,0.95886683,0.95886683,0.95886683,-0.0005873335282258014,-0.0005888261684210567
batch2,33,1026.0,1140.0,0.95830578,0.95830578,0.95830578,0.95830578,-0.0005855407096774163,-0.0005886496361308649
batch2,33,1027.0,1140.0,0.9577927,0.9577927,0.9577927,0.9577927,-0.0005835620604838829,-0.0005884650352773788
batch2,33,1028.0,1140.0,0.95718116,0.95718116,0.95718116,0.95718116,-0.0005828708225806528,-0.0005884531143669967
batch2,33,1029.0,1140.0,0.95657486,0.95657486,0.95657486,0.95657486,-0.0005819784838709541,-0.0005881912532005704
batch2,33,1030.0,1140.0,0.95600349,0.95600349,0.95600349,0.95600349,-0.0005808734112903315,-0.0005879363661450935
batch2,33,1031.0,1140.0,0.95538068,0.95538068,0.95538068,0.95538068,-0.0005796192741935498,-0.0005878630150782349
batch2,33,1032.0,1140.0,0.95485902,0.95485902,0.95485902,0.95485902,-0.0005773544153225771,-0.000587936031009959
batch2,33,1033.0,1140.0,0.95428109,0.95428109,0.95428109,0.95428109,-0.00057597514516129,-0.0005878389615931684
batch2,33,1034.0,1140.0,0.95370638,0.95370638,0.95370638,0.95370638,-0.0005757934717741976,-0.000588010651493593
batch2,33,1035.0,1140.0,0.95327342,0.95327342,0.95327342,0.95327342,-0.000575640641129031,-0.0005882357493598872
batch2,33,1036.0,1140.0,0.95252097,0.95252097,0.95252097,0.95252097,-0.0005757715806451627,-0.0005885357593172116
batch2,33,1037.0,1140.0,0.95193022,0.95193022,0.95193022,0.95193022,-0.0005762233830645223,-0.0005888501840682783
batch2,33,1038.0,1140.0,0.95148093,0.95148093,0.95148093,0.95148093,-0.0005772617056451513,-0.0005891211009957301
batch2,33,1039.0,1140.0,0.95101446,0.95101446,0.95101446,0.95101446,-0.0005772007862903151,-0.0005895474031294419
batch2,33,1040.0,1140.0,0.95048219,0.95048219,0.95048219,0.95048219,-0.0005770574072580777,-0.0005898708651493591
batch2,33,1041.0,1140.0,0.94985145,0.94985145,0.94985145,0.94985145,-0.0005788677661290278,-0.0005903685194879072
batch2,33,1042.0,1140.0,0.94934887,0.94934887,0.94934887,0.94934887,-0.0005796187177419291,-0.0005908866147937487
batch2,33,1043.0,1140.0,0.94864064,0.94864064,0.94864064,0.94864064,-0.0005810091733870942,-0.0005913610258890481
batch2,33,1044.0,1140.0,0.94795001,0.94795001,0.94795001,0.94795001,-0.0005817845282258056,-0.0005920400537695581
batch2,33,1045.0,1140.0,0.94751608,0.94751608,0.94751608,0.94751608,-0.0005835843870967769,-0.0005928365098150767
batch2,33,1046.0,1140.0,0.94684178,0.94684178,0.94684178,0.94684178,-0.0005853029354838768,-0.0005936372039829278
batch2,33,1047.0,1140.0,0.94643229,0.94643229,0.94643229,0.94643229,-0.0005877260604838674,-0.000594602636984353
batch2,33,1048.0,1140.0,0.94571143,0.94571143,0.94571143,0.94571143,-0.0005889868709677517,-0.0005954041200568963
batch2,33,1049.0,1140.0,0.94512886,0.94512886,0.94512886,0.94512886,-0.0005904753024193472,-0.0005964280423897613
batch2,33,1050.0,1140.0,0.94435811,0.94435811,0.94435811,0.94435811,-0.0005931861169354745,-0.0005975108856330013
batch2,33,1051.0,1140.0,0.94387424,0.94387424,0.94387424,0.94387424,-0.0005934267459677331,-0.0005985909100995743
batch2,33,1052.0,1140.0,0.94334924,0.94334924,0.94334924,0.94334924,-0.000594915806451623,-0.0005997759186344232
batch2,33,1053.0,1140.0,0.94260514,0.94260514,0.94260514,0.94260514,-0.0005969140322580656,-0.0006009448648648631
batch2,33,1054.0,1140.0,0.9420566,0.9420566,0.9420566,0.9420566,-0.000598194754032236,-0.0006022704591749635
batch2,33,1055.0,1140.0,0.94152755,0.94152755,0.94152755,0.94152755,-0.0005983846693548426,-0.0006036633118065417
batch2,33,1056.0,1140.0,0.9408325,0.9408325,0.9408325,0.9408325,-0.0005993238024193545,-0.0006053030418207702
batch2,33,1057.0,1140.0,0.94040382,0.94040382,0.94040382,0.94040382,-0.0006000385806451629,-0.0006069112196301545
batch2,33,1058.0,1140.0,0.93965191,0.93965191,0.93965191,0.93965191,-0.0006011163588709621,-0.0006087120332859145
batch2,33,1059.0,1140.0,0.93919653,0.93919653,0.93919653,0.93919653,-0.0006020862701612854,-0.0006105954039829299
batch2,33,1060.0,1140.0,0.93847489,0.93847489,0.93847489,0.93847489,-0.0006044045685483961,-0.0006124574321479358
batch2,33,1061.0,1140.0,0.93789113,0.93789113,0.93789113,0.93789113,-0.0006057518467741836,-0.0006142995246088221
batch2,33,1062.0,1140.0,0.93723148,0.93723148,0.93723148,0.93723148,-0.0006068743387096717,-0.0006163248847795174
batch2,33,1063.0,1140.0,0.93677014,0.93677014,0.93677014,0.93677014,-0.000608088572580656,-0.0006186219405405429
batch2,33,1064.0,1140.0,0.93614304,0.93614304,0.93614304,0.93614304,-0.0006093159516128843,-0.0006210031672830731
batch2,33,1065.0,1140.0,0.93534476,0.93534476,0.93534476,0.93534476,-0.0006106751693548402,-0.0006233137234708373
batch2,33,1066.0,1140.0,0.93499088,0.93499088,0.93499088,0.93499088,-0.0006134299798387034,-0.0006255577186344226
batch2,33,1067.0,1140.0,0.93436825,0.93436825,0.93436825,0.93436825,-0.0006161381209677323,-0.0006278792270270309
batch2,33,1068.0,1140.0,0.93370402,0.93370402,0.93370402,0.93370402,-0.0006176624274193653,-0.0006302919351351326
batch2,33,1069.0,1140.0,0.93308681,0.93308681,0.93308681,0.93308681,-0.000621334838709673,-0.0006329252793741101
batch2,33,1070.0,1140.0,0.93253845,0.93253845,0.93253845,0.93253845,-0.0006238355927419359,-0.0006355953490753942
batch2,33,1071.0,1140.0,0.9317506,0.9317506,0.9317506,0.9317506,-0.0006267316250000077,-0.000638119862019914
batch2,33,1072.0,1140.0,0.93121171,0.93121171,0.93121171,0.93121171,-0.0006299049879032113,-0.0006407918520625865
batch2,33,1073.0,1140.0,0.93044513,0.93044513,0.93044513,0.93044513,-0.0006326209879032376,-0.0006434026113798001
batch2,33,1074.0,1140.0,0.92995816,0.92995816,0.92995816,0.92995816,-0.0006359230080645144,-0.0006462249593172147
batch2,33,1075.0,1140.0,0.9292264,0.9292264,0.9292264,0.9292264,-0.0006386863669354962,-0.0006491851516358426
batch2,33,1076.0,1140.0,0.92860156,0.92860156,0.92860156,0.92860156,-0.0006427601008064489,-0.0006521158543385497
batch2,33,1077.0,1140.0,0.92809701,0.92809701,0.92809701,0.92809701,-0.0006468090725806491,-0.0006549232113798009
batch2,33,1078.0,1140.0,0.92726898,0.92726898,0.92726898,0.92726898,-0.0006511680080645139,-0.0006578067738264552
batch2,33,1079.0,1140.0,0.92675817,0.92675817,0.92675817,0.92675817,-0.0006552280806451552,-0.000660832481081082
batch2,33,1080.0,1140.0,0.92609423,0.92609423,0.92609423,0.92609423,-0.0006592169435483916,-0.0006636855302987199
batch2,33,1081.0,1140.0,0.92541665,0.92541665,0.92541665,0.92541665,-0.0006638771935483987,-0.0006666810085348455
batch2,33,1082.0,1140.0,0.92467773,0.92467773,0.92467773,0.92467773,-0.000666887459677413,-0.0006700145704125146
batch2,33,1083.0,1140.0,0.92415369,0.92415369,0.92415369,0.92415369,-0.0006702742258064549,-0.0006732125433854896
batch2,33,1084.0,1140.0,0.92331254,0.92331254,0.92331254,0.92331254,-0.000674334120967734,-0.0006764233593172085
batch2,33,1085.0,1140.0,0.92280519,0.92280519,0.92280519,0.92280519,-0.0006782929637096744,-0.0006795976324324323
batch2,33,1086.0,1140.0,0.92202073,0.92202073,0.92202073,0.92202073,-0.0006819616572580584,-0.0006830105328591732
batch2,33,1087.0,1140.0,0.92141581,0.92141581,0.92141581,0.92141581,-0.0006862386572580566,-0.000686492396017067
batch2,33,1088.0,1140.0,0.92065424,0.92065424,0.92065424,0.92065424,-0.0006890013749999834,-0.0006902113894736857
batch2,33,1089.0,1140.0,0.92004275,0.92004275,0.92004275,0.92004275,-0.0006925565524193747,-0.0006939826059743934
batch2,33,1090.0,1140.0,0.91931027,0.91931027,0.91931027,0.91931027,-0.0006954319959677382,-0.0006973202955903267
batch2,33,1091.0,1140.0,0.91853762,0.91853762,0.91853762,0.91853762,-0.0006995477903225802,-0.0007010399618776696
batch2,33,1092.0,1140.0,0.91783524,0.91783524,0.91783524,0.91783524,-0.000703774455645151,-0.0007049524682787999
batch2,33,1093.0,1140.0,0.91715056,0.91715056,0.91715056,0.91715056,-0.0007059166532257988,-0.0007086814941678511
batch2,33,1094.0,1140.0,0.91635334,0.91635334,0.91635334,0.91635334,-0.0007097387137096853,-0.0007125652853485087
batch2,33,1095.0,1140.0,0.9156729,0.9156729,0.9156729,0.9156729,-0.0007129124677419281,-0.0007162032842105235
batch2,33,1096.0,1140.0,0.91504872,0.91504872,0.91504872,0.91504872,-0.0007159520806451649,-0.0007201328984352749
batch2,33,1097.0,1140.0,0.91434592,0.91434592,0.91434592,0.91434592,-0.0007194931895161248,-0.0007240407985775231
batch2,33,1098.0,1140.0,0.91357148,0.91357148,0.91357148,0.91357148,-0.0007238246653225785,-0.0007280261283072591
batch2,33,1099.0,1140.0,0.91278225,0.91278225,0.91278225,0.91278225,-0.0007269396088709768,-0.0007321296862019855
batch2,33,1100.0,1140.0,0.91206253,0.91206253,0.91206253,0.91206253,-0.0007315808870967773,-0.0007363590130867734
batch2,33,1101.0,1140.0,0.9112938,0.9112938,0.9112938,0.9112938,-0.0007354074072580583,-0.0007403612054054046
batch2,33,1102.0,1140.0,0.91061729,0.91061729,0.91061729,0.91061729,-0.0007390958830645154,-0.0007445268125177767
batch2,33,1103.0,1140.0,0.91003358,0.91003358,0.91003358,0.91003358,-0.0007420941653225658,-0.0007488359624466542
batch2,33,1104.0,1140.0,0.90930837,0.90930837,0.90930837,0.90930837,-0.0007465913790322582,
batch2,33,1105.0,1140.0,0.90853107,0.90853107,0.90853107,0.90853107,-0.0007504538508064391,
batch2,33,1106.0,1140.0,0.90767807,0.90767807,0.90767807,0.90767807,-0.0007538079274193526,
batch2,33,1107.0,1140.0,0.90688968,0.90688968,0.90688968,0.90688968,-0.0007582925483870848,
batch2,33,1108.0,1140.0,0.90632504,0.90632504,0.90632504,0.90632504,-0.0007631252741935504,
batch2,33,1109.0,1140.0,0.90547907,0.90547907,0.90547907,0.90547907,-0.0007680314959677335,
batch2,33,1110.0,1140.0,0.90467846,0.90467846,0.90467846,0.90467846,-0.0007735091088709589,
batch2,33,1111.0,1140.0,0.90393686,0.90393686,0.90393686,0.90393686,-0.0007795196209677448,
batch2,33,1112.0,1140.0,0.90309954,0.90309954,0.90309954,0.90309954,-0.0007826196774193318,
batch2,33,1113.0,1140.0,0.90226924,0.90226924,0.90226924,0.90226924,-0.0007866958548387033,
batch2,33,1114.0,1140.0,0.90153545,0.90153545,0.90153545,0.90153545,-0.0007922573588709632,
batch2,33,1115.0,1140.0,0.90067244,0.90067244,0.90067244,0.90067244,-0.0007973313870967582,
batch2,33,1116.0,1140.0,0.89983898,0.89983898,0.89983898,0.89983898,-0.0008024417782257928,
batch2,33,1117.0,1140.0,0.89916748,0.89916748,0.89916748,0.89916748,-0.0008072251491935568,
batch2,33,1118.0,1140.0,0.89840329,0.89840329,0.89840329,0.89840329,-0.0008122217620967747,
batch2,33,1119.0,1140.0,0.89743364,0.89743364,0.89743364,0.89743364,-0.0008167946370967806,
batch2,33,1120.0,1140.0,0.8966428,0.8966428,0.8966428,0.8966428,-0.0008207005604838793,
batch2,33,1121.0,1140.0,0.89594817,0.89594817,0.89594817,0.89594817,-0.0008253478629032211,
batch2,33,1122.0,1140.0,0.89502794,0.89502794,0.89502794,0.89502794,-0.0008307779475806444,
batch2,33,1123.0,1140.0,0.89415228,0.89415228,0.89415228,0.89415228,-0.0008357916491935438,
batch2,33,1124.0,1140.0,0.89329159,0.89329159,0.89329159,0.89329159,-0.0008402095725806497,
batch2,33,1125.0,1140.0,0.89245689,0.89245689,0.89245689,0.89245689,-0.0008445512903225787,
batch2,33,1126.0,1140.0,0.89150149,0.89150149,0.89150149,0.89150149,,
batch2,33,1127.0,1140.0,0.89103705,0.89103705,0.89103705,0.89103705,,
batch2,33,1128.0,1140.0,0.89002454,0.89002454,0.89002454,0.89002454,,
batch2,33,1129.0,1140.0,0.88898361,0.88898361,0.88898361,0.88898361,,
batch2,33,1130.0,1140.0,0.88826686,0.88826686,0.88826686,0.88826686,,
batch2,33,1131.0,1140.0,0.88739419,0.88739419,0.88739419,0.88739419,,
batch2,33,1132.0,1140.0,0.88662368,0.88662368,0.88662368,0.88662368,,
batch2,33,1133.0,1140.0,0.88566536,0.88566536,0.88566536,0.88566536,,
batch2,33,1134.0,1140.0,0.88469458,0.88469458,0.88469458,0.88469458,,
batch2,33,1135.0,1140.0,0.88388914,0.88388914,0.88388914,0.88388914,,
batch2,33,1136.0,1140.0,0.88290107,0.88290107,0.88290107,,,
batch2,33,1137.0,1140.0,0.88197285,0.88197285,0.88197285,,,
batch2,33,1138.0,1140.0,0.88116896,0.88116896,0.88116896,,,
batch2,33,1139.0,1140.0,0.88015503,0.88015503,0.88015503,,,
batch2,33,1140.0,1140.0,0.87932533,0.87932533,0.87932533,,,
batch2,38,10.0,,1.0860128,1.0860128,1.0860128,,,
batch2,38,11.0,,1.0859107,1.0859107,1.0859107,,,
batch2,38,12.0,,1.0859317,1.0859317,1.0859317,,,
batch2,38,13.0,,1.0861989,1.0861989,1.0861989,,,
batch2,38,14.0,,1.0862443,1.0862443,1.0862443,,,
batch2,38,15.0,,1.0862811,1.0862811,1.0862811,1.0862443,,
batch2,38,16.0,,1.0862097,1.0862097,1.0862097,1.0862811,,
batch2,38,17.0,,1.0863242,1.0863242,1.0863242,1.0863242,,
batch2,38,18.0,,1.0863507,1.0863507,1.0863507,1.0863507,,
batch2,38,19.0,,1.0864004,1.0864004,1.0864004,1.0863507,,
batch2,38,20.0,,1.0864428,1.0864428,1.0864428,1.0863678,,
batch2,38,21.0,,1.0864588,1.0864588,1.0864588,1.086388,,
batch2,38,22.0,,1.0863678,1.0863678,1.0863678,1.0864004,,
batch2,38,23.0,,1.086388,1.086388,1.086388,1.0864023,,
batch2,38,24.0,,1.0863355,1.0863355,1.0863355,1.086408,,
batch2,38,25.0,,1.0864023,1.0864023,1.0864023,1.0864428,2.0220403225808452e-05,
batch2,38,26.0,,1.086408,1.086408,1.086408,1.0864588,1.73595564516089e-05,
batch2,38,27.0,,1.0866046,1.0866046,1.0866046,1.0864739,1.5059435483858112e-05,
batch2,38,28.0,,1.0866112,1.0866112,1.0866112,1.0864739,1.2218750000010021e-05,
batch2,38,29.0,,1.0864739,1.0864739,1.0864739,1.0865369,1.1250604838691471e-05,
batch2,38,30.0,,1.0868007,1.0868007,1.0868007,1.0865645,9.279435483876145e-06,
batch2,38,31.0,,1.0865369,1.0865369,1.0865369,1.0865645,7.3390322580579695e-06,
batch2,38,32.0,,1.0866297,1.0866297,1.0866297,1.0865825,5.158024193548699e-06,
batch2,38,33.0,,1.0864364,1.0864364,1.0864364,1.0865825,3.5347177419065058e-06,
batch2,38,34.0,,1.0865645,1.0865645,1.0865645,1.0865825,-7.011741935483985e-05,
batch2,38,35.0,,1.0865825,1.0865825,1.0865825,1.0865825,-0.00011599967741934355,
batch2,38,36.0,,1.0865479,1.0865479,1.0865479,1.0865645,-0.000148213548387104,
batch2,38,37.0,,1.0867323,1.0867323,1.0867323,1.0865825,-0.00017460580645162205,
batch2,38,38.0,,1.0866762,1.0866762,1.0866762,1.0865645,-0.00019554294354838666,
batch2,38,39.0,,1.0866811,1.0866811,1.0866811,1.0865825,-0.00021298370967742507,
batch2,38,40.0,,1.0864781,1.0864781,1.0864781,1.0865825,-0.00022527177419354915,
batch2,38,41.0,,1.0863816,1.0863816,1.0863816,1.0865479,-0.00023620750000000334,
batch2,38,42.0,,1.0866078,1.0866078,1.0866078,1.0865425,-0.00024455923387098,
batch2,38,43.0,,1.0865425,1.0865425,1.0865425,1.0864781,-0.0002483273387096834,
batch2,38,44.0,,1.0866078,1.0866078,1.0866078,1.0864426,-0.00025003495967741945,
batch2,38,45.0,,1.0864208,1.0864208,1.0864208,1.0864282,-0.000250243588709674,
batch2,38,46.0,,1.0863984,1.0863984,1.0863984,1.0864208,-0.0002456702822580628,
batch2,38,47.0,,1.0864426,1.0864426,1.0864426,1.0864208,-0.00024100177419354927,-7.416867994309332e-05
batch2,38,48.0,,1.0864282,1.0864282,1.0864282,1.0863984,-0.00023255008064515628,-7.385356472261432e-05
batch2,38,49.0,,1.0744981,1.0744981,1.0744981,1.0812248,-0.00022380911290322336,-7.367154196301419e-05
batch2,38,50.0,,1.0782462,1.0782462,1.0782462,1.0812248,-0.000211707620967729,-7.335351920341664e-05
batch2,38,51.0,,1.0799172,1.0799172,1.0799172,1.0812248,-0.00019762895161291248,-7.284486201991203e-05
batch2,38,52.0,,1.0804276,1.0804276,1.0804276,1.0812248,-0.00018108024193548057,-7.217553058321963e-05
batch2,38,53.0,,1.0810245,1.0810245,1.0810245,1.0812248,-0.00016307036290322307,-7.140253200568353e-05
batch2,38,54.0,,1.0812248,1.0812248,1.0812248,1.0812248,-0.00014347354838709553,-7.075568705547706e-05
batch2,38,55.0,,1.0817885,1.0817885,1.0817885,1.0816377,-0.00012201645161290501,-6.98300000000002e-05
batch2,38,56.0,,1.0816377,1.0816377,1.0816377,1.0817412,-9.939830645160438e-05,-6.902885633001931e-05
batch2,38,57.0,,1.0817412,1.0817412,1.0817412,1.0817885,-7.558959677420317e-05,-6.809428165007429e-05
batch2,38,58.0,,1.0819782,1.0819782,1.0819782,1.0819782,-4.9580241935475976e-05,-6.705164438123151e-05
batch2,38,59.0,,1.0820034,1.0820034,1.0820034,1.0820034,-2.2312016129027014e-05,-6.569305263157105e-05
batch2,38,60.0,,1.0820905,1.0820905,1.0820905,1.0820905,7.555645161286381e-06,-6.432050071123778e-05
batch2,38,61.0,,1.0822403,1.0822403,1.0822403,1.0822334,3.7065282258063126e-05,-6.304200568990782e-05
batch2,38,62.0,,1.0822334,1.0822334,1.0822334,1.0822403,7.013657258064786e-05,-6.170723470838985e-05
batch2,38,63.0,,1.082473,1.082473,1.082473,1.0824499,0.00010388822580644515,
batch2,38,64.0,,1.0824499,1.0824499,1.0824499,1.082473,0.00013808225806451906,
batch2,38,65.0,,1.0826031,1.0826031,1.0826031,1.0826031,9.706350806451493e-05,
batch2,38,66.0,,1.0826467,1.0826467,1.0826467,1.0826266,7.685185483871162e-05,
batch2,38,67.0,,1.0828296,1.0828296,1.0828296,1.0826467,6.588084677419151e-05,
batch2,38,68.0,,1.0826266,1.0826266,1.0826266,1.0826751,5.59205241935583e-05,
batch2,38,69.0,,1.0826751,1.0826751,1.0826751,1.0827107,4.849092741935146e-05,
batch2,38,70.0,,1.0827107,1.0827107,1.0827107,1.082804,4.1940161290324556e-05,
batch2,38,71.0,,1.0828545,1.0828545,1.0828545,1.0828282,3.771568548387374e-05,
batch2,38,72.0,,1.0829127,1.0829127,1.0829127,1.0828296,3.225879032258813e-05,
batch2,38,73.0,,1.082804,1.082804,1.082804,1.0828365,2.592495967742201e-05,
batch2,38,74.0,,1.0828282,1.0828282,1.0828282,1.0828545,2.0821854838705115e-05,
batch2,38,75.0,,1.0829407,1.0829407,1.0829407,1.0829127,1.5394798387097145e-05,
batch2,38,76.0,,1.0828365,1.0828365,1.0828365,1.0829263,9.407741935482369e-06,
batch2,38,77.0,,1.0832103,1.0832103,1.0832103,1.0829407,4.519354838707665e-06,
batch2,38,78.0,,1.0830631,1.0830631,1.0830631,1.0829407,-2.021774193545712e-06,
batch2,38,79.0,,1.0829263,1.0829263,1.0829263,1.0829407,-7.234516129036584e-06,
batch2,38,80.0,,1.0829831,1.0829831,1.0829831,1.0829407,-1.2817177419353622e-05,
batch2,38,81.0,,1.0829909,1.0829909,1.0829909,1.0829263,-1.6277056451608338e-05,
batch2,38,82.0,,1.0830526,1.0830526,1.0830526,1.0829263,-1.9372903225805747e-05,
batch2,38,83.0,,1.0828843,1.0828843,1.0828843,1.0828843,-2.2483749999996957e-05,
batch2,38,84.0,,1.0828298,1.0828298,1.0828298,1.0828818,-2.6660766129025907e-05,
batch2,38,85.0,,1.0828818,1.0828818,1.0828818,1.0828298,,
batch2,38,86.0,,1.0827756,1.0827756,1.0827756,1.0827985,,
batch2,38,87.0,,1.0827985,1.0827985,1.0827985,1.0827756,,
batch2,38,88.0,,1.0826205,1.0826205,1.0826205,1.0826298,,
batch2,38,89.0,,1.0826298,1.0826298,1.0826298,1.0826205,,
batch2,38,90.0,,1.0825928,1.0825928,1.0825928,1.0825928,,
batch2,38,91.0,,1.0824466,1.0824466,1.0824466,1.0824922,,
batch2,38,92.0,,1.0824922,1.0824922,1.0824922,1.0824466,,
batch2,38,93.0,,1.0822431,1.0822431,1.0822431,1.0823214,,
batch2,38,94.0,,1.0822078,1.0822078,1.0822078,1.0823163,,
batch2,38,95.0,,1.0821536,1.0821536,1.0821536,,,
batch2,38,96.0,,1.0823214,1.0823214,1.0823214,,,
batch2,38,97.0,,1.0823163,1.0823163,1.0823163,,,
batch2,38,98.0,,1.0820967,1.0820967,1.0820967,,,
batch2,38,99.0,,1.0820881,1.0820881,1.0820881,,,
batch2,38,100.0,,2.1622672,2.1622672,,,,
batch2,38,101.0,,2.1653843,2.1653843,,,,
batch3,5,10.0,828.0,1.0536922,1.0536922,1.0536922,,,
batch3,5,11.0,828.0,1.0537956,1.0537956,1.0537956,,,
batch3,5,12.0,828.0,1.0536388,1.0536388,1.0536388,,,
batch3,5,13.0,828.0,1.0536437,1.0536437,1.0536437,,,
batch3,5,14.0,828.0,1.053717,1.053717,1.053717,,,
batch3,5,15.0,828.0,1.0538285,1.0538285,1.0538285,1.0537277,,
batch3,5,16.0,828.0,1.0537403,1.0537403,1.0537403,1.0537403,,
batch3,5,17.0,828.0,1.0536934,1.0536934,1.0536934,1.0537403,,
batch3,5,18.0,828.0,1.0538383,1.0538383,1.0538383,1.0537403,,
batch3,5,19.0,828.0,1.0537512,1.0537512,1.0537512,1.0537403,,
batch3,5,20.0,828.0,1.0537277,1.0537277,1.0537277,1.0537512,,
batch3,5,21.0,828.0,1.0539393,1.0539393,1.0539393,1.0537403,,
batch3,5,22.0,828.0,1.0537816,1.0537816,1.0537816,1.0537277,,
batch3,5,23.0,828.0,1.0537179,1.0537179,1.0537179,1.0537512,,
batch3,5,24.0,828.0,1.053688,1.053688,1.053688,1.0537512,,
batch3,5,25.0,828.0,1.0538106,1.0538106,1.0538106,1.0537816,3.6841129032164833e-06,
batch3,5,26.0,828.0,1.0535709,1.0535709,1.0535709,1.0538106,2.575322580637178e-06,
batch3,5,27.0,828.0,1.0536721,1.0536721,1.0536721,1.0538106,2.845725806448709e-06,
batch3,5,28.0,828.0,1.053867,1.053867,1.053867,1.053867,9.276612903227205e-07,
batch3,5,29.0,828.0,1.0539819,1.0539819,1.0539819,1.0538788,-1.4364516129303642e-06,
batch3,5,30.0,828.0,1.054015,1.054015,1.054015,1.053897,-3.84080645160532e-06,
batch3,5,31.0,828.0,1.053897,1.053897,1.053897,1.053897,-5.340000000008082e-06,
batch3,5,32.0,828.0,1.0538788,1.0538788,1.0538788,1.053897,-7.263346774200573e-06,
batch3,5,33.0,828.0,1.0540558,1.0540558,1.0540558,1.053897,-8.801814516149167e-06,
batch3,5,34.0,828.0,1.0539687,1.0539687,1.0539687,1.053897,-1.0340846774187162e-05,
batch3,5,35.0,828.0,1.0539619,1.0539619,1.0539619,1.0538788,-1.187040322580748e-05,
batch3,5,36.0,828.0,1.0537838,1.0537838,1.0537838,1.0537838,-1.2357661290321051e-05,
batch3,5,37.0,828.0,1.0537058,1.0537058,1.0537058,1.0537838,-1.1445201612909415e-05,
batch3,5,38.0,828.0,1.053571,1.053571,1.053571,1.0537426,-1.1705685483864025e-05,
batch3,5,39.0,828.0,1.0537426,1.0537426,1.0537426,1.0537058,-1.3063790322583576e-05,
batch3,5,40.0,828.0,1.0537041,1.0537041,1.0537041,1.0537041,-1.5028629032269431e-05,
batch3,5,41.0,828.0,1.0537037,1.0537037,1.0537037,1.0537037,-1.573431451613182e-05,
batch3,5,42.0,828.0,1.0538222,1.0538222,1.0538222,1.0536294,-1.8165967741944024e-05,
batch3,5,43.0,828.0,1.0536294,1.0536294,1.0536294,1.053571,-1.9933185483880978e-05,
batch3,5,44.0,828.0,1.0535498,1.0535498,1.0535498,1.0535682,-2.0804153225802654e-05,
batch3,5,45.0,828.0,1.0534587,1.0534587,1.0534587,1.0535498,-2.11962500000031e-05,
batch3,5,46.0,828.0,1.0534722,1.0534722,1.0534722,1.0535498,-2.141270161290245e-05,
batch3,5,47.0,828.0,1.0534724,1.0534724,1.0534724,1.0535498,-2.21037903225725e-05,-1.9750290184916805e-05
batch3,5,48.0,828.0,1.0535682,1.0535682,1.0535682,1.0535498,-2.3384072580642236e-05,-2.016610526316379e-05
batch3,5,49.0,828.0,1.0534052,1.0534052,1.0534052,1.0534797,-2.260891129032109e-05,-2.0745422475107875e-05
batch3,5,50.0,828.0,1.0534708,1.0534708,1.0534708,1.0534724,-2.1986854838703583e-05,-2.1445948790896193e-05
batch3,5,51.0,828.0,1.0536495,1.0536495,1.0536495,1.0534724,-2.1545524193548243e-05,-2.2040813655761174e-05
batch3,5,52.0,828.0,1.05365,1.05365,1.05365,1.0534724,-2.2039072580642563e-05,-2.2478733997150315e-05
batch3,5,53.0,828.0,1.053605,1.053605,1.053605,1.0534708,-2.4087258064514794e-05,-2.266729729729703e-05
batch3,5,54.0,828.0,1.0534797,1.0534797,1.0534797,1.0534533,-2.571278225806432e-05,-2.3015971550493487e-05
batch3,5,55.0,828.0,1.0533954,1.0533954,1.0533954,1.0534533,-2.6761693548389763e-05,-2.3628642958744383e-05
batch3,5,56.0,828.0,1.0534533,1.0534533,1.0534533,1.0533998,-2.7545766129015336e-05,-2.398456330014288e-05
batch3,5,57.0,828.0,1.0533998,1.0533998,1.0533998,1.0533954,-2.9661653225810848e-05,-2.4662856330019178e-05
batch3,5,58.0,828.0,1.0533903,1.0533903,1.0533903,1.0533903,-2.945145161289888e-05,-2.5330526315795925e-05
batch3,5,59.0,828.0,1.0533118,1.0533118,1.0533118,1.0533118,-3.02437096774064e-05,-2.5830899004262355e-05
batch3,5,60.0,828.0,1.0532314,1.0532314,1.0532314,1.0532314,-3.292822580645316e-05,-2.6372233285909542e-05
batch3,5,61.0,828.0,1.0531751,1.0531751,1.0531751,1.0531751,-3.536233870967373e-05,-2.7050506401143854e-05
batch3,5,62.0,828.0,1.0531665,1.0531665,1.0531665,1.0531665,-3.765665322580649e-05,-2.768409388336021e-05
batch3,5,63.0,828.0,1.0530398,1.0530398,1.0530398,1.0531411,-3.987233870968383e-05,-2.8193758179235397e-05
batch3,5,64.0,828.0,1.0531349,1.0531349,1.0531349,1.0531349,-4.1393749999995026e-05,-2.8913348506403026e-05
batch3,5,65.0,828.0,1.0531411,1.0531411,1.0531411,1.0530633,-4.2752620967746454e-05,-2.9388862019915237e-05
batch3,5,66.0,828.0,1.0530633,1.0530633,1.0530633,1.0530398,-4.3618911290317324e-05,-2.9825277382642236e-05
batch3,5,67.0,828.0,1.0530388,1.0530388,1.0530388,1.0530388,-4.232407258065259e-05,-3.009597724039807e-05
batch3,5,68.0,828.0,1.0528153,1.0528153,1.0528153,1.0529696,-3.9985524193543055e-05,-3.0258330014231007e-05
batch3,5,69.0,828.0,1.0529696,1.0529696,1.0529696,1.0528666,-3.8307540322581386e-05,-3.0506634423897086e-05
batch3,5,70.0,828.0,1.0528418,1.0528418,1.0528418,1.0528418,-3.5930483870972414e-05,-3.069549359886397e-05
batch3,5,71.0,828.0,1.0528666,1.0528666,1.0528666,1.0528153,-3.55192338709597e-05,-3.066072830724768e-05
batch3,5,72.0,828.0,1.052591,1.052591,1.052591,1.052775,-3.427858870967548e-05,-3.062295874822066e-05
batch3,5,73.0,828.0,1.052775,1.052775,1.052775,1.0527451,-3.258096774192603e-05,-3.075253769559409e-05
batch3,5,74.0,828.0,1.0527451,1.0527451,1.0527451,1.052591,-3.030983870967549e-05,-3.104277667141109e-05
batch3,5,75.0,828.0,1.0524582,1.0524582,1.0524582,1.052524,-2.764241935484487e-05,-3.127948221906889e-05
batch3,5,76.0,828.0,1.052524,1.052524,1.052524,1.0524787,-2.5774516129032587e-05,-3.1595786628737766e-05
batch3,5,77.0,828.0,1.0524704,1.0524704,1.0524704,1.0524787,-2.5399274193552224e-05,-3.171438406827529e-05
batch3,5,78.0,828.0,1.0524164,1.0524164,1.0524164,1.0524787,-2.4366491935480124e-05,-3.179575248932736e-05
batch3,5,79.0,828.0,1.0523586,1.0523586,1.0523586,1.0524787,-2.536516129032908e-05,-3.174260597439806e-05
batch3,5,80.0,828.0,1.0524787,1.0524787,1.0524787,1.0524787,-2.542092741935672e-05,-3.14774110953037e-05
batch3,5,81.0,828.0,1.0524284,1.0524284,1.0524284,1.0524787,-2.5622459677417647e-05,-3.131911237554005e-05
batch3,5,82.0,828.0,1.0525256,1.0525256,1.0525256,1.0524704,-2.542141129032092e-05,-3.115288762446222e-05
batch3,5,83.0,828.0,1.0526227,1.0526227,1.0526227,1.052448,-2.5631370967741276e-05,-3.11604238975833e-05
batch3,5,84.0,828.0,1.052493,1.052493,1.052493,1.0524787,-2.6674959677416984e-05,-3.107257752489082e-05
batch3,5,85.0,828.0,1.0526681,1.0526681,1.0526681,1.0524895,-2.6697661290323704e-05,-3.108203982930256e-05
batch3,5,86.0,828.0,1.0523789,1.0523789,1.0523789,1.0524895,-2.713153225806178e-05,-3.0913129445235056e-05
batch3,5,87.0,828.0,1.0523865,1.0523865,1.0523865,1.0524895,-2.65118548387144e-05,-3.0857231863443395e-05
batch3,5,88.0,828.0,1.052448,1.052448,1.052448,1.0524834,-2.85625806451584e-05,-3.079369559032126e-05
batch3,5,89.0,828.0,1.0524895,1.0524895,1.0524895,1.052448,-2.9186653225808187e-05,-3.0425780938836714e-05
batch3,5,90.0,828.0,1.0525787,1.0525787,1.0525787,1.0523865,-2.95256854838791e-05,-3.0304079658601167e-05
batch3,5,91.0,828.0,1.0524834,1.0524834,1.0524834,1.0523789,-3.143475806451727e-05,-3.0005650071122676e-05
batch3,5,92.0,828.0,1.0522468,1.0522468,1.0522468,1.0523028,-3.2513790322586365e-05,-2.9966051209100122e-05
batch3,5,93.0,828.0,1.0523028,1.0523028,1.0523028,1.0522468,-3.377645161290079e-05,-3.000060597439336e-05
batch3,5,94.0,828.0,1.0520445,1.0520445,1.0520445,1.0520445,-3.489620967741699e-05,-2.9959604551925023e-05
batch3,5,95.0,828.0,1.0520326,1.0520326,1.0520326,1.0520326,-3.7389435483873264e-05,-2.9985371266005015e-05
batch3,5,96.0,828.0,1.0519284,1.0519284,1.0519284,1.0519971,-3.897689516128995e-05,-2.9981354196302083e-05
batch3,5,97.0,828.0,1.0519971,1.0519971,1.0519971,1.0519284,-4.006266129031502e-05,-3.0071533428172782e-05
batch3,5,98.0,828.0,1.0518842,1.0518842,1.0518842,1.0519266,-4.013104838709736e-05,-3.0229644381222594e-05
batch3,5,99.0,828.0,1.0519078,1.0519078,1.0519078,1.0519078,-3.9432258064517805e-05,-3.0526975817926557e-05
batch3,5,100.0,828.0,1.0518515,1.0518515,1.0518515,1.0518842,-3.902487903226844e-05,-3.0715376955904404e-05
batch3,5,101.0,828.0,1.0518453,1.0518453,1.0518453,1.0518515,-3.666939516128759e-05,-3.104077667141e-05
batch3,5,102.0,828.0,1.0519266,1.0519266,1.0519266,1.0518453,-3.5600080645160246e-05,-3.121710953058467e-05
batch3,5,103.0,828.0,1.0517164,1.0517164,1.0517164,1.0517164,-3.394217741935404e-05,-3.1375081081080316e-05
batch3,5,104.0,828.0,1.0516977,1.0516977,1.0516977,1.0517049,-3.1365362903225336e-05,-3.171886486486155e-05
batch3,5,105.0,828.0,1.0517049,1.0517049,1.0517049,1.0516977,-2.894173387097034e-05,-3.2098844950211025e-05
batch3,5,106.0,828.0,1.051682,1.051682,1.051682,1.0516973,-2.540572580646006e-05,-3.265464011379672e-05
batch3,5,107.0,828.0,1.0516973,1.0516973,1.0516973,1.0516968,-2.2944354838707468e-05,-3.315795732574474e-05
batch3,5,108.0,828.0,1.051669,1.051669,1.051669,1.051682,-2.1482822580647076e-05,-3.3690768136555425e-05
batch3,5,109.0,828.0,1.0516968,1.0516968,1.0516968,1.051669,-1.9314758064519315e-05,-3.406415647226304e-05
batch3,5,110.0,828.0,1.0514834,1.0514834,1.0514834,1.0515181,-1.914592741935886e-05,-3.46948307254624e-05
batch3,5,111.0,828.0,1.0514467,1.0514467,1.0514467,1.0515181,-1.8471774193550363e-05,-3.512332574679955e-05
batch3,5,112.0,828.0,1.0515145,1.0515145,1.0515145,1.0515181,-1.9989838709670434e-05,-3.547301280227318e-05
batch3,5,113.0,828.0,1.0515181,1.0515181,1.0515181,1.0515181,-1.9842822580643416e-05,-3.601013940255902e-05
batch3,5,114.0,828.0,1.0514742,1.0514742,1.0514742,1.0515181,-2.1205725806458525e-05,-3.637033001422728e-05
batch3,5,115.0,828.0,1.0514878,1.0514878,1.0514878,1.0515181,-2.237282258063915e-05,-3.66861906116612e-05
batch3,5,116.0,828.0,1.0515561,1.0515561,1.0515561,1.0515255,-2.3847338709692245e-05,-3.694821906116457e-05
batch3,5,117.0,828.0,1.0515778,1.0515778,1.0515778,1.0515255,-2.545125000001392e-05,-3.724998577525024e-05
batch3,5,118.0,828.0,1.0516136,1.0516136,1.0516136,1.0515255,-2.631387096774876e-05,-3.742681365576319e-05
batch3,5,119.0,828.0,1.0516484,1.0516484,1.0516484,1.0515255,-2.8557822580651016e-05,-3.7598244665714326e-05
batch3,5,120.0,828.0,1.0515255,1.0515255,1.0515255,1.0515255,-3.083798387096527e-05,-3.7621123755331217e-05
batch3,5,121.0,828.0,1.05155,1.05155,1.05155,1.0515255,-3.35285887096681e-05,-3.7493889046942444e-05
batch3,5,122.0,828.0,1.0514054,1.0514054,1.0514054,1.0514226,-3.564778225806388e-05,-3.751127738265094e-05
batch3,5,123.0,828.0,1.0514206,1.0514206,1.0514206,1.0514206,-3.764625000000407e-05,-3.7281288762445586e-05
batch3,5,124.0,828.0,1.0514226,1.0514226,1.0514226,1.0514054,-3.949568548386596e-05,-3.729591465149353e-05
batch3,5,125.0,828.0,1.0513089,1.0513089,1.0513089,1.0513561,-4.1054032258066014e-05,-3.744282503556452e-05
batch3,5,126.0,828.0,1.0513561,1.0513561,1.0513561,1.0513089,-4.450407258064011e-05,-3.7623470839261035e-05
batch3,5,127.0,828.0,1.0510597,1.0510597,1.0510597,1.0512038,-4.820975806451345e-05,-3.761816785206498e-05
batch3,5,128.0,828.0,1.0512038,1.0512038,1.0512038,1.0510597,-5.105334677419214e-05,-3.768400853485058e-05
batch3,5,129.0,828.0,1.0510217,1.0510217,1.0510217,1.0510217,-5.441661290323224e-05,-3.790279089616193e-05
batch3,5,130.0,828.0,1.0509714,1.0509714,1.0509714,1.0509714,-5.7305120967738425e-05,-3.8331997155057956e-05
batch3,5,131.0,828.0,1.0509182,1.0509182,1.0509182,1.0509182,-5.9212459677417226e-05,-3.862985490754586e-05
batch3,5,132.0,828.0,1.0508412,1.0508412,1.0508412,1.0508412,-6.0324395161293174e-05,-3.9130788051209723e-05
batch3,5,133.0,828.0,1.0508101,1.0508101,1.0508101,1.0508101,-6.1074838709684e-05,-3.94665092460863e-05
batch3,5,134.0,828.0,1.0507315,1.0507315,1.0507315,1.0507315,-6.0758306451620106e-05,-3.997766714082713e-05
batch3,5,135.0,828.0,1.0506798,1.0506798,1.0506798,1.0506798,-5.9302258064517376e-05,-4.0309769559033634e-05
batch3,5,136.0,828.0,1.0505364,1.0505364,1.0505364,1.0505774,-5.777036290322967e-05,-4.106820483641491e-05
batch3,5,137.0,828.0,1.0505774,1.0505774,1.0505774,1.0505364,-5.53004435483854e-05,-4.156770128022668e-05
batch3,5,138.0,828.0,1.0505074,1.0505074,1.0505074,1.0505074,-5.2914959677418616e-05,-4.217443812233057e-05
batch3,5,139.0,828.0,1.0504829,1.0504829,1.0504829,1.0504829,-5.0156491935488885e-05,-4.269390327169088e-05
batch3,5,140.0,828.0,1.0504223,1.0504223,1.0504223,1.0504223,-4.724374999999282e-05,-4.2946201991462766e-05
batch3,5,141.0,828.0,1.0502522,1.0502522,1.0502522,1.0502522,-4.4554475806452744e-05,-4.3347203413941104e-05
batch3,5,142.0,828.0,1.050167,1.050167,1.050167,1.050167,-4.11795161290222e-05,-4.3823135135132e-05
batch3,5,143.0,828.0,1.0501519,1.0501519,1.0501519,1.0501519,-3.931705645162133e-05,-4.4135302987195897e-05
batch3,5,144.0,828.0,1.0499713,1.0499713,1.0499713,1.0500425,-3.6538991935489356e-05,-4.4513055476529084e-05
batch3,5,145.0,828.0,1.0499935,1.0499935,1.0499935,1.0500084,-3.449314516128827e-05,-4.4902432432429706e-05
batch3,5,146.0,828.0,1.0500425,1.0500425,1.0500425,1.0500084,-3.237028225805961e-05,-4.510529729729666e-05
batch3,5,147.0,828.0,1.0500048,1.0500048,1.0500048,1.0500084,-3.135762096774262e-05,-4.5599396870557334e-05
batch3,5,148.0,828.0,1.049938,1.049938,1.049938,1.0500084,-3.1351532258072366e-05,-4.627405974395358e-05
batch3,5,149.0,828.0,1.0499669,1.0499669,1.0499669,1.0500084,-3.066983870967795e-05,-4.6829095305829704e-05
batch3,5,150.0,828.0,1.0500084,1.0500084,1.0500084,1.0500084,-3.142471774193932e-05,-4.739883926031465e-05
batch3,5,151.0,828.0,1.0500427,1.0500427,1.0500427,1.0500084,-3.275544354838641e-05,-4.7808423897584894e-05
batch3,5,152.0,828.0,1.0500728,1.0500728,1.0500728,1.0500076,-3.4678750000000854e-05,-4.830096159317238e-05
batch3,5,153.0,828.0,1.0501146,1.0501146,1.0501146,1.0500076,-3.586661290323307e-05,-4.859625889047067e-05
batch3,5,154.0,828.0,1.050074,1.050074,1.050074,1.0500076,-3.69927419354845e-05,-4.89434480796579e-05
batch3,5,155.0,828.0,1.0500076,1.0500076,1.0500076,1.0500076,-3.716052419354903e-05,-4.927807396869897e-05
batch3,5,156.0,828.0,1.0499976,1.0499976,1.0499976,1.0499976,-3.8016088709677404e-05,-4.949427311521833e-05
batch3,5,157.0,828.0,1.0499732,1.0499732,1.0499732,1.0499732,-3.92774999999943e-05,-4.946971550498074e-05
batch3,5,158.0,828.0,1.0499471,1.0499471,1.0499471,1.0499471,-4.283233870968101e-05,-4.974415931720957e-05
batch3,5,159.0,828.0,1.0498706,1.0498706,1.0498706,1.0498706,-4.5066169354836305e-05,-4.985649217638485e-05
batch3,5,160.0,828.0,1.0498549,1.0498549,1.0498549,1.0498549,-4.869677419354608e-05,-5.010519772404283e-05
batch3,5,161.0,828.0,1.0498435,1.0498435,1.0498435,1.0498435,-5.16422983870982e-05,-5.025339971550435e-05
batch3,5,162.0,828.0,1.0496415,1.0496415,1.0496415,1.0496415,-5.3230604838711956e-05,-5.025174110953143e-05
batch3,5,163.0,828.0,1.0494721,1.0494721,1.0494721,1.0495257,-5.4613749999994944e-05,-5.0458054054054856e-05
batch3,5,164.0,828.0,1.0495257,1.0495257,1.0495257,1.0494721,-5.6723427419354594e-05,-5.068258890469258e-05
batch3,5,165.0,828.0,1.0492864,1.0492864,1.0492864,1.0492864,-5.7723830645157125e-05,-5.101332005689799e-05
batch3,5,166.0,828.0,1.04915,1.04915,1.04915,1.0491595,-5.8669677419355e-05,-5.129960170697098e-05
batch3,5,167.0,828.0,1.049103,1.049103,1.049103,1.04915,-5.9485362903233964e-05,-5.164682788051414e-05
batch3,5,168.0,828.0,1.0490853,1.0490853,1.0490853,1.049103,-5.87507661290312e-05,-5.202673684210744e-05
batch3,5,169.0,828.0,1.0490707,1.0490707,1.0490707,1.0490853,-5.949572580644676e-05,-5.253231863442622e-05
batch3,5,170.0,828.0,1.0491595,1.0491595,1.0491595,1.0490707,-6.0012137096770826e-05,-5.3081098150778936e-05
batch3,5,171.0,828.0,1.0490222,1.0490222,1.0490222,1.0490432,-5.980939516128532e-05,-5.3539598862020205e-05
batch3,5,172.0,828.0,1.0490432,1.0490432,1.0490432,1.0490222,-5.99800806451559e-05,-5.397238406827979e-05
batch3,5,173.0,828.0,1.0486743,1.0486743,1.0486743,1.0488093,-5.918758064515302e-05,-5.441860597439815e-05
batch3,5,174.0,828.0,1.0488093,1.0488093,1.0488093,1.04877,-5.856818548386793e-05,-5.494192034139404e-05
batch3,5,175.0,828.0,1.0486815,1.0486815,1.0486815,1.0487593,-5.716729838710377e-05,-5.5242523470839426e-05
batch3,5,176.0,828.0,1.0486851,1.0486851,1.0486851,1.0486926,-5.641584677419504e-05,-5.5454987197723126e-05
batch3,5,177.0,828.0,1.04877,1.04877,1.04877,1.0486851,-5.559278225806286e-05,-5.569536842104876e-05
batch3,5,178.0,828.0,1.0487593,1.0487593,1.0487593,1.0486815,-5.5388588709680775e-05,-5.594679658606118e-05
batch3,5,179.0,828.0,1.0486274,1.0486274,1.0486274,1.0486815,-5.496427419354353e-05,-5.621096443812608e-05
batch3,5,180.0,828.0,1.0486926,1.0486926,1.0486926,1.0486274,-5.509778225806904e-05,-5.658009672830558e-05
batch3,5,181.0,828.0,1.0485724,1.0485724,1.0485724,1.0485804,-5.5840241935480324e-05,-5.689225604552059e-05
batch3,5,182.0,828.0,1.0484616,1.0484616,1.0484616,1.0485724,-5.7297822580646485e-05,-5.725409957325862e-05
batch3,5,183.0,828.0,1.0485804,1.0485804,1.0485804,1.0484616,-5.8535201612902474e-05,-5.7577718349927395e-05
batch3,5,184.0,828.0,1.0481917,1.0481917,1.0481917,1.0482057,-5.9012661290326606e-05,-5.796000568990485e-05
batch3,5,185.0,828.0,1.0481446,1.0481446,1.0481446,1.0481917,-6.006274193548338e-05,-5.8250944523472286e-05
batch3,5,186.0,828.0,1.0482057,1.0482057,1.0482057,1.0481446,-6.086971774193929e-05,-5.871942247510612e-05
batch3,5,187.0,828.0,1.0480345,1.0480345,1.0480345,1.0480889,-6.119330645162002e-05,-5.8887863442389534e-05
batch3,5,188.0,828.0,1.0480889,1.0480889,1.0480889,1.048041,-6.19109677419464e-05,-5.9171391180656437e-05
batch3,5,189.0,828.0,1.0479625,1.0479625,1.0479625,1.0480345,-6.40820161290309e-05,-5.9191100995731556e-05
batch3,5,190.0,828.0,1.048041,1.048041,1.048041,1.0479625,-6.523427419355036e-05,-5.912074537695559e-05
batch3,5,191.0,828.0,1.0478284,1.0478284,1.0478284,1.0478284,-6.749560483870904e-05,-5.902532859174647e-05
batch3,5,192.0,828.0,1.0477173,1.0477173,1.0477173,1.0477756,-6.939737903225861e-05,-5.88636130867692e-05
batch3,5,193.0,828.0,1.0476887,1.0476887,1.0476887,1.0477173,-6.990108870967427e-05,-5.879974679943217e-05
batch3,5,194.0,828.0,1.0477756,1.0477756,1.0477756,1.0476887,-6.966108870967553e-05,-5.8586506401134545e-05
batch3,5,195.0,828.0,1.0475131,1.0475131,1.0475131,1.0475335,-6.984104838710271e-05,-5.8321001422474984e-05
batch3,5,196.0,828.0,1.0475335,1.0475335,1.0475335,1.0475131,-6.899334677419272e-05,-5.811485064011369e-05
batch3,5,197.0,828.0,1.0474439,1.0474439,1.0474439,1.0474488,-6.767826612903471e-05,-5.790412517781434e-05
batch3,5,198.0,828.0,1.0474167,1.0474167,1.0474167,1.0474439,-6.598870967741496e-05,-5.7518588904691926e-05
batch3,5,199.0,828.0,1.0474488,1.0474488,1.0474488,1.0474167,-6.34375806451617e-05,-5.723873684210476e-05
batch3,5,200.0,828.0,1.0472606,1.0472606,1.0472606,1.0472606,-6.290056451613391e-05,-5.7103576102418556e-05
batch3,5,201.0,828.0,1.0470854,1.0470854,1.0470854,1.0471735,-6.163693548387158e-05,-5.71801820768097e-05
batch3,5,202.0,828.0,1.0471735,1.0471735,1.0471735,1.0470854,-6.0010524193546896e-05,-5.709937126600511e-05
batch3,5,203.0,828.0,1.0469627,1.0469627,1.0469627,1.0469772,-5.8959395161287185e-05,-5.721303556187642e-05
batch3,5,204.0,828.0,1.0469772,1.0469772,1.0469772,1.0469627,-5.6671814516126746e-05,-5.7355337126600876e-05
batch3,5,205.0,828.0,1.0468885,1.0468885,1.0468885,1.0468885,-5.502616935483262e-05,-5.7581718349925825e-05
batch3,5,206.0,828.0,1.0467134,1.0467134,1.0467134,1.0467134,-5.345858870967505e-05,-5.7716463726883933e-05
batch3,5,207.0,828.0,1.0466378,1.0466378,1.0466378,1.0466419,-5.237383064516847e-05,-5.78696927453743e-05
batch3,5,208.0,828.0,1.0466419,1.0466419,1.0466419,1.0466378,-5.256564516129172e-05,-5.794710099573335e-05
batch3,5,209.0,828.0,1.0466344,1.0466344,1.0466344,1.0466357,-5.1337056451611154e-05,-5.8139317211952235e-05
batch3,5,210.0,828.0,1.046564,1.046564,1.046564,1.0466344,-5.045810483870631e-05,-5.811858890469471e-05
batch3,5,211.0,828.0,1.0465268,1.0465268,1.0465268,1.0465879,-4.987133064515881e-05,-5.842926031294501e-05
batch3,5,212.0,828.0,1.0465879,1.0465879,1.0465879,1.046564,-4.8859959677428976e-05,-5.854457467994187e-05
batch3,5,213.0,828.0,1.0466357,1.0466357,1.0466357,1.0465305,-4.85631048387105e-05,-5.872395163584777e-05
batch3,5,214.0,828.0,1.0465297,1.0465297,1.0465297,1.0465297,-4.784064516129497e-05,-5.8683479374113e-05
batch3,5,215.0,828.0,1.0464746,1.0464746,1.0464746,1.0465268,-4.709411290322643e-05,-5.8595459459460235e-05
batch3,5,216.0,828.0,1.0465305,1.0465305,1.0465305,1.0464746,-4.661681451612932e-05,-5.845426173541985e-05
batch3,5,217.0,828.0,1.0464177,1.0464177,1.0464177,1.0464225,-4.687560483870575e-05,-5.846025320056913e-05
batch3,5,218.0,828.0,1.046386,1.046386,1.046386,1.0464177,-4.685887096774769e-05,-5.82957553342838e-05
batch3,5,219.0,828.0,1.0464225,1.0464225,1.0464225,1.046386,-4.7739314516133005e-05,-5.8166773826458896e-05
batch3,5,220.0,828.0,1.0463401,1.0463401,1.0463401,1.0463401,-4.752608870967728e-05,-5.8079877667139395e-05
batch3,5,221.0,828.0,1.0461353,1.0461353,1.0461353,1.0461552,-4.8529758064525156e-05,-5.784450640113713e-05
batch3,5,222.0,828.0,1.0461552,1.0461552,1.0461552,1.0461353,-5.0332096774195325e-05,-5.814565860597597e-05
batch3,5,223.0,828.0,1.0459511,1.0459511,1.0459511,1.0460987,-5.290375000000309e-05,-5.828644381223243e-05
batch3,5,224.0,828.0,1.0460987,1.0460987,1.0460987,1.0459511,-5.496197580644595e-05,-5.841565291607328e-05
batch3,5,225.0,828.0,1.0458422,1.0458422,1.0458422,1.045945,-5.678528225805996e-05,-5.857612517781069e-05
batch3,5,226.0,828.0,1.045945,1.045945,1.045945,1.0458889,-5.8415201612903505e-05,-5.856320625889184e-05
batch3,5,227.0,828.0,1.0458889,1.0458889,1.0458889,1.0458422,-6.051665322581486e-05,-5.844973541963021e-05
batch3,5,228.0,828.0,1.0457567,1.0457567,1.0457567,1.0457567,-6.160044354838711e-05,-5.8326827880515095e-05
batch3,5,229.0,828.0,1.0457436,1.0457436,1.0457436,1.0457436,-6.237435483870858e-05,-5.836287055476308e-05
batch3,5,230.0,828.0,1.0456018,1.0456018,1.0456018,1.0456349,-6.388112903226672e-05,-5.848721763868926e-05
batch3,5,231.0,828.0,1.0456349,1.0456349,1.0456349,1.0456018,-6.550754032259058e-05,-5.863025604551987e-05
batch3,5,232.0,828.0,1.0455917,1.0455917,1.0455917,1.0455917,-6.561516129031577e-05,-5.844878520625703e-05
batch3,5,233.0,828.0,1.0454437,1.0454437,1.0454437,1.0454664,-6.599286290322099e-05,-5.858191180654111e-05
batch3,5,234.0,828.0,1.0454049,1.0454049,1.0454049,1.0454437,-6.619209677419472e-05,-5.867858605974496e-05
batch3,5,235.0,828.0,1.0454664,1.0454664,1.0454664,1.0454049,-6.564983870968212e-05,-5.88559857752515e-05
batch3,5,236.0,828.0,1.0452591,1.0452591,1.0452591,1.0452591,-6.427076612902661e-05,-5.891378093883352e-05
batch3,5,237.0,828.0,1.0452052,1.0452052,1.0452052,1.0452052,-6.439455645160998e-05,-5.889900711237165e-05
batch3,5,238.0,828.0,1.0450581,1.0450581,1.0450581,1.0450581,-6.400419354839004e-05,-5.916915789473818e-05
batch3,5,239.0,828.0,1.0450333,1.0450333,1.0450333,1.0450333,-6.491915322580278e-05,-5.947235846372364e-05
batch3,5,240.0,828.0,1.0449729,1.0449729,1.0449729,1.0449729,-6.429967741935439e-05,-5.964713513513587e-05
batch3,5,241.0,828.0,1.0449692,1.0449692,1.0449692,1.0449692,-6.472943548386836e-05,-5.993334281650251e-05
batch3,5,242.0,828.0,1.0448246,1.0448246,1.0448246,1.0448246,-6.406181451613349e-05,-6.0182332859175296e-05
batch3,5,243.0,828.0,1.0448142,1.0448142,1.0448142,1.0448142,-6.35819758064567e-05,-6.04412432432435e-05
batch3,5,244.0,828.0,1.0446962,1.0446962,1.0446962,1.0446962,-6.458193548387133e-05,-6.086416785206347e-05
batch3,5,245.0,828.0,1.0445588,1.0445588,1.0445588,1.0445588,-6.434379032258838e-05,-6.142024182077015e-05
batch3,5,246.0,828.0,1.0444664,1.0444664,1.0444664,1.044524,-6.52411693548331e-05,-6.176979516358448e-05
batch3,5,247.0,828.0,1.044524,1.044524,1.044524,1.0444664,-6.4974919354849e-05,-6.219784921763645e-05
batch3,5,248.0,828.0,1.0444659,1.0444659,1.0444659,1.0444659,-6.422629032259068e-05,-6.270621906116972e-05
batch3,5,249.0,828.0,1.0443991,1.0443991,1.0443991,1.0444384,-6.299032258065131e-05,-6.322363869132089e-05
batch3,5,250.0,828.0,1.0443503,1.0443503,1.0443503,1.0443991,-6.242254032258468e-05,-6.345359032717112e-05
batch3,5,251.0,828.0,1.0444384,1.0444384,1.0444384,1.0443503,-6.101854838709224e-05,-6.366934850640402e-05
batch3,5,252.0,828.0,1.0442816,1.0442816,1.0442816,1.0442816,-6.066411290322515e-05,-6.388768990042834e-05
batch3,5,253.0,828.0,1.0442218,1.0442218,1.0442218,1.0442218,-6.0526129032248735e-05,-6.408761308677288e-05
batch3,5,254.0,828.0,1.0440948,1.0440948,1.0440948,1.0440948,-5.994274193548327e-05,-6.411210241820445e-05
batch3,5,255.0,828.0,1.0440673,1.0440673,1.0440673,1.0440673,-5.972387096774462e-05,-6.433236415362535e-05
batch3,5,256.0,828.0,1.044032,1.044032,1.044032,1.044032,-5.9770604838715935e-05,-6.455192603129562e-05
batch3,5,257.0,828.0,1.0439831,1.0439831,1.0439831,1.0439831,-5.9709959677418466e-05,-6.46401963015651e-05
batch3,5,258.0,828.0,1.0438811,1.0438811,1.0438811,1.0438811,-5.964907258063295e-05,-6.48358719772407e-05
batch3,5,259.0,828.0,1.0436436,1.0436436,1.0436436,1.0437214,-5.941951612902974e-05,-6.518314366998818e-05
batch3,5,260.0,828.0,1.0437214,1.0437214,1.0437214,1.0436615,-6.0390483870966016e-05,-6.538729445235001e-05
batch3,5,261.0,828.0,1.0435501,1.0435501,1.0435501,1.0436436,-6.128939516129396e-05,-6.582358748221813e-05
batch3,5,262.0,828.0,1.0435704,1.0435704,1.0435704,1.0435704,-6.256649193548105e-05,-6.604775817923146e-05
batch3,5,263.0,828.0,1.0435586,1.0435586,1.0435586,1.0435586,-6.280645161289786e-05,-6.63319715505018e-05
batch3,5,264.0,828.0,1.0436615,1.0436615,1.0436615,1.0435501,-6.324056451612499e-05,-6.64812859174952e-05
batch3,5,265.0,828.0,1.0434736,1.0434736,1.0434736,1.0434736,-6.355733870967973e-05,-6.650229871977442e-05
batch3,5,266.0,828.0,1.0434175,1.0434175,1.0434175,1.0434175,-6.39925403225849e-05,-6.687249502133627e-05
batch3,5,267.0,828.0,1.0433285,1.0433285,1.0433285,1.0433285,-6.407197580644303e-05,-6.70867339971559e-05
batch3,5,268.0,828.0,1.0432215,1.0432215,1.0432215,1.0433198,-6.383141129032624e-05,-6.743281934566452e-05
batch3,5,269.0,828.0,1.0433198,1.0433198,1.0433198,1.0432215,-6.429205645162255e-05,-6.766474537695553e-05
batch3,5,270.0,828.0,1.0431701,1.0431701,1.0431701,1.0431701,-6.548588709677378e-05,-6.800191749644443e-05
batch3,5,271.0,828.0,1.0430664,1.0430664,1.0430664,1.0430664,-6.657717741935533e-05,-6.835642105263042e-05
batch3,5,272.0,828.0,1.042961,1.042961,1.042961,1.0429814,-6.650556451612448e-05,-6.867255476529014e-05
batch3,5,273.0,828.0,1.0429814,1.0429814,1.0429814,1.042961,-6.689104838709493e-05,-6.883471123755473e-05
batch3,5,274.0,828.0,1.0428975,1.0428975,1.0428975,1.0428975,-6.720637096774686e-05,-6.901920910383994e-05
batch3,5,275.0,828.0,1.0426971,1.0426971,1.0426971,1.0427223,-6.853935483869929e-05,-6.923868278805143e-05
batch3,5,276.0,828.0,1.0427223,1.0427223,1.0427223,1.0426971,-6.8716975806449e-05,-6.94994736842151e-05
batch3,5,277.0,828.0,1.0426359,1.0426359,1.0426359,1.0426359,-7.040463709677837e-05,-6.976452631578551e-05
batch3,5,278.0,828.0,1.0426239,1.0426239,1.0426239,1.0426239,-7.174375000000326e-05,-7.00813172119504e-05
batch3,5,279.0,828.0,1.0425271,1.0425271,1.0425271,1.0425271,-7.257758064516209e-05,-7.019613371266002e-05
batch3,5,280.0,828.0,1.0424885,1.0424885,1.0424885,1.0424885,-7.279858870967276e-05,-7.046936842105317e-05
batch3,5,281.0,828.0,1.0423936,1.0423936,1.0423936,1.0423936,-7.368467741936291e-05,-7.068012233285726e-05
batch3,5,282.0,828.0,1.042228,1.042228,1.042228,1.0423008,-7.411294354838643e-05,-7.107976671408514e-05
batch3,5,283.0,828.0,1.0423008,1.0423008,1.0423008,1.042228,-7.508173387097318e-05,-7.146789758179219e-05
batch3,5,284.0,828.0,1.0421166,1.0421166,1.0421166,1.0421166,-7.630653225806592e-05,-7.176180369843604e-05
batch3,5,285.0,828.0,1.0419905,1.0419905,1.0419905,1.0419905,-7.556354838710543e-05,-7.171753911806721e-05
batch3,5,286.0,828.0,1.0418965,1.0418965,1.0418965,1.0419817,-7.549883064516188e-05,-7.177455476529037e-05
batch3,5,287.0,828.0,1.0419817,1.0419817,1.0419817,1.0418965,-7.491745967742223e-05,-7.187252631578867e-05
batch3,5,288.0,828.0,1.0418216,1.0418216,1.0418216,1.0418216,-7.61440322580581e-05,-7.207578378378376e-05
batch3,5,289.0,828.0,1.0417979,1.0417979,1.0417979,1.0417979,-7.614584677419157e-05,-7.214636130867856e-05
batch3,5,290.0,828.0,1.0417441,1.0417441,1.0417441,1.0417441,-7.64448387096824e-05,-7.237421621621581e-05
batch3,5,291.0,828.0,1.0417255,1.0417255,1.0417255,1.0417255,-7.744770161290283e-05,-7.251108392603504e-05
batch3,5,292.0,828.0,1.0415255,1.0415255,1.0415255,1.0415255,-7.855653225806153e-05,-7.241155618776805e-05
batch3,5,293.0,828.0,1.0414265,1.0414265,1.0414265,1.0414265,-7.927076612903675e-05,-7.259796586059717e-05
batch3,5,294.0,828.0,1.0413797,1.0413797,1.0413797,1.0413797,-7.947697580644842e-05,-7.269599715504915e-05
batch3,5,295.0,828.0,1.041226,1.041226,1.041226,1.041226,-7.966387096775008e-05,-7.280526884779699e-05
batch3,5,296.0,828.0,1.0411541,1.0411541,1.0411541,1.0411541,-7.883423387096549e-05,-7.288725462304507e-05
batch3,5,297.0,828.0,1.041135,1.041135,1.041135,1.041135,-7.836951612903343e-05,-7.31753058321481e-05
batch3,5,298.0,828.0,1.0409884,1.0409884,1.0409884,1.0409884,-7.818483870967685e-05,-7.332573257468289e-05
batch3,5,299.0,828.0,1.0409042,1.0409042,1.0409042,1.0409702,-7.73247983871002e-05,-7.34973798008547e-05
batch3,5,300.0,828.0,1.0409702,1.0409702,1.0409702,1.0409042,-7.743794354838071e-05,-7.360407681365711e-05
batch3,5,301.0,828.0,1.0408611,1.0408611,1.0408611,1.0409032,-7.707782258063937e-05,-7.370943669986032e-05
batch3,5,302.0,828.0,1.0409032,1.0409032,1.0409032,1.0408611,-7.729612903226468e-05,-7.359767283072779e-05
batch3,5,303.0,828.0,1.0405725,1.0405725,1.0405725,1.040594,-7.648133064516378e-05,-7.365345092460925e-05
batch3,5,304.0,828.0,1.040594,1.040594,1.040594,1.0405725,-7.693919354838486e-05,-7.361440967283052e-05
batch3,5,305.0,828.0,1.0404752,1.0404752,1.0404752,1.0404752,-7.651508064516353e-05,-7.372620768136759e-05
batch3,5,306.0,828.0,1.0404111,1.0404111,1.0404111,1.0404111,-7.51965725806509e-05,-7.391411664295953e-05
batch3,5,307.0,828.0,1.0402143,1.0402143,1.0402143,1.0402143,-7.230395161289778e-05,-7.382444950213257e-05
batch3,5,308.0,828.0,1.0402045,1.0402045,1.0402045,1.0402045,-7.086104838709473e-05,-7.379476244665836e-05
batch3,5,309.0,828.0,1.0401392,1.0401392,1.0401392,1.0401392,-6.984580645161235e-05,-7.373851778093884e-05
batch3,5,310.0,828.0,1.04008,1.04008,1.04008,1.0401261,-6.940612903226823e-05,-7.373439829303216e-05
batch3,5,311.0,828.0,1.0401261,1.0401261,1.0401261,1.04008,-6.968052419354935e-05,-7.364275960170788e-05
batch3,5,312.0,828.0,1.0400095,1.0400095,1.0400095,1.0400095,-7.033689516129448e-05,-7.352535135134847e-05
batch3,5,313.0,828.0,1.0399809,1.0399809,1.0399809,1.0399809,-7.018145161290587e-05,-7.359558748222391e-05
batch3,5,314.0,828.0,1.0398651,1.0398651,1.0398651,1.0398651,-6.878201612903218e-05,-7.348960739686994e-05
batch3,5,315.0,828.0,1.0397383,1.0397383,1.0397383,1.0397925,-6.94440725806507e-05,-7.351487055476697e-05
batch3,5,316.0,828.0,1.0397925,1.0397925,1.0397925,1.0397383,-6.893782258065273e-05,-7.352269985775491e-05
batch3,5,317.0,828.0,1.0396506,1.0396506,1.0396506,1.0396506,-6.884241935484445e-05,-7.3516495021337e-05
batch3,5,318.0,828.0,1.0395808,1.0395808,1.0395808,1.0395808,-6.764181451612565e-05,-7.33199857752487e-05
batch3,5,319.0,828.0,1.0393811,1.0393811,1.0393811,1.0395603,-6.820278225806386e-05,-7.319518918918986e-05
batch3,5,320.0,828.0,1.0393895,1.0393895,1.0393895,1.0394342,-6.83082661290338e-05,-7.30933058321479e-05
batch3,5,321.0,828.0,1.0394342,1.0394342,1.0394342,1.0393896,-6.82112903225821e-05,-7.283675106685472e-05
batch3,5,322.0,828.0,1.0395603,1.0395603,1.0395603,1.0393895,-6.82764516128978e-05,-7.269573826458162e-05
batch3,5,323.0,828.0,1.0393896,1.0393896,1.0393896,1.0393811,-6.95313306451583e-05,-7.276102702702633e-05
batch3,5,324.0,828.0,1.0392821,1.0392821,1.0392821,1.0392821,-7.02883064516174e-05,-7.282061166429697e-05
batch3,5,325.0,828.0,1.0390939,1.0390939,1.0390939,1.0390939,-7.13190322580749e-05,-7.258190327169622e-05
batch3,5,326.0,828.0,1.0389874,1.0389874,1.0389874,1.0390627,-7.186294354839494e-05,-7.25088421052654e-05
batch3,5,327.0,828.0,1.0388517,1.0388517,1.0388517,1.0389874,-7.246229838709515e-05,-7.240335135135192e-05
batch3,5,328.0,828.0,1.0388528,1.0388528,1.0388528,1.0388528,-7.354467741934998e-05,-7.224780369843242e-05
batch3,5,329.0,828.0,1.0390627,1.0390627,1.0390627,1.0388517,-7.378786290322663e-05,-7.209761024181957e-05
batch3,5,330.0,828.0,1.0386833,1.0386833,1.0386833,1.0386833,-7.418403225806507e-05,-7.207271692745123e-05
batch3,5,331.0,828.0,1.038658,1.038658,1.038658,1.038658,-7.460145161289671e-05,-7.193374395447699e-05
batch3,5,332.0,828.0,1.0385523,1.0385523,1.0385523,1.0385523,-7.434366935483889e-05,-7.182281650071276e-05
batch3,5,333.0,828.0,1.0385362,1.0385362,1.0385362,1.0385362,-7.459443548387601e-05,-7.190491038406576e-05
batch3,5,334.0,828.0,1.0384399,1.0384399,1.0384399,1.0384399,-7.463560483871108e-05,-7.212696443812094e-05
batch3,5,335.0,828.0,1.0383501,1.0383501,1.0383501,1.0383607,-7.581274193547844e-05,-7.226639260312906e-05
batch3,5,336.0,828.0,1.0383607,1.0383607,1.0383607,1.0383501,-7.611254032258613e-05,-7.23353428165001e-05
batch3,5,337.0,828.0,1.0382613,1.0382613,1.0382613,1.0382613,-7.637362903225767e-05,-7.244903271692765e-05
batch3,5,338.0,828.0,1.0381312,1.0381312,1.0381312,1.0381312,-7.560250000000772e-05,-7.245310668562932e-05
batch3,5,339.0,828.0,1.0380851,1.0380851,1.0380851,1.0380851,-7.512479838709657e-05,-7.245564438122366e-05
batch3,5,340.0,828.0,1.0379682,1.0379682,1.0379682,1.0379682,-7.392471774192887e-05,-7.247416785206298e-05
batch3,5,341.0,828.0,1.0379671,1.0379671,1.0379671,1.0379671,-7.373217741934928e-05,-7.286407396870643e-05
batch3,5,342.0,828.0,1.0377679,1.0377679,1.0377679,1.0377679,-7.333217741935638e-05,-7.307078236130889e-05
batch3,5,343.0,828.0,1.0376552,1.0376552,1.0376552,1.0376675,-7.338915322580544e-05,-7.341894736842014e-05
batch3,5,344.0,828.0,1.0376675,1.0376675,1.0376675,1.0376552,-7.302580645161947e-05,-7.362887055476538e-05
batch3,5,345.0,828.0,1.0376115,1.0376115,1.0376115,1.0376115,-7.173016129032209e-05,-7.386971266002765e-05
batch3,5,346.0,828.0,1.037593,1.037593,1.037593,1.037593,-7.212915322581001e-05,-7.415712375533412e-05
batch3,5,347.0,828.0,1.0375038,1.0375038,1.0375038,1.0375038,-7.149669354838659e-05,-7.43917724039851e-05
batch3,5,348.0,828.0,1.0374185,1.0374185,1.0374185,1.0374185,-7.152931451612395e-05,-7.452243527738396e-05
batch3,5,349.0,828.0,1.0373788,1.0373788,1.0373788,1.0373788,-7.134072580644231e-05,-7.439001991465379e-05
batch3,5,350.0,828.0,1.0372572,1.0372572,1.0372572,1.0372572,-7.114052419353927e-05,-7.439702418207552e-05
batch3,5,351.0,828.0,1.0372517,1.0372517,1.0372517,1.0372517,-7.144266129032287e-05,-7.430616785206051e-05
batch3,5,352.0,828.0,1.0370679,1.0370679,1.0370679,1.0370679,-7.116249999999234e-05,-7.425593456614561e-05
batch3,5,353.0,828.0,1.0369463,1.0369463,1.0369463,1.0369741,-7.020883064515818e-05,-7.45359288762453e-05
batch3,5,354.0,828.0,1.0369056,1.0369056,1.0369056,1.0369463,-6.995919354837603e-05,-7.453966429587577e-05
batch3,5,355.0,828.0,1.0369741,1.0369741,1.0369741,1.0369056,-7.017084677419555e-05,-7.461644381223314e-05
batch3,5,356.0,828.0,1.0368544,1.0368544,1.0368544,1.0368544,-7.14560080645135e-05,-7.46105462304403e-05
batch3,5,357.0,828.0,1.036853,1.036853,1.036853,1.036853,-7.210254032257634e-05,-7.47649416785189e-05
batch3,5,358.0,828.0,1.0367799,1.0367799,1.0367799,1.0367799,-7.265100806451403e-05,-7.466143669986026e-05
batch3,5,359.0,828.0,1.0367101,1.0367101,1.0367101,1.0367101,-7.366516129031524e-05,-7.449673968705431e-05
batch3,5,360.0,828.0,1.0364975,1.0364975,1.0364975,1.0364997,-7.43918951612913e-05,-7.406356187766821e-05
batch3,5,361.0,828.0,1.036451,1.036451,1.036451,1.0364975,-7.47846370967815e-05,-7.375320056899229e-05
batch3,5,362.0,828.0,1.0364997,1.0364997,1.0364997,1.036451,-7.563709677419354e-05,-7.349840113797676e-05
batch3,5,363.0,828.0,1.0363586,1.0363586,1.0363586,1.0363586,-7.709629032258277e-05,-7.347813086771283e-05
batch3,5,364.0,828.0,1.0362661,1.0362661,1.0362661,1.0362661,-7.807963709677281e-05,-7.329782930298487e-05
batch3,5,365.0,828.0,1.0362194,1.0362194,1.0362194,1.0362194,-7.932487903225262e-05,-7.320689331436674e-05
batch3,5,366.0,828.0,1.0360841,1.0360841,1.0360841,1.0360841,-8.005020161290437e-05,-7.308553058322031e-05
batch3,5,367.0,828.0,1.036018,1.036018,1.036018,1.0360792,-7.970330645160901e-05,-7.25369701280218e-05
batch3,5,368.0,828.0,1.0360792,1.0360792,1.0360792,1.036018,-8.066145161290708e-05,-7.23304779516363e-05
batch3,5,369.0,828.0,1.0359561,1.0359561,1.0359561,1.0359561,-8.163750000000217e-05,-7.223344238975316e-05
batch3,5,370.0,828.0,1.035784,1.035784,1.035784,1.035784,-8.188379032257887e-05,-7.201497012802332e-05
batch3,5,371.0,828.0,1.0355778,1.0355778,1.0355778,1.0355911,-8.044524193548123e-05,-7.191984921763504e-05
batch3,5,372.0,828.0,1.0355252,1.0355252,1.0355252,1.0355778,-7.983153225807472e-05,-7.168395163584356e-05
batch3,5,373.0,828.0,1.0355911,1.0355911,1.0355911,1.0355252,-7.845383064515612e-05,-7.164427311522745e-05
batch3,5,374.0,828.0,1.0354892,1.0354892,1.0354892,1.0354892,-7.701870967741133e-05,-7.146716358463733e-05
batch3,5,375.0,828.0,1.0353792,1.0353792,1.0353792,1.0353792,-7.709516129032554e-05,-7.12983897581795e-05
batch3,5,376.0,828.0,1.0353416,1.0353416,1.0353416,1.0353416,-7.717245967741542e-05,-7.102783783783832e-05
batch3,5,377.0,828.0,1.035134,1.035134,1.035134,1.035134,-7.707584677419684e-05,-7.08558605974392e-05
batch3,5,378.0,828.0,1.0349649,1.0349649,1.0349649,1.0349653,-7.572185483871266e-05,-7.06412261735439e-05
batch3,5,379.0,828.0,1.0349653,1.0349653,1.0349653,1.0349649,-7.489334677419702e-05,-7.05610810810795e-05
batch3,5,380.0,828.0,1.0348008,1.0348008,1.0348008,1.0348669,-7.31681048387051e-05,-7.052592887624864e-05
batch3,5,381.0,828.0,1.0348446,1.0348446,1.0348446,1.0348446,-7.16670967741847e-05,-7.05259203413947e-05
batch3,5,382.0,828.0,1.0348669,1.0348669,1.0348669,1.0348008,-7.027145161290105e-05,-7.047555334281825e-05
batch3,5,383.0,828.0,1.0346882,1.0346882,1.0346882,1.034724,-6.900943548387581e-05,-7.03741792318632e-05
batch3,5,384.0,828.0,1.0346563,1.0346563,1.0346563,1.0346882,-6.704249999999957e-05,-7.030105832147755e-05
batch3,5,385.0,828.0,1.0346677,1.0346677,1.0346677,1.0346677,-6.602258064515327e-05,-7.019392318634346e-05
batch3,5,386.0,828.0,1.034724,1.034724,1.034724,1.0346563,-6.448237903226536e-05,-7.004699004267242e-05
batch3,5,387.0,828.0,1.0345653,1.0345653,1.0345653,1.0345653,-6.397266129031988e-05,-6.977011379800408e-05
batch3,5,388.0,828.0,1.0345405,1.0345405,1.0345405,1.0345405,-6.370383064516301e-05,-6.962263442389741e-05
batch3,5,389.0,828.0,1.0344738,1.0344738,1.0344738,1.0344738,-6.192282258064263e-05,-6.953433570412318e-05
batch3,5,390.0,828.0,1.0341446,1.0341446,1.0341446,1.0342002,-6.0490564516123556e-05,-6.95448819345681e-05
batch3,5,391.0,828.0,1.0342002,1.0342002,1.0342002,1.0341446,-6.028133064516201e-05,-6.963879374110846e-05
batch3,5,392.0,828.0,1.0341254,1.0341254,1.0341254,1.0341263,-5.8989717741932545e-05,-6.961130867709649e-05
batch3,5,393.0,828.0,1.0341263,1.0341263,1.0341263,1.0341254,-5.969225806452081e-05,-6.944700995732601e-05
batch3,5,394.0,828.0,1.0340317,1.0340317,1.0340317,1.0341235,-6.014790322579793e-05,-6.94865775248965e-05
batch3,5,395.0,828.0,1.0341235,1.0341235,1.0341235,1.0340317,-6.131286290322575e-05,-6.935571266002826e-05
batch3,5,396.0,828.0,1.0339934,1.0339934,1.0339934,1.0339934,-6.28860887096825e-05,-6.917684779516217e-05
batch3,5,397.0,828.0,1.0339719,1.0339719,1.0339719,1.0339719,-6.37397580645161e-05,-6.913406827880949e-05
batch3,5,398.0,828.0,1.0338795,1.0338795,1.0338795,1.0338795,-6.314262096774895e-05,-6.909764438122185e-05
batch3,5,399.0,828.0,1.0337882,1.0337882,1.0337882,1.0337882,-6.405451612903085e-05,-6.916574964438087e-05
batch3,5,400.0,828.0,1.0336102,1.0336102,1.0336102,1.0337234,-6.42969354838714e-05,-6.91082389758173e-05
batch3,5,401.0,828.0,1.0337234,1.0337234,1.0337234,1.0336356,-6.532556451612345e-05,-6.901842958748074e-05
batch3,5,402.0,828.0,1.0336356,1.0336356,1.0336356,1.0336102,-6.503721774193644e-05,-6.907276244665851e-05
batch3,5,403.0,828.0,1.0335224,1.0335224,1.0335224,1.0335686,-6.52479838709654e-05,-6.909421052631621e-05
batch3,5,404.0,828.0,1.0335686,1.0335686,1.0335686,1.0335224,-6.541060483870532e-05,-6.91582731152224e-05
batch3,5,405.0,828.0,1.0334848,1.0334848,1.0334848,1.0334848,-6.535431451613109e-05,-6.917027596016897e-05
batch3,5,406.0,828.0,1.0332663,1.0332663,1.0332663,1.0333445,-6.746987903226667e-05,-6.930947368421167e-05
batch3,5,407.0,828.0,1.0333445,1.0333445,1.0333445,1.0332663,-6.857141129032452e-05,-6.941656614509198e-05
batch3,5,408.0,828.0,1.0331031,1.0331031,1.0331031,1.0331889,-6.944887096773634e-05,-6.960430156471942e-05
batch3,5,409.0,828.0,1.0331889,1.0331889,1.0331889,1.0331031,-6.939084677418969e-05,-6.992887908961553e-05
batch3,5,410.0,828.0,1.0329528,1.0329528,1.0329528,1.0329586,-6.999322580645591e-05,-7.02506458036994e-05
batch3,5,411.0,828.0,1.0329266,1.0329266,1.0329266,1.0329528,-7.035612903226132e-05,-7.0337866287341e-05
batch3,5,412.0,828.0,1.0328739,1.0328739,1.0328739,1.0329266,-7.094758064515706e-05,-7.055719487908895e-05
batch3,5,413.0,828.0,1.0329586,1.0329586,1.0329586,1.0328739,-7.137443548387728e-05,-7.0804256045521e-05
batch3,5,414.0,828.0,1.0327725,1.0327725,1.0327725,1.0327895,-7.138560483871215e-05,-7.12375163584665e-05
batch3,5,415.0,828.0,1.0327895,1.0327895,1.0327895,1.0327725,-7.15979435483929e-05,-7.176097012802554e-05
batch3,5,416.0,828.0,1.0325229,1.0325229,1.0325229,1.0325376,-7.338786290322025e-05,-7.25092034139426e-05
batch3,5,417.0,828.0,1.0325376,1.0325376,1.0325376,1.0325229,-7.346137096774347e-05,-7.310493598862361e-05
batch3,5,418.0,828.0,1.0324786,1.0324786,1.0324786,1.0324786,-7.333133064516703e-05,-7.376196586059829e-05
batch3,5,419.0,828.0,1.0323739,1.0323739,1.0323739,1.0323739,-7.425705645161746e-05,-7.4335621621622e-05
batch3,5,420.0,828.0,1.0323368,1.0323368,1.0323368,1.0323368,-7.356322580644666e-05,-7.466850071123872e-05
batch3,5,421.0,828.0,1.0321864,1.0321864,1.0321864,1.0321864,-7.36462096774108e-05,-7.529304978663263e-05
batch3,5,422.0,828.0,1.0321642,1.0321642,1.0321642,1.032167,-7.462387096774486e-05,-7.59283100995743e-05
batch3,5,423.0,828.0,1.0321453,1.0321453,1.0321453,1.0321642,-7.401697580645564e-05,-7.637534566145261e-05
batch3,5,424.0,828.0,1.032167,1.032167,1.032167,1.0321453,-7.515495967741607e-05,-7.672229587482407e-05
batch3,5,425.0,828.0,1.0320281,1.0320281,1.0320281,1.0320281,-7.523169354838383e-05,-7.737498719772683e-05
batch3,5,426.0,828.0,1.0318362,1.0318362,1.0318362,1.0318362,-7.614891129032272e-05,-7.78186173541962e-05
batch3,5,427.0,828.0,1.0317847,1.0317847,1.0317847,1.0317847,-7.649959677419381e-05,-7.844916358463818e-05
batch3,5,428.0,828.0,1.0316876,1.0316876,1.0316876,1.0317026,-7.826854838709724e-05,-7.936034423897635e-05
batch3,5,429.0,828.0,1.0317026,1.0317026,1.0317026,1.0316876,-7.846177419355482e-05,-8.034791180654458e-05
batch3,5,430.0,828.0,1.0316216,1.0316216,1.0316216,1.0316216,-7.911608870968293e-05,-8.113262873399828e-05
batch3,5,431.0,828.0,1.0314062,1.0314062,1.0314062,1.0314223,-7.906689516128516e-05,-8.194598577524757e-05
batch3,5,432.0,828.0,1.0314223,1.0314223,1.0314223,1.0314062,-8.023911290323177e-05,-8.28053314366999e-05
batch3,5,433.0,828.0,1.0313962,1.0313962,1.0313962,1.0313962,-8.030036290322632e-05,-8.356067425320125e-05
batch3,5,434.0,828.0,1.0311931,1.0311931,1.0311931,1.0312563,-8.079778225805864e-05,-8.432155903272001e-05
batch3,5,435.0,828.0,1.0312563,1.0312563,1.0312563,1.0311931,-8.134310483870424e-05,-8.51234509246062e-05
batch3,5,436.0,828.0,1.0310631,1.0310631,1.0310631,1.0310631,-8.286987903226291e-05,-8.606281650071246e-05
batch3,5,437.0,828.0,1.0309868,1.0309868,1.0309868,1.0310134,-8.444177419355537e-05,-8.701184637268838e-05
batch3,5,438.0,828.0,1.0310134,1.0310134,1.0310134,1.0309868,-8.626455645161687e-05,-8.80343157894731e-05
batch3,5,439.0,828.0,1.030827,1.030827,1.030827,1.030827,-8.713802419355873e-05,-8.908631009957294e-05
batch3,5,440.0,828.0,1.0307592,1.0307592,1.0307592,1.0307592,-8.70108467741929e-05,-9.011386913228971e-05
batch3,5,441.0,828.0,1.0307101,1.0307101,1.0307101,1.0307101,-8.733681451612903e-05,-9.108106685632997e-05
batch3,5,442.0,828.0,1.0306822,1.0306822,1.0306822,1.0306822,-8.745616935484606e-05,-9.177000568990072e-05
batch3,5,443.0,828.0,1.0303543,1.0303543,1.0303543,1.0303565,-8.836822580645808e-05,-9.245179231863437e-05
batch3,5,444.0,828.0,1.0303565,1.0303565,1.0303565,1.0303543,-8.959794354839332e-05,-9.326329729729777e-05
batch3,5,445.0,828.0,1.0303053,1.0303053,1.0303053,1.0303053,-8.955104838709355e-05,-9.385075675675557e-05
batch3,5,446.0,828.0,1.030239,1.030239,1.030239,1.030239,-8.963120967742257e-05,-9.449701849217791e-05
batch3,5,447.0,828.0,1.0301514,1.0301514,1.0301514,1.0301613,-9.171572580645399e-05,-9.502510953058366e-05
batch3,5,448.0,828.0,1.0301613,1.0301613,1.0301613,1.0301514,-9.217709677419033e-05,-9.549641536273114e-05
batch3,5,449.0,828.0,1.0299937,1.0299937,1.0299937,1.0299937,-9.33068951612894e-05,-9.597548790896102e-05
batch3,5,450.0,828.0,1.0299318,1.0299318,1.0299318,1.0299318,-9.509012096774858e-05,-9.63201251778107e-05
batch3,5,451.0,828.0,1.0296463,1.0296463,1.0296463,1.0296463,-9.703104838708621e-05,-9.63937837837843e-05
batch3,5,452.0,828.0,1.0296199,1.0296199,1.0296199,1.0296199,-9.828379032257059e-05,-9.671144523470799e-05
batch3,5,453.0,828.0,1.029431,1.029431,1.029431,1.029431,-9.998451612903442e-05,-9.692233854907716e-05
batch3,5,454.0,828.0,1.0294259,1.0294259,1.0294259,1.0294259,-0.00010096080645161616,-9.730906685633008e-05
batch3,5,455.0,828.0,1.0293869,1.0293869,1.0293869,1.0293869,-0.00010282911290322772,-9.774678805120897e-05
batch3,5,456.0,828.0,1.0292748,1.0292748,1.0292748,1.0293301,-0.00010412600806452092,-9.801763300142112e-05
batch3,5,457.0,828.0,1.0293301,1.0293301,1.0293301,1.0292748,-0.00010560387096774779,-9.847645234708489e-05
batch3,5,458.0,828.0,1.0290869,1.0290869,1.0290869,1.0290869,-0.00010721036290323238,-9.879451209103688e-05
batch3,5,459.0,828.0,1.0289581,1.0289581,1.0289581,1.0289712,-0.00011009822580645944,-9.931772403983232e-05
batch3,5,460.0,828.0,1.0289712,1.0289712,1.0289712,1.0289581,-0.00011205967741935647,-9.973727453769519e-05
batch3,5,461.0,828.0,1.0288545,1.0288545,1.0288545,1.0288545,-0.00011494931451612582,-0.00010010300426742069
batch3,5,462.0,828.0,1.0285684,1.0285684,1.0285684,1.0286304,-0.00011726758064514926,-0.0001003964324324305
batch3,5,463.0,828.0,1.0286304,1.0286304,1.0286304,1.0285684,-0.0001187815322580722,-0.00010075130014224832
batch3,5,464.0,828.0,1.0283616,1.0283616,1.0283616,1.0283616,-0.0001186130645161304,-0.00010108906401138103
batch3,5,465.0,828.0,1.0282679,1.0282679,1.0282679,1.0282679,-0.00011866810483871012,-0.00010145529445234503
batch3,5,466.0,828.0,1.0279794,1.0279794,1.0279794,1.0280808,-0.00011824544354838623,-0.00010175652347084185
batch3,5,467.0,828.0,1.0280808,1.0280808,1.0280808,1.0279794,-0.00011856629032258638,-0.00010206038691322864
batch3,5,468.0,828.0,1.0278893,1.0278893,1.0278893,1.0278893,-0.00011771427419353834,-0.00010235008819345828
batch3,5,469.0,828.0,1.0277742,1.0277742,1.0277742,1.0277742,-0.000117725443548392,-0.0001027369985775261
batch3,5,470.0,828.0,1.0276096,1.0276096,1.0276096,1.0276096,-0.00011581947580644922,-0.00010299932574680032
batch3,5,471.0,828.0,1.0275619,1.0275619,1.0275619,1.0275619,-0.00011387919354838614,-0.00010321497297297436
batch3,5,472.0,828.0,1.0273712,1.0273712,1.0273712,1.0273712,-0.0001113676612903219,-0.0001033493911806541
batch3,5,473.0,828.0,1.0271571,1.0271571,1.0271571,1.0271571,-0.00010731016129031528,-0.00010348437268848016
batch3,5,474.0,828.0,1.02706,1.02706,1.02706,1.02706,-0.00010489830645161574,-0.00010389533428165053
batch3,5,475.0,828.0,1.0269912,1.0269912,1.0269912,1.0269912,-0.00010265391129032422,-0.00010407026742531828
batch3,5,476.0,828.0,1.026668,1.026668,1.026668,1.026668,-9.955411290322651e-05,-0.00010420428165007157
batch3,5,477.0,828.0,1.0265907,1.0265907,1.0265907,1.026603,-9.739798387095692e-05,-0.00010452344807966089
batch3,5,478.0,828.0,1.0265739,1.0265739,1.0265739,1.0265907,-9.55590322580593e-05,-0.00010469472261735363
batch3,5,479.0,828.0,1.026603,1.026603,1.026603,1.0265739,-9.365915322580622e-05,-0.0001047188990042641
batch3,5,480.0,828.0,1.0265076,1.0265076,1.0265076,1.0265076,-9.225935483870121e-05,-0.00010484838691322894
batch3,5,481.0,828.0,1.0264202,1.0264202,1.0264202,1.0264202,-9.161120967741002e-05,-0.00010536271123755256
batch3,5,482.0,828.0,1.0263677,1.0263677,1.0263677,1.0263712,-9.195096774193749e-05,-0.00010586386344238898
batch3,5,483.0,828.0,1.0263712,1.0263712,1.0263712,1.0263677,-9.116532258063626e-05,-0.00010618179231863542
batch3,5,484.0,828.0,1.0262134,1.0262134,1.0262134,1.0263213,-9.121608870968196e-05,-0.00010652403129445018
batch3,5,485.0,828.0,1.0263213,1.0263213,1.0263213,1.0262134,-9.142560483871117e-05,-0.00010675633285917481
batch3,5,486.0,828.0,1.0261616,1.0261616,1.0261616,1.0261616,-9.13279838709599e-05,-0.00010691289615931583
batch3,5,487.0,828.0,1.0261606,1.0261606,1.0261606,1.0261606,-9.13406854838717e-05,-0.00010708492745376738
batch3,5,488.0,828.0,1.0261496,1.0261496,1.0261496,1.0261496,-9.153580645161528e-05,-0.00010746184921763882
batch3,5,489.0,828.0,1.0259249,1.0259249,1.0259249,1.0259249,-9.320108870968422e-05,-0.00010790941963015568
batch3,5,490.0,828.0,1.0258238,1.0258238,1.0258238,1.0258238,-9.492576612902725e-05,-0.0001083317524893303
batch3,5,491.0,828.0,1.0257423,1.0257423,1.0257423,1.0257423,-9.633233870966813e-05,-0.00010881250640113813
batch3,5,492.0,828.0,1.0254955,1.0254955,1.0254955,1.0255243,-9.919991935483949e-05,-0.00010919374964438073
batch3,5,493.0,828.0,1.0255243,1.0255243,1.0255243,1.0254955,-0.00010223657258064153,-0.00010951875391180816
batch3,5,494.0,828.0,1.0252653,1.0252653,1.0252653,1.0252653,-0.00010374883064516529,-0.00010982460028449741
batch3,5,495.0,828.0,1.025245,1.025245,1.025245,1.025245,-0.00010555705645160724,-0.00011009645803698352
batch3,5,496.0,828.0,1.0250129,1.0250129,1.0250129,1.0250129,-0.00010838923387096556,-0.00011047477382645787
batch3,5,497.0,828.0,1.0249403,1.0249403,1.0249403,1.0249403,-0.0001099194354838681,-0.0001108469018492189
batch3,5,498.0,828.0,1.0248156,1.0248156,1.0248156,1.0248156,-0.00011172750000000308,-0.00011108724324324254
batch3,5,499.0,828.0,1.0246639,1.0246639,1.0246639,1.0246639,-0.00011340677419354523,-0.00011131516642958806
batch3,5,500.0,828.0,1.0245454,1.0245454,1.0245454,1.0245565,-0.00011474185483871122,-0.0001116398492176388
batch3,5,501.0,828.0,1.0245565,1.0245565,1.0245565,1.0245454,-0.00011419116935484676,-0.0001120172062588876
batch3,5,502.0,828.0,1.0243856,1.0243856,1.0243856,1.0243856,-0.0001150066532257928,-0.00011259409388335839
batch3,5,503.0,828.0,1.0243471,1.0243471,1.0243471,1.0243471,-0.00011589931451613268,-0.00011317061450924727
batch3,5,504.0,828.0,1.0241308,1.0241308,1.0241308,1.0241308,-0.00011658508064515861,-0.00011405047226173535
batch3,5,505.0,828.0,1.0240228,1.0240228,1.0240228,1.0240228,-0.000117089556451611,-0.00011475741109530824
batch3,5,506.0,828.0,1.0239463,1.0239463,1.0239463,1.0239463,-0.00011779770161290143,-0.00011555787482219096
batch3,5,507.0,828.0,1.0238465,1.0238465,1.0238465,1.0238465,-0.0001176675806451631,-0.0001163071721194861
batch3,5,508.0,828.0,1.0237129,1.0237129,1.0237129,1.023791,-0.00011857975806451317,-0.00011713500426742685
batch3,5,509.0,828.0,1.023791,1.023791,1.023791,1.0237129,-0.00011824076612903455,-0.00011795140256045442
batch3,5,510.0,828.0,1.0235255,1.0235255,1.0235255,1.0235255,-0.00012019721774193184,-0.00011898602275960548
batch3,5,511.0,828.0,1.0232528,1.0232528,1.0232528,1.0233443,-0.00012075842741934571,-0.00012011842389758174
batch3,5,512.0,828.0,1.0233443,1.0233443,1.0233443,1.0232528,-0.00012230995967742886,-0.00012121367283072532
batch3,5,513.0,828.0,1.0231493,1.0231493,1.0231493,1.0231493,-0.00012334225806450642,-0.0001221827539118062
batch3,5,514.0,828.0,1.0229523,1.0229523,1.0229523,1.0229523,-0.00012440306451613374,-0.00012323166998577694
batch3,5,515.0,828.0,1.0229496,1.0229496,1.0229496,1.0229496,-0.0001257243951612901,-0.00012415341109530778
batch3,5,516.0,828.0,1.0229287,1.0229287,1.0229287,1.0229287,-0.00012687387096773798,-0.00012495707254623272
batch3,5,517.0,828.0,1.022647,1.022647,1.022647,1.022647,-0.00012797645161290562,-0.00012548425320056846
batch3,5,518.0,828.0,1.022401,1.022401,1.022401,1.022401,-0.00012910290322579998,-0.00012598444096728097
batch3,5,519.0,828.0,1.0221963,1.0221963,1.0221963,1.0222024,-0.00012947032258065017,-0.00012656450355618865
batch3,5,520.0,828.0,1.0222024,1.0222024,1.0222024,1.0221963,-0.00013035729838709877,-0.000127011706970132
batch3,5,521.0,828.0,1.0220284,1.0220284,1.0220284,1.0220284,-0.00013100520161290265,-0.00012751129729729599
batch3,5,522.0,828.0,1.0220009,1.0220009,1.0220009,1.0220009,-0.00013078536290321856,-0.0001279559345661453
batch3,5,523.0,828.0,1.0218424,1.0218424,1.0218424,1.0218424,-0.00013173318548386542,-0.00012824505263158098
batch3,5,524.0,828.0,1.021775,1.021775,1.021775,1.021775,-0.00013282399193548184,-0.0001283673798008564
batch3,5,525.0,828.0,1.0214218,1.0214218,1.0214218,1.0214218,-0.000132604314516124,-0.00012855827311522027
batch3,5,526.0,828.0,1.0214179,1.0214179,1.0214179,1.0214179,-0.00013374560483871237,-0.00012859034139402732
batch3,5,527.0,828.0,1.0212466,1.0212466,1.0212466,1.0212466,-0.00013598463709677656,-0.00012884384068278514
batch3,5,528.0,828.0,1.0211588,1.0211588,1.0211588,1.0211588,-0.00013676762096774236,-0.00012910183499288832
batch3,5,529.0,828.0,1.021035,1.021035,1.021035,1.021035,-0.00013748540322580994,-0.00012936570412517854
batch3,5,530.0,828.0,1.0209017,1.0209017,1.0209017,1.0209017,-0.0001386304435483864,-0.00012975613940255907
batch3,5,531.0,828.0,1.0208057,1.0208057,1.0208057,1.0208057,-0.00013917580645160982,-0.00013003421906116445
batch3,5,532.0,828.0,1.0205523,1.0205523,1.0205523,1.0205523,-0.0001396202016129079,-0.0001305503357041243
batch3,5,533.0,828.0,1.0204637,1.0204637,1.0204637,1.0204637,-0.0001407247983870922,-0.00013088213086770998
batch3,5,534.0,828.0,1.0203688,1.0203688,1.0203688,1.0203688,-0.00014226084677420323,-0.00013132700142247475
batch3,5,535.0,828.0,1.0202484,1.0202484,1.0202484,1.0202484,-0.00014368358870968303,-0.00013185276244665647
batch3,5,536.0,828.0,1.0201443,1.0201443,1.0201443,1.0201443,-0.0001432950000000105,-0.0001323962588904714
batch3,5,537.0,828.0,1.0201108,1.0201108,1.0201108,1.0201108,-0.00014254286290322883,-0.00013292492176386907
batch3,5,538.0,828.0,1.0197685,1.0197685,1.0197685,1.0197685,-0.0001409595161290323,-0.00013340151351351684
batch3,5,539.0,828.0,1.0196155,1.0196155,1.0196155,1.0196155,-0.0001387486290322584,-0.00013388371266003096
batch3,5,540.0,828.0,1.0194757,1.0194757,1.0194757,1.0194757,-0.0001360507258064509,-0.00013447736273115225
batch3,5,541.0,828.0,1.0192462,1.0192462,1.0192462,1.0192462,-0.000135358064516136,-0.00013502477098150737
batch3,5,542.0,828.0,1.0190703,1.0190703,1.0190703,1.0190703,-0.0001334862903225803,-0.00013569819630156744
batch3,5,543.0,828.0,1.0189346,1.0189346,1.0189346,1.0189346,-0.00013290629032258297,-0.0001362874480796578
batch3,5,544.0,828.0,1.0188594,1.0188594,1.0188594,1.0188594,-0.00013145983870967628,-0.0001368465120910379
batch3,5,545.0,828.0,1.0187129,1.0187129,1.0187129,1.0187129,-0.00013045326612902766,-0.00013744546230441042
batch3,5,546.0,828.0,1.0185323,1.0185323,1.0185323,1.0185323,-0.00012823846774193663,-0.0001380246799431015
batch3,5,547.0,828.0,1.0182768,1.0182768,1.0182768,1.0182768,-0.00012695713709677046,-0.00013854334850639912
batch3,5,548.0,828.0,1.018158,1.018158,1.018158,1.018158,-0.00012621991935483687,-0.00013917808534850653
batch3,5,549.0,828.0,1.0180498,1.0180498,1.0180498,1.0180498,-0.000125898991935488,-0.00013993131436699786
batch3,5,550.0,828.0,1.0179968,1.0179968,1.0179968,1.0180098,-0.00012549830645161152,-0.00014065029302987234
batch3,5,551.0,828.0,1.0180098,1.0180098,1.0180098,1.0179968,-0.00012529572580645816,-0.00014137529445234736
batch3,5,552.0,828.0,1.017976,1.017976,1.017976,1.017976,-0.00012484439516128503,-0.0001422363300142283
batch3,5,553.0,828.0,1.0178726,1.0178726,1.0178726,1.0178726,-0.00012399858870968143,-0.0001429039715505028
batch3,5,554.0,828.0,1.0178702,1.0178702,1.0178702,1.0178702,-0.00012495064516128746,-0.00014333662019914905
batch3,5,555.0,828.0,1.0177578,1.0177578,1.0177578,1.0177578,-0.0001255768548387074,-0.00014380282788050986
batch3,5,556.0,828.0,1.0175352,1.0175352,1.0175352,1.0175352,-0.00012622721774193692,-0.00014448057183499298
batch3,5,557.0,828.0,1.0174752,1.0174752,1.0174752,1.0174752,-0.00012827245967742118,-0.00014523551066856452
batch3,5,558.0,828.0,1.0171815,1.0171815,1.0171815,1.0171815,-0.0001306973387096762,-0.0001457669957325755
batch3,5,559.0,828.0,1.0171474,1.0171474,1.0171474,1.0171474,-0.00013290056451613222,-0.00014640171550497615
batch3,5,560.0,828.0,1.0169393,1.0169393,1.0169393,1.0170082,-0.00013449024193548423,-0.0001467996045519203
batch3,5,561.0,828.0,1.0170082,1.0170082,1.0170082,1.0169393,-0.00013705068548386948,-0.00014722688762446677
batch3,5,562.0,828.0,1.0166967,1.0166967,1.0166967,1.0166967,-0.0001402723790322577,-0.00014750644950213492
batch3,5,563.0,828.0,1.0166031,1.0166031,1.0166031,1.0166031,-0.00014455056451611792,-0.0001481230071123745
batch3,5,564.0,828.0,1.0163655,1.0163655,1.0163655,1.0163655,-0.00014893923387095519,-0.00014864689046941454
batch3,5,565.0,828.0,1.0162067,1.0162067,1.0162067,1.0162067,-0.00015280495967741903,-0.00014926951635846502
batch3,5,566.0,828.0,1.0160249,1.0160249,1.0160249,1.0160249,-0.00015630233870968019,-0.00014992296443812366
batch3,5,567.0,828.0,1.0158955,1.0158955,1.0158955,1.0158955,-0.00015923129032257915,-0.00015055717211948845
batch3,5,568.0,828.0,1.0157132,1.0157132,1.0157132,1.0157132,-0.0001612677822580648,-0.0001511517923186331
batch3,5,569.0,828.0,1.0154879,1.0154879,1.0154879,1.0154879,-0.00016390241935483716,-0.00015172200568989866
batch3,5,570.0,828.0,1.0154196,1.0154196,1.0154196,1.0154196,-0.0001653449596774083,-0.0001524380768136569
batch3,5,571.0,828.0,1.015285,1.015285,1.015285,1.015285,-0.00016620020161290552,-0.00015295898435276908
batch3,5,572.0,828.0,1.0150198,1.0150198,1.0150198,1.0150198,-0.00016853500000001205,-0.00015369939118065008
batch3,5,573.0,828.0,1.0148629,1.0148629,1.0148629,1.0148629,-0.00016977326612903565,-0.0001540753911806527
batch3,5,574.0,828.0,1.0147638,1.0147638,1.0147638,1.0147638,-0.00017212471774193778,-0.00015464668278804915
batch3,5,575.0,828.0,1.0146674,1.0146674,1.0146674,1.0146674,-0.00017326133064516554,-0.00015510577524893558
batch3,5,576.0,828.0,1.0143837,1.0143837,1.0143837,1.0143837,-0.000173940443548386,-0.0001557103100995734
batch3,5,577.0,828.0,1.0141784,1.0141784,1.0141784,1.0141784,-0.00017236528225806187,-0.00015634975817923276
batch3,5,578.0,828.0,1.013986,1.013986,1.013986,1.013986,-0.0001721502419354855,-0.00015718780085348212
batch3,5,579.0,828.0,1.0138084,1.0138084,1.0138084,1.0138084,-0.00017140137096774354,-0.0001581179402560465
batch3,5,580.0,828.0,1.0137203,1.0137203,1.0137203,1.0137203,-0.00017059620967742762,-0.00015902906401138128
batch3,5,581.0,828.0,1.0135491,1.0135491,1.0135491,1.0135491,-0.00017006072580645049,-0.0001600328193456607
batch3,5,582.0,828.0,1.0133327,1.0133327,1.0133327,1.0133327,-0.0001688834274193611,-0.00016095193172119322
batch3,5,583.0,828.0,1.0132045,1.0132045,1.0132045,1.0132045,-0.0001675006451612876,-0.0001618594480796575
batch3,5,584.0,828.0,1.0128978,1.0128978,1.0128978,1.0128978,-0.00016578927419355028,-0.00016274627027027292
batch3,5,585.0,828.0,1.0127658,1.0127658,1.0127658,1.0127658,-0.00016507806451612964,-0.00016383350497866628
batch3,5,586.0,828.0,1.0126425,1.0126425,1.0126425,1.0126425,-0.00016402701612903213,-0.0001650427368421038
batch3,5,587.0,828.0,1.0122943,1.0122943,1.0122943,1.0122943,-0.0001631021370967759,-0.00016617095874821845
batch3,5,588.0,828.0,1.0121902,1.0121902,1.0121902,1.0121902,-0.0001632483870967737,-0.0001671514623044083
batch3,5,589.0,828.0,1.0119671,1.0119671,1.0119671,1.0119671,-0.00016329064516129417,-0.0001679204608819324
batch3,5,590.0,828.0,1.0118567,1.0118567,1.0118567,1.0118567,-0.00016268467741936202,-0.00016856365576102276
batch3,5,591.0,828.0,1.0118016,1.0118016,1.0118016,1.0118016,-0.00016171846774194114,-0.00016927102987197498
batch3,5,592.0,828.0,1.0117583,1.0117583,1.0117583,1.0117583,-0.00016157983870967093,-0.00016995805974395536
batch3,5,593.0,828.0,1.0115157,1.0115157,1.0115157,1.0115157,-0.00016085524193548947,-0.00017060538264580607
batch3,5,594.0,828.0,1.0113584,1.0113584,1.0113584,1.0113584,-0.00016186584677420053,-0.00017134415931721294
batch3,5,595.0,828.0,1.0112715,1.0112715,1.0112715,1.0112715,-0.00016096479838710611,-0.00017197211379800693
batch3,5,596.0,828.0,1.0110567,1.0110567,1.0110567,1.0110567,-0.00016098112903225814,-0.00017293655476529162
batch3,5,597.0,828.0,1.0110134,1.0110134,1.0110134,1.0110134,-0.00016104874999999124,-0.00017382310099573153
batch3,5,598.0,828.0,1.0108513,1.0108513,1.0108513,1.0108513,-0.0001610433870967803,-0.00017467955903271773
batch3,5,599.0,828.0,1.0107638,1.0107638,1.0107638,1.0107638,-0.0001609429435483877,-0.0001752461137980082
batch3,5,600.0,828.0,1.0105088,1.0105088,1.0105088,1.0105088,-0.00016290314516128455,-0.0001759300312944515
batch3,5,601.0,828.0,1.0103059,1.0103059,1.0103059,1.0103059,-0.00016464274193548747,-0.00017680515504978886
batch3,5,602.0,828.0,1.0100877,1.0100877,1.0100877,1.0100877,-0.0001657749193548363,-0.00017770591749644696
batch3,5,603.0,828.0,1.009847,1.009847,1.009847,1.009847,-0.0001686344354838767,-0.00017859976102418447
batch3,5,604.0,828.0,1.0096867,1.0096867,1.0096867,1.0096867,-0.00017105850806451307,-0.0001794450042674236
batch3,5,605.0,828.0,1.0095545,1.0095545,1.0095545,1.0095545,-0.0001737826612903311,-0.0001802188733997172
batch3,5,606.0,828.0,1.0093696,1.0093696,1.0093696,1.0093696,-0.0001758433467741939,-0.00018102269132290187
batch3,5,607.0,828.0,1.0091822,1.0091822,1.0091822,1.0091822,-0.00017767600806452413,-0.00018206641251778004
batch3,5,608.0,828.0,1.0091513,1.0091513,1.0091513,1.0091513,-0.00017952407258064093,-0.00018285055761023923
batch3,5,609.0,828.0,1.0087345,1.0087345,1.0087345,1.0088899,-0.00018149552419354615,-0.0001837008620199148
batch3,5,610.0,828.0,1.0088899,1.0088899,1.0088899,1.0087345,-0.000183046895161284,-0.00018466697012802522
batch3,5,611.0,828.0,1.0085043,1.0085043,1.0085043,1.0085043,-0.00018379076612903177,-0.0001856822133712679
batch3,5,612.0,828.0,1.0083307,1.0083307,1.0083307,1.0083307,-0.0001847574999999968,-0.00018664263726885004
batch3,5,613.0,828.0,1.0082257,1.0082257,1.0082257,1.0082257,-0.00018553834677419062,-0.0001875972489331418
batch3,5,614.0,828.0,1.0080377,1.0080377,1.0080377,1.0080377,-0.00018697229838709472,-0.000188635618776672
batch3,5,615.0,828.0,1.0076797,1.0076797,1.0076797,1.0076797,-0.0001877718951612881,-0.0001897219866287355
batch3,5,616.0,828.0,1.0075091,1.0075091,1.0075091,1.0075091,-0.0001890566532258141,-0.00019097712972972875
batch3,5,617.0,828.0,1.0073906,1.0073906,1.0073906,1.0073906,-0.0001903542338709627,-0.0001922797294452336
batch3,5,618.0,828.0,1.0071263,1.0071263,1.0071263,1.0071263,-0.0001929095564516059,-0.00019359617240398435
batch3,5,619.0,828.0,1.0069648,1.0069648,1.0069648,1.0069648,-0.00019604987903225514,-0.00019466094907539074
batch3,5,620.0,828.0,1.0068048,1.0068048,1.0068048,1.0068048,-0.00019848229838708315,-0.00019597525376956052
batch3,5,621.0,828.0,1.0066881,1.0066881,1.0066881,1.0066881,-0.0002002550000000079,-0.00019706850014224896
batch3,5,622.0,828.0,1.00644,1.00644,1.00644,1.00644,-0.00020171229838709872,-0.00019846064665718355
batch3,5,623.0,828.0,1.0061262,1.0061262,1.0061262,1.0061262,-0.00020463387096773453,-0.00019982885576102775
batch3,5,624.0,828.0,1.0059891,1.0059891,1.0059891,1.0059891,-0.00020611701612904552,-0.00020128822731151904
batch3,5,625.0,828.0,1.0058579,1.0058579,1.0058579,1.0058579,-0.00020889088709676157,-0.00020297135761024218
batch3,5,626.0,828.0,1.0057174,1.0057174,1.0057174,1.0057174,-0.00020897560483870773,-0.00020454321763869194
batch3,5,627.0,828.0,1.0055394,1.0055394,1.0055394,1.0055394,-0.00020993064516128482,-0.00020621296159317265
batch3,5,628.0,828.0,1.0052485,1.0052485,1.0052485,1.0052485,-0.00021073564516129652,-0.00020788248165006936
batch3,5,629.0,828.0,1.0049291,1.0049291,1.0049291,1.0049291,-0.00021187665322580185,-0.00020945562731151788
batch3,5,630.0,828.0,1.0047325,1.0047325,1.0047325,1.0047325,-0.00021191165322581243,-0.00021085447795163558
batch3,5,631.0,828.0,1.0045222,1.0045222,1.0045222,1.0045222,-0.00021344778225805994,-0.00021241871749644187
batch3,5,632.0,828.0,1.0043374,1.0043374,1.0043374,1.0043374,-0.0002148004435483873,-0.00021396361109530466
batch3,5,633.0,828.0,1.0039643,1.0039643,1.0039643,1.0039643,-0.00021589649193548305,-0.00021544188278805013
batch3,5,634.0,828.0,1.0037161,1.0037161,1.0037161,1.0037161,-0.00021739713709677103,-0.0002170021615931727
batch3,5,635.0,828.0,1.0035954,1.0035954,1.0035954,1.0035954,-0.0002189733467741967,-0.0002183027174964437
batch3,5,636.0,828.0,1.0034394,1.0034394,1.0034394,1.0034394,-0.0002199487903225773,-0.0002195245436699883
batch3,5,637.0,828.0,1.0032811,1.0032811,1.0032811,1.0032811,-0.00022030110887096148,-0.00022073801052631804
batch3,5,638.0,828.0,1.002833,1.002833,1.002833,1.002833,-0.00022161250403225524,-0.00022216387994310153
batch3,5,639.0,828.0,1.0026805,1.0026805,1.0026805,1.0026805,-0.00022368633467742194,-0.0002236872984352775
batch3,5,640.0,828.0,1.0024803,1.0024803,1.0024803,1.0024803,-0.00022578194354838207,-0.0002252361687055454
batch3,5,641.0,828.0,1.0023422,1.0023422,1.0023422,1.0023422,-0.00022578447580645232,-0.00022672223129445261
batch3,5,642.0,828.0,1.0021731,1.0021731,1.0021731,1.0021731,-0.00022638152016128254,-0.00022821365803698596
batch3,5,643.0,828.0,1.001961,1.001961,1.001961,1.001961,-0.00022558198387096837,-0.00022950280426742571
batch3,5,644.0,828.0,1.0015928,1.0015928,1.0015928,1.0015928,-0.0002260299153225771,-0.00023097081166429474
batch3,5,645.0,828.0,1.001534,1.001534,1.001534,1.001534,-0.00022711851612904548,-0.00023238296443812222
batch3,5,646.0,828.0,1.0012341,1.0012341,1.0012341,1.0012341,-0.0002288202379032147,-0.00023362744238975927
batch3,5,647.0,828.0,1.0010167,1.0010167,1.0010167,1.0010167,-0.0002305604596774252,-0.00023525771266003133
batch3,5,648.0,828.0,1.0007527,1.0007527,1.0007527,1.0007527,-0.00023173044354838179,-0.00023650362930298624
batch3,5,649.0,828.0,1.0005252,1.0005252,1.0005252,1.0005252,-0.00023401850806451178,-0.0002380782534850625
batch3,5,650.0,828.0,1.0002449,1.0002449,1.0002449,1.0002449,-0.00023680364919354728,-0.00023975304637268837
batch3,5,651.0,828.0,1.0000669,1.0000669,1.0000669,1.0000669,-0.0002390651048387049,-0.0002411714147937382
batch3,5,652.0,828.0,0.99984521,0.99984521,0.99984521,0.99984521,-0.00024063166935484016,-0.00024257138492176522
batch3,5,653.0,828.0,0.99949509,0.99949509,0.99949509,0.99949509,-0.00024223708064516854,-0.0002442734901849241
batch3,5,654.0,828.0,0.99924076,0.99924076,0.99924076,0.99924076,-0.0002451634798387254,-0.0002459433123755313
batch3,5,655.0,828.0,0.99892437,0.99892437,0.99892437,0.99893939,-0.00024776479032257993,-0.0002474543132290168
batch3,5,656.0,828.0,0.99893939,0.99893939,0.99893939,0.99892437,-0.0002503887822580648,-0.00024917185576102494
batch3,5,657.0,828.0,0.99852973,0.99852973,0.99852973,0.99852973,-0.00025171180645161464,-0.00025084980711237784
batch3,5,658.0,828.0,0.99847132,0.99847132,0.99847132,0.99847132,-0.0002522491975806432,-0.00025253103129445483
batch3,5,659.0,828.0,0.99810416,0.99810416,0.99810416,0.99810416,-0.0002531398830645125,-0.00025418083897582
batch3,5,660.0,828.0,0.99786264,0.99786264,0.99786264,0.99786264,-0.0002556076129032271,-0.00025608096415362657
batch3,5,661.0,828.0,0.99749988,0.99749988,0.99749988,0.99749988,-0.00025733345967741565,-0.00025804773826458197
batch3,5,662.0,828.0,0.99723566,0.99723566,0.99723566,0.99723566,-0.00025927332661289376,-0.0002598967203413919
batch3,5,663.0,828.0,0.99704129,0.99704129,0.99704129,0.99704129,-0.00026027181854839515,-0.00026170939943100823
batch3,5,664.0,828.0,0.996768,0.996768,0.996768,0.996768,-0.0002615329435483925,-0.0002635016167852032
batch3,5,665.0,828.0,0.99647081,0.99647081,0.99647081,0.99647081,-0.0002618120604838626,-0.0002652327991465166
batch3,5,666.0,828.0,0.99620312,0.99620312,0.99620312,0.99620312,-0.0002633512620967736,-0.0002670895769558997
batch3,5,667.0,828.0,0.99599159,0.99599159,0.99599159,0.99599159,-0.00026410398387096404,-0.00026914361308677087
batch3,5,668.0,828.0,0.9956575,0.9956575,0.9956575,0.9956575,-0.00026467014516129043,-0.00027118374509245966
batch3,5,669.0,828.0,0.99540883,0.99540883,0.99540883,0.99540883,-0.00026667970564516293,-0.0002730872927453767
batch3,5,670.0,828.0,0.9951303,0.9951303,0.9951303,0.9951303,-0.0002686182661290348,-0.0002750349428164989
batch3,5,671.0,828.0,0.99483675,0.99483675,0.99483675,0.99483675,-0.00027168670161290573,-0.00027737028990042814
batch3,5,672.0,828.0,0.99468958,0.99468958,0.99468958,0.99468958,-0.000273719145161286,-0.00027966971408250506
batch3,5,673.0,828.0,0.99448967,0.99448967,0.99448967,0.99448967,-0.00027570193145161787,-0.0002820315923186351
batch3,5,674.0,828.0,0.99414527,0.99414527,0.99414527,0.99414527,-0.0002763356491935484,-0.000284409815078237
batch3,5,675.0,828.0,0.99375623,0.99375623,0.99375623,0.99375623,-0.0002783234032258134,-0.0002867449749644375
batch3,5,676.0,828.0,0.99341917,0.99341917,0.99341917,0.99341917,-0.0002800875241935391,-0.0002894462219061168
batch3,5,677.0,828.0,0.99316269,0.99316269,0.99316269,0.99316269,-0.00028200676209677627,-0.00029197730241820985
batch3,5,678.0,828.0,0.99301213,0.99301213,0.99301213,0.99301213,-0.0002847116774193565,-0.00029467037411095155
batch3,5,679.0,828.0,0.99271667,0.99271667,0.99271667,0.99271667,-0.00028693697580644764,-0.00029729782503556284
batch3,5,680.0,828.0,0.99258596,0.99258596,0.99258596,0.99258596,-0.00028942681048386895,-0.000299986356472261
batch3,5,681.0,828.0,0.99214733,0.99214733,0.99214733,0.99214733,-0.00029240542338709847,-0.0003024662361308691
batch3,5,682.0,828.0,0.99192739,0.99192739,0.99192739,0.99192739,-0.00029649821774192797,-0.0003052952574679942
batch3,5,683.0,828.0,0.99165207,0.99165207,0.99165207,0.99165207,-0.0002998257258064516,-0.0003078853769559038
batch3,5,684.0,828.0,0.99124068,0.99124068,0.99124068,0.99124068,-0.0003031857903225916,-0.00031056704210526435
batch3,5,685.0,828.0,0.99097341,0.99097341,0.99097341,0.99097341,-0.0003065785766129024,-0.0003134068625889039
batch3,5,686.0,828.0,0.99057293,0.99057293,0.99057293,0.99057293,-0.00031022197580645285,-0.0003162451610241819
batch3,5,687.0,828.0,0.99017143,0.99017143,0.99017143,0.99017143,-0.0003137465120967702,-0.00031906059089615554
batch3,5,688.0,828.0,0.99003208,0.99003208,0.99003208,0.99003208,-0.0003165954395161219,-0.00032206238719772714
batch3,5,689.0,828.0,0.98975092,0.98975092,0.98975092,0.98975092,-0.00031926733870968056,-0.0003250198139402563
batch3,5,690.0,828.0,0.98933733,0.98933733,0.98933733,0.98933733,-0.00032217427822580654,-0.00032812670810810816
batch3,5,691.0,828.0,0.98904747,0.98904747,0.98904747,0.98904747,-0.0003248402459677438,-0.00033130374793741266
batch3,5,692.0,828.0,0.98882109,0.98882109,0.98882109,0.98882109,-0.00032819868548387575,-0.0003345625064011373
batch3,5,693.0,828.0,0.98839444,0.98839444,0.98839444,0.98839444,-0.00033254227016129797,-0.00033795565832148004
batch3,5,694.0,828.0,0.98809165,0.98809165,0.98809165,0.98809165,-0.00033544074193548045,-0.00034120929758179176
batch3,5,695.0,828.0,0.98774278,0.98774278,0.98774278,0.98774278,-0.0003391398790322715,-0.00034468697809388055
batch3,5,696.0,828.0,0.98737729,0.98737729,0.98737729,0.98737729,-0.00034207149193548676,-0.0003480235715504991
batch3,5,697.0,828.0,0.98687238,0.98687238,0.98687238,0.98687238,-0.00034578997580645673,-0.0003515480930298772
batch3,5,698.0,828.0,0.98660249,0.98660249,0.98660249,0.98660249,-0.0003494947379032127,-0.00035519495220483687
batch3,5,699.0,828.0,0.98632753,0.98632753,0.98632753,0.98632753,-0.0003521987096774193,-0.0003590197601706998
batch3,5,700.0,828.0,0.98596537,0.98596537,0.98596537,0.98596537,-0.0003564125443548449,-0.00036299601081081126
batch3,5,701.0,828.0,0.98559147,0.98559147,0.98559147,0.98559147,-0.0003602872379032301,-0.0003670079411095326
batch3,5,702.0,828.0,0.98528832,0.98528832,0.98528832,0.98528832,-0.00036520692741935873,-0.00037101988705547394
batch3,5,703.0,828.0,0.98492044,0.98492044,0.98492044,0.98492044,-0.0003693761975806421,-0.00037515632147937526
batch3,5,704.0,828.0,0.98451167,0.98451167,0.98451167,0.98451167,-0.0003734174274193529,-0.00037954877183499176
batch3,5,705.0,828.0,0.98417497,0.98417497,0.98417497,0.98417497,-0.0003766470846774178,-0.00038393095817923067
batch3,5,706.0,828.0,0.9839651,0.9839651,0.9839651,0.9839651,-0.00038034329435483836,-0.0003883195550497859
batch3,5,707.0,828.0,0.9835574,0.9835574,0.9835574,0.9835574,-0.000384621967741928,-0.00039283769359886453
batch3,5,708.0,828.0,0.98301065,0.98301065,0.98301065,0.98301065,-0.0003878129193548304,-0.0003974514588904661
batch3,5,709.0,828.0,0.98273337,0.98273337,0.98273337,0.98273337,-0.0003912710161290238,-0.0004021803706970118
batch3,5,710.0,828.0,0.9822309,0.9822309,0.9822309,0.9822309,-0.0003951120483871013,-0.00040696997667140936
batch3,5,711.0,828.0,0.98179817,0.98179817,0.98179817,0.98179817,-0.0003988892903225871,-0.0004117084765291605
batch3,5,712.0,828.0,0.98141676,0.98141676,0.98141676,0.98141676,-0.00040355963709676017,-0.0004165838102418226
batch3,5,713.0,828.0,0.98093826,0.98093826,0.98093826,0.98093826,-0.0004087407903225836,-0.0004218739382645798
batch3,5,714.0,828.0,0.98066479,0.98066479,0.98066479,0.98066479,-0.0004136323951612939,-0.0004271916221906119
batch3,5,715.0,828.0,0.98012149,0.98012149,0.98012149,0.98012149,-0.00041813314516129087,-0.00043274689018492064
batch3,5,716.0,828.0,0.97972137,0.97972137,0.97972137,0.97972137,-0.00042323289112903786,-0.00043834869871977434
batch3,5,717.0,828.0,0.97922564,0.97922564,0.97922564,0.97922564,-0.0004284697620967697,-0.00044384510526315985
batch3,5,718.0,828.0,0.97902149,0.97902149,0.97902149,0.97902149,-0.0004334359516129037,-0.0004492815351351317
batch3,5,719.0,828.0,0.97844797,0.97844797,0.97844797,0.97844797,-0.00043851141935484945,-0.0004551213180654368
batch3,5,720.0,828.0,0.97810978,0.97810978,0.97810978,0.97810978,-0.0004443270685483848,-0.0004611019490753921
batch3,5,721.0,828.0,0.97769773,0.97769773,0.97769773,0.97769773,-0.00044996789919354575,-0.00046715556102418124
batch3,5,722.0,828.0,0.97713464,0.97713464,0.97713464,0.97713464,-0.0004550250604838712,-0.0004734674412517785
batch3,5,723.0,828.0,0.97676176,0.97676176,0.97676176,0.97676176,-0.0004604388588709792,-0.0004799244987197772
batch3,5,724.0,828.0,0.97636873,0.97636873,0.97636873,0.97636873,-0.00046640460080645354,-0.00048661708790896305
batch3,5,725.0,828.0,0.97582668,0.97582668,0.97582668,0.97582668,-0.0004718121169354973,-0.0004935587869132323
batch3,5,726.0,828.0,0.97539169,0.97539169,0.97539169,0.97539169,-0.00047897849596774405,-0.000500500199999998
batch3,5,727.0,828.0,0.97481048,0.97481048,0.97481048,0.97481048,-0.0004862544717742002,-0.0005076255143669969
batch3,5,728.0,828.0,0.97442681,0.97442681,0.97442681,0.97442681,-0.0004926501129032343,-0.0005149479035561882
batch3,5,729.0,828.0,0.97393286,0.97393286,0.97393286,0.97393286,-0.0005000200322580557,-0.0005224705325746811
batch3,5,730.0,828.0,0.97344613,0.97344613,0.97344613,0.97344613,-0.0005066544475806428,-0.0005300918517780951
batch3,5,731.0,828.0,0.97287464,0.97287464,0.97287464,0.97287464,-0.0005142312459677367,-0.0005378473715504981
batch3,5,732.0,828.0,0.97237808,0.97237808,0.97237808,0.97237808,-0.0005224447298387113,-0.0005459521937411064
batch3,5,733.0,828.0,0.9718653,0.9718653,0.9718653,0.9718653,-0.0005309037741935473,-0.0005541513405405432
batch3,5,734.0,828.0,0.97134477,0.97134477,0.97134477,0.97134477,-0.0005379362137096677,-0.0005627942603129487
batch3,5,735.0,828.0,0.97075337,0.97075337,0.97075337,0.97075337,-0.0005471206612903209,-0.0005716678705547705
batch3,5,736.0,828.0,0.9702242,0.9702242,0.9702242,0.9702242,-0.0005549999112903231,-0.0005806441618776688
batch3,5,737.0,828.0,0.96961451,0.96961451,0.96961451,0.96961451,-0.0005637070685483893,-0.0005896967337126588
batch3,5,738.0,828.0,0.96903372,0.96903372,0.96903372,0.96903372,-0.0005736999274193438,-0.000599075887624465
batch3,5,739.0,828.0,0.96855742,0.96855742,0.96855742,0.96855742,-0.000581993161290329,-0.0006086502768136604
batch3,5,740.0,828.0,0.96798193,0.96798193,0.96798193,0.96798193,-0.0005899819879032189,-0.0006183735231863446
batch3,5,741.0,828.0,0.96724367,0.96724367,0.96724367,0.96724367,-0.0005993409314516062,-0.0006282188310099579
batch3,5,742.0,828.0,0.96668798,0.96668798,0.96668798,0.96668798,-0.0006091691895161245,-0.0006383521843527733
batch3,5,743.0,828.0,0.96623302,0.96623302,0.96623302,0.96623302,-0.0006196116895161335,-0.0006486303411095339
batch3,5,744.0,828.0,0.96557009,0.96557009,0.96557009,0.96557009,-0.0006296238508064451,-0.0006588031977240369
batch3,5,745.0,828.0,0.96495885,0.96495885,0.96495885,0.96495885,-0.0006400594112903218,-0.0006690971641536208
batch3,5,746.0,828.0,0.9643355,0.9643355,0.9643355,0.9643355,-0.0006505161129032244,-0.0006796329413940258
batch3,5,747.0,828.0,0.96360463,0.96360463,0.96360463,0.96360463,-0.0006615488911290375,-0.0006901023857752489
batch3,5,748.0,828.0,0.96301836,0.96301836,0.96301836,0.96301836,-0.0006728346693548399,-0.0007008644876244672
batch3,5,749.0,828.0,0.9623915,0.9623915,0.9623915,0.9623915,-0.000684622540322594,-0.0007117686608819339
batch3,5,750.0,828.0,0.96153879,0.96153879,0.96153879,0.96153879,-0.0006961541209677419,-0.0007227454842105318
batch3,5,751.0,828.0,0.96098804,0.96098804,0.96098804,0.96098804,-0.000708618874999998,-0.0007338171601706927
batch3,5,752.0,828.0,0.96014923,0.96014923,0.96014923,0.96014923,-0.0007213865806451769,-0.000744759936273113
batch3,5,753.0,828.0,0.95936739,0.95936739,0.95936739,0.95936739,-0.0007338855766128972,-0.000756081606543388
batch3,5,754.0,828.0,0.95886165,0.95886165,0.95886165,0.95886165,-0.0007479199153225779,-0.000767361443527743
batch3,5,755.0,828.0,0.95813787,0.95813787,0.95813787,0.95813787,-0.0007609759717741866,-0.0007787284415362742
batch3,5,756.0,828.0,0.95727414,0.95727414,0.95727414,0.95727414,-0.0007755245443548438,-0.0007898035206258895
batch3,5,757.0,828.0,0.9564237,0.9564237,0.9564237,0.9564237,-0.0007904099193548192,-0.0008010424631578955
batch3,5,758.0,828.0,0.95567757,0.95567757,0.95567757,0.95567757,-0.0008051834758064348,-0.0008122719940256055
batch3,5,759.0,828.0,0.95488244,0.95488244,0.95488244,0.95488244,-0.0008189507056451655,-0.0008233058293029837
batch3,5,760.0,828.0,0.95403636,0.95403636,0.95403636,0.95403636,-0.0008338494959677431,-0.0008344900472261749
batch3,5,761.0,828.0,0.95322561,0.95322561,0.95322561,0.95322561,-0.0008486477056451444,-0.0008455792472261729
batch3,5,762.0,828.0,0.95239192,0.95239192,0.95239192,0.95239192,-0.000863530298387095,-0.0008564111510668517
batch3,5,763.0,828.0,0.95151424,0.95151424,0.95151424,0.95151424,-0.0008785739395161452,-0.0008672633960170636
batch3,5,764.0,828.0,0.95058727,0.95058727,0.95058727,0.95058727,-0.0008935341895161339,-0.0008779890580369837
batch3,5,765.0,828.0,0.94976634,0.94976634,0.94976634,0.94976634,-0.0009081892822580547,-0.0008887555604551916
batch3,5,766.0,828.0,0.94880432,0.94880432,0.94880432,0.94880432,-0.0009232769838709661,-0.0008994223260312963
batch3,5,767.0,828.0,0.94785541,0.94785541,0.94785541,0.94785541,-0.0009369836048387038,-0.0009099098207681344
batch3,5,768.0,828.0,0.94705892,0.94705892,0.94705892,0.94705892,-0.0009508974959677492,-0.0009202209268847798
batch3,5,769.0,828.0,0.94592088,0.94592088,0.94592088,0.94592088,-0.0009645504596774148,-0.0009304334788051171
batch3,5,770.0,828.0,0.94504982,0.94504982,0.94504982,0.94504982,-0.0009768427499999904,-0.0009406206608819374
batch3,5,771.0,828.0,0.94384974,0.94384974,0.94384974,0.94384974,-0.0009885871935483878,-0.0009504224273115189
batch3,5,772.0,828.0,0.94297272,0.94297272,0.94297272,0.94297272,-0.0010005567943548292,-0.0009600516406827916
batch3,5,773.0,828.0,0.94196588,0.94196588,0.94196588,0.94196588,-0.0010122039556451556,-0.000969527070839264
batch3,5,774.0,828.0,0.94096941,0.94096941,0.94096941,0.94096941,-0.001022850064516131,-0.0009788091137980094
batch3,5,775.0,828.0,0.93980521,0.93980521,0.93980521,0.93980521,-0.0010340473387096584,-0.000987927666856326
batch3,5,776.0,828.0,0.93875617,0.93875617,0.93875617,0.93875617,-0.0010445120120967752,-0.000996841849786624
batch3,5,777.0,828.0,0.93766028,0.93766028,0.93766028,0.93766028,-0.0010541785241935501,-0.0010055316076813653
batch3,5,778.0,828.0,0.9366349,0.9366349,0.9366349,0.9366349,-0.0010628028749999953,-0.0010140200657183442
batch3,5,779.0,828.0,0.93547606,0.93547606,0.93547606,0.93547606,-0.0010710355846774114,-0.0010222083937411045
batch3,5,780.0,828.0,0.93435901,0.93435901,0.93435901,0.93435901,-0.0010796419112903259,-0.0010300748779516356
batch3,5,781.0,828.0,0.93332821,0.93332821,0.93332821,0.93332821,-0.0010864256290322532,-0.0010376361035561857
batch3,5,782.0,828.0,0.93226331,0.93226331,0.93226331,0.93226331,-0.001093364233870956,-0.0010449661359886197
batch3,5,783.0,828.0,0.93120879,0.93120879,0.93120879,0.93120879,-0.0011001481290322536,-0.0010520043559032702
batch3,5,784.0,828.0,0.93015653,0.93015653,0.93015653,0.93015653,-0.0011047704475806556,-0.0010589162230440986
batch3,5,785.0,828.0,0.92897356,0.92897356,0.92897356,0.92897356,-0.0011101102580645048,-0.0010656905405405418
batch3,5,786.0,828.0,0.92784363,0.92784363,0.92784363,0.92784363,-0.0011143544274193503,-0.001072142373541959
batch3,5,787.0,828.0,0.9267081,0.9267081,0.9267081,0.9267081,-0.00111968072177419,-0.0010782800295874833
batch3,5,788.0,828.0,0.92563081,0.92563081,0.92563081,0.92563081,-0.0011245274879032212,-0.0010843616384068264
batch3,5,789.0,828.0,0.92453933,0.92453933,0.92453933,0.92453933,-0.001128574947580651,-0.0010899150944523447
batch3,5,790.0,828.0,0.92322046,0.92322046,0.92322046,0.92322046,-0.0011318761249999975,-0.0010950843513513517
batch3,5,791.0,828.0,0.92213327,0.92213327,0.92213327,0.92213327,-0.0011354829395161207,
batch3,5,792.0,828.0,0.92100316,0.92100316,0.92100316,0.92100316,-0.0011396401572580685,
batch3,5,793.0,828.0,0.91991657,0.91991657,0.91991657,0.91991657,-0.001142509217741929,
batch3,5,794.0,828.0,0.91875249,0.91875249,0.91875249,0.91875249,-0.0011449359233870885,
batch3,5,795.0,828.0,0.91749537,0.91749537,0.91749537,0.91749537,-0.0011474954395161324,
batch3,5,796.0,828.0,0.91646624,0.91646624,0.91646624,0.91646624,-0.0011501748306451717,
batch3,5,797.0,828.0,0.91524678,0.91524678,0.91524678,0.91524678,-0.0011521704072580594,
batch3,5,798.0,828.0,0.91404736,0.91404736,0.91404736,0.91404736,-0.0011536888104838564,
batch3,5,799.0,828.0,0.91300046,0.91300046,0.91300046,0.91300046,-0.0011552561451612922,
batch3,5,800.0,828.0,0.91182518,0.91182518,0.91182518,0.91182518,-0.0011564218427419322,
batch3,5,801.0,828.0,0.91066241,0.91066241,0.91066241,0.91066241,-0.001156494512096778,
batch3,5,802.0,828.0,0.90947109,0.90947109,0.90947109,0.90947109,-0.0011562702782258,
batch3,5,803.0,828.0,0.90819395,0.90819395,0.90819395,0.90819395,-0.00115660236290322,
batch3,5,804.0,828.0,0.90708148,0.90708148,0.90708148,0.90708148,-0.001156331278225803,
batch3,5,805.0,828.0,0.90594214,0.90594214,0.90594214,0.90594214,-0.0011555755766128992,
batch3,5,806.0,828.0,0.90479827,0.90479827,0.90479827,0.90479827,-0.001156744221774191,
batch3,5,807.0,828.0,0.90349245,0.90349245,0.90349245,0.90349245,-0.0011577282661290305,
batch3,5,808.0,828.0,0.90252346,0.90252346,0.90252346,0.90252346,-0.0011586718548387196,
batch3,5,809.0,828.0,0.90134788,0.90134788,0.90134788,0.90134788,-0.0011591658790322547,
batch3,5,810.0,828.0,0.90020955,0.90020955,0.90020955,0.90020955,-0.0011598466491935311,
batch3,5,811.0,828.0,0.89903015,0.89903015,0.89903015,0.89903015,-0.001160521221774182,
batch3,5,812.0,828.0,0.89788747,0.89788747,0.89788747,0.89788747,-0.0011589180725806402,
batch3,5,813.0,828.0,0.89673954,0.89673954,0.89673954,0.89673954,,
batch3,5,814.0,828.0,0.89548802,0.89548802,0.89548802,0.89548802,,
batch3,5,815.0,828.0,0.89429545,0.89429545,0.89429545,0.89429545,,
batch3,5,816.0,828.0,0.89334726,0.89334726,0.89334726,0.89334726,,
batch3,5,817.0,828.0,0.89222652,0.89222652,0.89222652,0.89222652,,
batch3,5,818.0,828.0,0.8909713,0.8909713,0.8909713,0.8909713,,
batch3,5,819.0,828.0,0.88983768,0.88983768,0.88983768,0.88983768,,
batch3,5,820.0,828.0,0.88869584,0.88869584,0.88869584,0.88869584,,
batch3,5,821.0,828.0,0.88739491,0.88739491,0.88739491,0.88739491,,
batch3,5,822.0,828.0,0.88619673,0.88619673,0.88619673,0.88619673,,
batch3,5,823.0,828.0,0.8850131,0.8850131,0.8850131,,,
batch3,5,824.0,828.0,0.88384712,0.88384712,0.88384712,,,
batch3,5,825.0,828.0,0.8826533,0.8826533,0.8826533,,,
batch3,5,826.0,828.0,0.88158864,0.88158864,0.88158864,,,
batch3,5,827.0,828.0,0.88066918,0.88066918,0.88066918,,,
batch3,19,10.0,1155.0,1.0738823,1.0738823,1.0738823,,,
batch3,19,11.0,1155.0,1.0738292,1.0738292,1.0738292,,,
batch3,19,12.0,1155.0,1.0738997,1.0738997,1.0738997,,,
batch3,19,13.0,1155.0,1.073773,1.073773,1.073773,,,
batch3,19,14.0,1155.0,1.0737964,1.0737964,1.0737964,,,
batch3,19,15.0,1155.0,1.0738672,1.0738672,1.0738672,1.0738484,,
batch3,19,16.0,1155.0,1.0738759,1.0738759,1.0738759,1.0738292,,
batch3,19,17.0,1155.0,1.0738484,1.0738484,1.0738484,1.0738391,,
batch3,19,18.0,1155.0,1.0738573,1.0738573,1.0738573,1.0738146,,
batch3,19,19.0,1155.0,1.0738146,1.0738146,1.0738146,1.0738146,,
batch3,19,20.0,1155.0,1.0737954,1.0737954,1.0737954,1.0738146,,
batch3,19,21.0,1155.0,1.0738093,1.0738093,1.0738093,1.0738101,,
batch3,19,22.0,1155.0,1.0738391,1.0738391,1.0738391,1.0738093,,
batch3,19,23.0,1155.0,1.0738101,1.0738101,1.0738101,1.0738056,,
batch3,19,24.0,1155.0,1.0737613,1.0737613,1.0737613,1.0737954,,
batch3,19,25.0,1155.0,1.0736942,1.0736942,1.0736942,1.0737832,-1.6985967741945892e-05,
batch3,19,26.0,1155.0,1.0738056,1.0738056,1.0738056,1.0737698,-1.871947580645502e-05,
batch3,19,27.0,1155.0,1.0737469,1.0737469,1.0737469,1.0737613,-2.105032258065747e-05,
batch3,19,28.0,1155.0,1.0737698,1.0737698,1.0737698,1.0737469,-2.3106330645170967e-05,
batch3,19,29.0,1155.0,1.0737832,1.0737832,1.0737832,1.0737315,-2.597758064518282e-05,
batch3,19,30.0,1155.0,1.0737315,1.0737315,1.0737315,1.0737016,-2.8700443548384653e-05,
batch3,19,31.0,1155.0,1.0736849,1.0736849,1.0736849,1.0737016,-3.047342741937015e-05,
batch3,19,32.0,1155.0,1.0737016,1.0737016,1.0737016,1.0736849,-3.1906572580636925e-05,
batch3,19,33.0,1155.0,1.0736015,1.0736015,1.0736015,1.073608,-3.3175080645190273e-05,
batch3,19,34.0,1155.0,1.073608,1.073608,1.073608,1.0736015,-3.345270161291342e-05,
batch3,19,35.0,1155.0,1.0735124,1.0735124,1.0735124,1.0735124,-3.365854838709353e-05,
batch3,19,36.0,1155.0,1.0733732,1.0733732,1.0733732,1.0734925,-3.41520161290312e-05,
batch3,19,37.0,1155.0,1.0733746,1.0733746,1.0733746,1.0733746,-3.391995967741898e-05,
batch3,19,38.0,1155.0,1.0734925,1.0734925,1.0734925,1.0733732,-3.367967741935327e-05,
batch3,19,39.0,1155.0,1.073298,1.073298,1.073298,1.073298,-3.3494354838711164e-05,
batch3,19,40.0,1155.0,1.0732528,1.0732528,1.0732528,1.0732528,-3.322100806452797e-05,
batch3,19,41.0,1155.0,1.0732316,1.0732316,1.0732316,1.0732316,-3.373443548386835e-05,
batch3,19,42.0,1155.0,1.0731461,1.0731461,1.0731461,1.0731461,-3.31508467742068e-05,
batch3,19,43.0,1155.0,1.0730708,1.0730708,1.0730708,1.0730708,-3.299475806451095e-05,
batch3,19,44.0,1155.0,1.0730159,1.0730159,1.0730159,1.0730708,-3.292645161289365e-05,
batch3,19,45.0,1155.0,1.072965,1.072965,1.072965,1.0730708,-3.2276048387085334e-05,
batch3,19,46.0,1155.0,1.0729911,1.0729911,1.0729911,1.0730159,-3.1668225806457126e-05,
batch3,19,47.0,1155.0,1.0729796,1.0729796,1.0729796,1.0730159,-3.165254032258291e-05,-3.392380085348459e-05
batch3,19,48.0,1155.0,1.0729764,1.0729764,1.0729764,1.0730015,-3.146467741934908e-05,-3.446813940256432e-05
batch3,19,49.0,1155.0,1.0730726,1.0730726,1.0730726,1.0729911,-3.1613387096774675e-05,-3.5032876244658835e-05
batch3,19,50.0,1155.0,1.0730777,1.0730777,1.0730777,1.0729796,-3.0829919354823355e-05,-3.544739402560875e-05
batch3,19,51.0,1155.0,1.0730015,1.0730015,1.0730015,1.0729796,-3.093814516129261e-05,-3.587959886201593e-05
batch3,19,52.0,1155.0,1.0730537,1.0730537,1.0730537,1.0729764,-3.2029919354841273e-05,-3.617535419629832e-05
batch3,19,53.0,1155.0,1.0729729,1.0729729,1.0729729,1.0729729,-3.325298387096688e-05,-3.6292036984343564e-05
batch3,19,54.0,1155.0,1.072937,1.072937,1.072937,1.0729454,-3.348923387096972e-05,-3.635489046942151e-05
batch3,19,55.0,1155.0,1.0729454,1.0729454,1.0729454,1.072937,-3.5101008064518354e-05,-3.654364438122868e-05
batch3,19,56.0,1155.0,1.0728325,1.0728325,1.0728325,1.0728376,-3.6426129032248624e-05,-3.6749277382650665e-05
batch3,19,57.0,1155.0,1.0728376,1.0728376,1.0728376,1.0728325,-3.729987903225319e-05,-3.708886486486877e-05
batch3,19,58.0,1155.0,1.072765,1.072765,1.072765,1.072765,-3.898100806451324e-05,-3.738750213371323e-05
batch3,19,59.0,1155.0,1.0726606,1.0726606,1.0726606,1.0726686,-4.117072580644879e-05,-3.7756773826453005e-05
batch3,19,60.0,1155.0,1.0726686,1.0726686,1.0726686,1.0726606,-4.27806451612969e-05,-3.802215078235628e-05
batch3,19,61.0,1155.0,1.0726424,1.0726424,1.0726424,1.0726424,-4.520064516128876e-05,-3.832458605975012e-05
batch3,19,62.0,1155.0,1.0725216,1.0725216,1.0725216,1.0725216,-4.7275040322582916e-05,-3.8627897581793276e-05
batch3,19,63.0,1155.0,1.0724547,1.0724547,1.0724547,1.0724913,-4.85462500000013e-05,-3.9001940256046004e-05
batch3,19,64.0,1155.0,1.0724227,1.0724227,1.0724227,1.0724547,-5.0181451612900653e-05,-3.916067994309703e-05
batch3,19,65.0,1155.0,1.0724913,1.0724913,1.0724913,1.0724227,-5.0519838709675355e-05,-3.9228483641539196e-05
batch3,19,66.0,1155.0,1.0723714,1.0723714,1.0723714,1.0723714,-5.049064516128901e-05,-3.929861450924989e-05
batch3,19,67.0,1155.0,1.0722812,1.0722812,1.0722812,1.0722812,-5.0403951612905194e-05,-3.9353376955906316e-05
batch3,19,68.0,1155.0,1.0721852,1.0721852,1.0721852,1.0721852,-4.945520161290306e-05,-3.9487271692747574e-05
batch3,19,69.0,1155.0,1.0721433,1.0721433,1.0721433,1.0721433,-4.858794354838966e-05,-3.9646563300144634e-05
batch3,19,70.0,1155.0,1.0720334,1.0720334,1.0720334,1.0720614,-4.798008064516623e-05,-3.966676813656268e-05
batch3,19,71.0,1155.0,1.0720447,1.0720447,1.0720447,1.0720447,-4.6918306451614444e-05,-3.979973257468159e-05
batch3,19,72.0,1155.0,1.0720614,1.0720614,1.0720614,1.0720334,-4.5953629032253374e-05,-3.981657183498883e-05
batch3,19,73.0,1155.0,1.0719411,1.0719411,1.0719411,1.0719411,-4.412326612902912e-05,-3.986291322901239e-05
batch3,19,74.0,1155.0,1.071857,1.071857,1.071857,1.0719305,-4.196403225806564e-05,-4.0070366998576705e-05
batch3,19,75.0,1155.0,1.0719305,1.0719305,1.0719305,1.071857,-3.977455645161272e-05,-4.016106116643629e-05
batch3,19,76.0,1155.0,1.0717785,1.0717785,1.0717785,1.0717896,-3.7226249999998654e-05,-4.0057775248930094e-05
batch3,19,77.0,1155.0,1.0717287,1.0717287,1.0717287,1.0717785,-3.534137096774148e-05,-4.0113302987196984e-05
batch3,19,78.0,1155.0,1.0717896,1.0717896,1.0717896,1.0717287,-3.4299354838708206e-05,-4.009557610241308e-05
batch3,19,79.0,1155.0,1.0716535,1.0716535,1.0716535,1.0716771,-3.413322580646485e-05,-4.000377240398093e-05
batch3,19,80.0,1155.0,1.0716771,1.0716771,1.0716771,1.0716535,-3.3742620967745414e-05,-3.987428449501825e-05
batch3,19,81.0,1155.0,1.0716394,1.0716394,1.0716394,1.0716394,-3.3332217741934975e-05,-3.975066571835457e-05
batch3,19,82.0,1155.0,1.0716343,1.0716343,1.0716343,1.0716343,-3.3152338709676324e-05,-3.966430725461807e-05
batch3,19,83.0,1155.0,1.07163,1.07163,1.07163,1.07163,-3.3507661290318995e-05,-3.9725416785208705e-05
batch3,19,84.0,1155.0,1.0716078,1.0716078,1.0716078,1.0716078,-3.4116895161284124e-05,-3.9634184921760156e-05
batch3,19,85.0,1155.0,1.0715122,1.0715122,1.0715122,1.0716078,-3.494278225805277e-05,-3.9492275960165764e-05
batch3,19,86.0,1155.0,1.0714833,1.0714833,1.0714833,1.0716027,-3.5877298387094766e-05,-3.932653769558849e-05
batch3,19,87.0,1155.0,1.0714902,1.0714902,1.0714902,1.0715836,-3.586221774193773e-05,-3.896402275960091e-05
batch3,19,88.0,1155.0,1.0715384,1.0715384,1.0715384,1.0715384,-3.5907459677423906e-05,-3.856506116642732e-05
batch3,19,89.0,1155.0,1.0715836,1.0715836,1.0715836,1.0715122,-3.670883064515594e-05,-3.8346563300148e-05
batch3,19,90.0,1155.0,1.0716212,1.0716212,1.0716212,1.0714902,-3.82032661290396e-05,-3.802731436699719e-05
batch3,19,91.0,1155.0,1.0716027,1.0716027,1.0716027,1.0714833,-3.909745967742434e-05,-3.7787556187762786e-05
batch3,19,92.0,1155.0,1.0714499,1.0714499,1.0714499,1.0714499,-4.024282258065214e-05,-3.7616147937407706e-05
batch3,19,93.0,1155.0,1.0713599,1.0713599,1.0713599,1.0713599,-4.17731048387158e-05,-3.731599999999941e-05
batch3,19,94.0,1155.0,1.071209,1.071209,1.071209,1.071209,-4.230387096773778e-05,-3.7084819345663486e-05
batch3,19,95.0,1155.0,1.0711972,1.0711972,1.0711972,1.0711972,-4.329012096774087e-05,-3.679970128022775e-05
batch3,19,96.0,1155.0,1.0710456,1.0710456,1.0710456,1.0710456,-4.422322580645247e-05,-3.659083641536111e-05
batch3,19,97.0,1155.0,1.071039,1.071039,1.071039,1.071039,-4.4721491935471004e-05,-3.6507305832151136e-05
batch3,19,98.0,1155.0,1.0709579,1.0709579,1.0709579,1.0709579,-4.48773387096824e-05,-3.641459174964477e-05
batch3,19,99.0,1155.0,1.0709301,1.0709301,1.0709301,1.070936,-4.478991935483474e-05,-3.6328984352775447e-05
batch3,19,100.0,1155.0,1.0708553,1.0708553,1.0708553,1.0709301,-4.413076612903172e-05,-3.631679943101433e-05
batch3,19,101.0,1155.0,1.0708687,1.0708687,1.0708687,1.0708687,-4.3528629032250645e-05,-3.6416921763866364e-05
batch3,19,102.0,1155.0,1.070936,1.070936,1.070936,1.0708553,-4.240205645160741e-05,-3.652574110953304e-05
batch3,19,103.0,1155.0,1.0708343,1.0708343,1.0708343,1.0708343,-4.08432661290354e-05,-3.65227368421053e-05
batch3,19,104.0,1155.0,1.0707558,1.0707558,1.0707558,1.0707558,-3.8878145161291085e-05,-3.672968136557395e-05
batch3,19,105.0,1155.0,1.0706519,1.0706519,1.0706519,1.0706519,-3.7144395161286867e-05,-3.7068645803702505e-05
batch3,19,106.0,1155.0,1.0705924,1.0705924,1.0705924,1.0706238,-3.4382741935486705e-05,-3.7338019914652895e-05
batch3,19,107.0,1155.0,1.0706238,1.0706238,1.0706238,1.0705924,-3.130608870967654e-05,-3.740530298719376e-05
batch3,19,108.0,1155.0,1.0705363,1.0705363,1.0705363,1.0705571,-2.8989798387099616e-05,-3.742216785205796e-05
batch3,19,109.0,1155.0,1.0705571,1.0705571,1.0705571,1.0705448,-2.6702862903233215e-05,-3.732245519203567e-05
batch3,19,110.0,1155.0,1.0705448,1.0705448,1.0705448,1.0705363,-2.5249556451611658e-05,-3.715151066856064e-05
batch3,19,111.0,1155.0,1.0704545,1.0704545,1.0704545,1.0704932,-2.4524879032258222e-05,-3.6945837837832214e-05
batch3,19,112.0,1155.0,1.0704851,1.0704851,1.0704851,1.0704932,-2.4564516129025827e-05,-3.68634765291609e-05
batch3,19,113.0,1155.0,1.0704702,1.0704702,1.0704702,1.0704932,-2.4703669354837115e-05,-3.665291607397012e-05
batch3,19,114.0,1155.0,1.0704374,1.0704374,1.0704374,1.0704932,-2.5610000000003097e-05,-3.643545376956209e-05
batch3,19,115.0,1155.0,1.0704761,1.0704761,1.0704761,1.0704851,-2.6083387096765965e-05,-3.624387482218868e-05
batch3,19,116.0,1155.0,1.0704932,1.0704932,1.0704932,1.0704761,-2.682987903226407e-05,-3.592444665718005e-05
batch3,19,117.0,1155.0,1.0705428,1.0705428,1.0705428,1.0704761,-2.731165322580489e-05,-3.578944523471035e-05
batch3,19,118.0,1155.0,1.0705442,1.0705442,1.0705442,1.0704702,-2.7433991935484702e-05,-3.566523755334435e-05
batch3,19,119.0,1155.0,1.0704969,1.0704969,1.0704969,1.0704374,-2.8314112903231395e-05,-3.554767283071935e-05
batch3,19,120.0,1155.0,1.070341,1.070341,1.070341,1.070388,-2.972959677418426e-05,-3.555790327169291e-05
batch3,19,121.0,1155.0,1.070388,1.070388,1.070388,1.0703776,-3.173951612902237e-05,-3.557346514936173e-05
batch3,19,122.0,1155.0,1.0703776,1.0703776,1.0703776,1.0703499,-3.38736693548384e-05,-3.550313229018964e-05
batch3,19,123.0,1155.0,1.0703332,1.0703332,1.0703332,1.070341,-3.610129032258007e-05,-3.548196586059254e-05
batch3,19,124.0,1155.0,1.0703499,1.0703499,1.0703499,1.0703332,-3.875899193547787e-05,-3.5545243243239345e-05
batch3,19,125.0,1155.0,1.0703057,1.0703057,1.0703057,1.0703057,-4.109685483870539e-05,-3.559890469417004e-05
batch3,19,126.0,1155.0,1.0701376,1.0701376,1.0701376,1.0701376,-4.399806451613385e-05,-3.5597246088190676e-05
batch3,19,127.0,1155.0,1.0701023,1.0701023,1.0701023,1.0701023,-4.764915322580895e-05,-3.559819630156829e-05
batch3,19,128.0,1155.0,1.07003,1.07003,1.07003,1.07003,-5.006870967742052e-05,-3.5489908961592347e-05
batch3,19,129.0,1155.0,1.0699224,1.0699224,1.0699224,1.0699546,-5.1115524193558996e-05,-3.537619345662007e-05
batch3,19,130.0,1155.0,1.0699546,1.0699546,1.0699546,1.0699242,-5.138987903226023e-05,-3.5363365576107465e-05
batch3,19,131.0,1155.0,1.0699242,1.0699242,1.0699242,1.0699224,-5.0818467741933524e-05,-3.5425499288765064e-05
batch3,19,132.0,1155.0,1.0698916,1.0698916,1.0698916,1.0698916,-4.9827459677417715e-05,-3.559020768136542e-05
batch3,19,133.0,1155.0,1.0698141,1.0698141,1.0698141,1.0698141,-4.755665322580862e-05,-3.583483357041089e-05
batch3,19,134.0,1155.0,1.0697225,1.0697225,1.0697225,1.0697225,-4.543040322581216e-05,-3.6153763869133824e-05
batch3,19,135.0,1155.0,1.0696436,1.0696436,1.0696436,1.0696436,-4.325891129032062e-05,-3.660308108108182e-05
batch3,19,136.0,1155.0,1.069582,1.069582,1.069582,1.069582,-4.106500000000721e-05,-3.70735647226181e-05
batch3,19,137.0,1155.0,1.0695536,1.0695536,1.0695536,1.0695536,-3.842306451613314e-05,-3.735735704124843e-05
batch3,19,138.0,1155.0,1.0694354,1.0694354,1.0694354,1.0694354,-3.547177419355203e-05,-3.76619402560425e-05
batch3,19,139.0,1155.0,1.0693784,1.0693784,1.0693784,1.0693784,-3.3014193548395585e-05,-3.778753911806588e-05
batch3,19,140.0,1155.0,1.0693319,1.0693319,1.0693319,1.0693641,-3.062205645161557e-05,-3.771423613086934e-05
batch3,19,141.0,1155.0,1.0691702,1.0691702,1.0691702,1.0693641,-2.8257137096779862e-05,-3.771288477952035e-05
batch3,19,142.0,1155.0,1.0690509,1.0690509,1.0690509,1.0693641,-2.762072580644538e-05,-3.7826753911806146e-05
batch3,19,143.0,1155.0,1.0691283,1.0691283,1.0691283,1.0693641,-2.718032258065415e-05,-3.805424751066857e-05
batch3,19,144.0,1155.0,1.0692807,1.0692807,1.0692807,1.0693557,-2.653536290323261e-05,-3.829643243243384e-05
batch3,19,145.0,1155.0,1.0693641,1.0693641,1.0693641,1.0693344,-2.6266532258064096e-05,-3.84639260312957e-05
batch3,19,146.0,1155.0,1.0693911,1.0693911,1.0693911,1.0693557,-2.6111653225804077e-05,-3.868493598862046e-05
batch3,19,147.0,1155.0,1.0693699,1.0693699,1.0693699,1.0693641,-2.610979838710053e-05,-3.8898022759603703e-05
batch3,19,148.0,1155.0,1.0694537,1.0694537,1.0694537,1.0693699,-2.6265483870969598e-05,-3.899533143670228e-05
batch3,19,149.0,1155.0,1.0693557,1.0693557,1.0693557,1.0693699,-2.7186370967748328e-05,-3.917860597439435e-05
batch3,19,150.0,1155.0,1.0693344,1.0693344,1.0693344,1.0693699,-2.8281693548382637e-05,-3.927597155049905e-05
batch3,19,151.0,1155.0,1.0694269,1.0694269,1.0694269,1.0693699,-2.975633064516381e-05,-3.948419345661756e-05
batch3,19,152.0,1155.0,1.0693899,1.0693899,1.0693899,1.0693557,-3.128963709677768e-05,-3.9651044096728185e-05
batch3,19,153.0,1155.0,1.0693856,1.0693856,1.0693856,1.0693344,-3.2902540322578005e-05,-3.9661311522048804e-05
batch3,19,154.0,1155.0,1.0692852,1.0692852,1.0692852,1.0692852,-3.4936895161289785e-05,-3.958976102418653e-05
batch3,19,155.0,1155.0,1.0691867,1.0691867,1.0691867,1.0691867,-3.774903225806731e-05,-3.952662873399021e-05
batch3,19,156.0,1155.0,1.0691518,1.0691518,1.0691518,1.0691518,-4.035762096774875e-05,-3.9482108108106166e-05
batch3,19,157.0,1155.0,1.0689684,1.0689684,1.0689684,1.0689684,-4.4723709677412754e-05,-3.946550497866567e-05
batch3,19,158.0,1155.0,1.0688957,1.0688957,1.0688957,1.0689262,-4.950092741935859e-05,-3.9476728307253996e-05
batch3,19,159.0,1155.0,1.0689262,1.0689262,1.0689262,1.0689052,-5.258725806451674e-05,-3.945360455192071e-05
batch3,19,160.0,1155.0,1.0689052,1.0689052,1.0689052,1.0688957,-5.4393346774196725e-05,-3.941223897581862e-05
batch3,19,161.0,1155.0,1.0687842,1.0687842,1.0687842,1.0687842,-5.468600806451806e-05,-3.948683641536421e-05
batch3,19,162.0,1155.0,1.0687133,1.0687133,1.0687133,1.0687133,-5.4037540322588807e-05,-3.951066856329986e-05
batch3,19,163.0,1155.0,1.0686413,1.0686413,1.0686413,1.0686413,-5.327673387097027e-05,-3.9622853485063874e-05
batch3,19,164.0,1155.0,1.0685141,1.0685141,1.0685141,1.0685141,-5.210181451612908e-05,-3.992020768136238e-05
batch3,19,165.0,1155.0,1.0684963,1.0684963,1.0684963,1.0684963,-5.1447943548380484e-05,-4.0199550497868284e-05
batch3,19,166.0,1155.0,1.068436,1.068436,1.068436,1.068436,-5.0532459677422174e-05,-4.045768421052518e-05
batch3,19,167.0,1155.0,1.0684115,1.0684115,1.0684115,1.0684115,-4.866520161291866e-05,-4.0829897581793875e-05
batch3,19,168.0,1155.0,1.0683506,1.0683506,1.0683506,1.0683506,-4.663987903226506e-05,-4.108756756756776e-05
batch3,19,169.0,1155.0,1.0683268,1.0683268,1.0683268,1.0683268,-4.455782258064024e-05,-4.130754196301889e-05
batch3,19,170.0,1155.0,1.0681851,1.0681851,1.0681851,1.0681888,-4.2198467741928595e-05,-4.136055476528926e-05
batch3,19,171.0,1155.0,1.0681888,1.0681888,1.0681888,1.0681851,-4.02743951612914e-05,-4.1393971550495255e-05
batch3,19,172.0,1155.0,1.0679945,1.0679945,1.0679945,1.0681851,-3.814899193548374e-05,-4.1533413940255686e-05
batch3,19,173.0,1155.0,1.0679754,1.0679754,1.0679754,1.0681717,-3.7642258064509035e-05,-4.1654281650071495e-05
batch3,19,174.0,1155.0,1.0681007,1.0681007,1.0681007,1.0681626,-3.708657258063984e-05,-4.1829743954480745e-05
batch3,19,175.0,1155.0,1.0680813,1.0680813,1.0680813,1.0681007,-3.56212903225896e-05,-4.189803698434864e-05
batch3,19,176.0,1155.0,1.0681626,1.0681626,1.0681626,1.0680813,-3.3876008064514834e-05,-4.20864011379779e-05
batch3,19,177.0,1155.0,1.0682093,1.0682093,1.0682093,1.0680709,-3.32236693548377e-05,-4.2304984352767124e-05
batch3,19,178.0,1155.0,1.0681717,1.0681717,1.0681717,1.0680709,-3.3124475806454075e-05,-4.248094452347119e-05
batch3,19,179.0,1155.0,1.0680709,1.0680709,1.0680709,1.0680709,-3.3341008064517e-05,-4.416365007113197e-05
batch3,19,180.0,1155.0,1.0679971,1.0679971,1.0679971,1.0679971,-3.3560483870961654e-05,-4.4536062588907495e-05
batch3,19,181.0,1155.0,1.0679725,1.0679725,1.0679725,1.0679725,-3.401762096773755e-05,-4.4822065433856174e-05
batch3,19,182.0,1155.0,1.0679404,1.0679404,1.0679404,1.0679404,-3.4714556451599825e-05,-4.487511806543609e-05
batch3,19,183.0,1155.0,1.0679069,1.0679069,1.0679069,1.0679069,-3.5989516129031275e-05,-4.479293314366687e-05
batch3,19,184.0,1155.0,1.067822,1.067822,1.067822,1.0678707,-3.746564516128961e-05,-4.463955334281977e-05
batch3,19,185.0,1155.0,1.0678707,1.0678707,1.0678707,1.067822,-3.933834677419103e-05,-4.439832432432599e-05
batch3,19,186.0,1155.0,1.0678095,1.0678095,1.0678095,1.0678095,-4.212653225805882e-05,-4.4088358463728714e-05
batch3,19,187.0,1155.0,1.0677882,1.0677882,1.0677882,1.0677882,-4.455641129032062e-05,-4.3888495021336195e-05
batch3,19,188.0,1155.0,1.0676253,1.0676253,1.0676253,1.0676543,-4.7641129032258734e-05,-4.375372688478064e-05
batch3,19,189.0,1155.0,1.0676214,1.0676214,1.0676214,1.0676382,-5.087600806451433e-05,-4.349331721195109e-05
batch3,19,190.0,1155.0,1.0676543,1.0676543,1.0676543,1.0676253,-5.285370967742492e-05,-4.3161331436697656e-05
batch3,19,191.0,1155.0,1.0676382,1.0676382,1.0676382,1.0676214,-5.4512419354834714e-05,-4.274847510668576e-05
batch3,19,192.0,1155.0,1.0675021,1.0675021,1.0675021,1.0675021,-5.444370967741986e-05,-4.2415522048364444e-05
batch3,19,193.0,1155.0,1.0674008,1.0674008,1.0674008,1.0674008,-5.342540322579719e-05,-4.2198492176387426e-05
batch3,19,194.0,1155.0,1.0673379,1.0673379,1.0673379,1.0673862,-5.260733870967098e-05,-4.188322617353767e-05
batch3,19,195.0,1155.0,1.0673862,1.0673862,1.0673862,1.0673379,-5.1739072580643475e-05,-4.179182361308806e-05
batch3,19,196.0,1155.0,1.0672907,1.0672907,1.0672907,1.0672907,-5.120600806451089e-05,-4.172924039829188e-05
batch3,19,197.0,1155.0,1.067235,1.067235,1.067235,1.067235,-4.997080645161517e-05,-4.155811379801245e-05
batch3,19,198.0,1155.0,1.0670855,1.0670855,1.0670855,1.0670855,-4.884729838709154e-05,-4.140379516358349e-05
batch3,19,199.0,1155.0,1.0670288,1.0670288,1.0670288,1.0670288,-4.7685161290319854e-05,-4.144477382645787e-05
batch3,19,200.0,1155.0,1.0669005,1.0669005,1.0669005,1.0669005,-4.64557258064582e-05,-4.143290184921679e-05
batch3,19,201.0,1155.0,1.0668052,1.0668052,1.0668052,1.0668052,-5.251362903225517e-05,-4.1485493598862914e-05
batch3,19,202.0,1155.0,1.0667685,1.0667685,1.0667685,1.0667728,-5.027737903225315e-05,-4.158311237553436e-05
batch3,19,203.0,1155.0,1.0667728,1.0667728,1.0667728,1.0667708,-4.805133064516585e-05,-4.165776671408314e-05
batch3,19,204.0,1155.0,1.0666869,1.0666869,1.0666869,1.0667685,-4.637822580645532e-05,-4.1728045519203794e-05
batch3,19,205.0,1155.0,1.0666752,1.0666752,1.0666752,1.0667573,-4.445374999999927e-05,-4.1852975817922084e-05
batch3,19,206.0,1155.0,1.0666536,1.0666536,1.0666536,1.0666984,-4.2065080645168763e-05,-4.200885348506303e-05
batch3,19,207.0,1155.0,1.0667573,1.0667573,1.0667573,1.0666869,-3.911467741936213e-05,-4.208550497865928e-05
batch3,19,208.0,1155.0,1.0667708,1.0667708,1.0667708,1.0666819,-3.7147338709680686e-05,-4.221201137980135e-05
batch3,19,209.0,1155.0,1.0666819,1.0666819,1.0666819,1.0666814,-3.5881008064511486e-05,-4.230730298720088e-05
batch3,19,210.0,1155.0,1.0666984,1.0666984,1.0666984,1.0666752,-3.5289032258061e-05,-4.258990042674259e-05
batch3,19,211.0,1155.0,1.0666302,1.0666302,1.0666302,1.0666536,-3.425665322580219e-05,-4.28028591749668e-05
batch3,19,212.0,1155.0,1.0666814,1.0666814,1.0666814,1.0666302,-3.319806451612713e-05,-4.416105547652907e-05
batch3,19,213.0,1155.0,1.0666111,1.0666111,1.0666111,1.0666111,-3.20418145161218e-05,-4.4106344238975366e-05
batch3,19,214.0,1155.0,1.0665646,1.0665646,1.0665646,1.0665768,-3.173919354839141e-05,-4.401757041251972e-05
batch3,19,215.0,1155.0,1.0665768,1.0665768,1.0665768,1.0665646,-3.193866935483938e-05,-4.3903960170698304e-05
batch3,19,216.0,1155.0,1.065237,1.065237,1.065237,1.066498,-3.2249556451606305e-05,-4.3799945945945806e-05
batch3,19,217.0,1155.0,1.066498,1.066498,1.066498,1.0664316,-3.344249999999563e-05,-4.3861695590327856e-05
batch3,19,218.0,1155.0,1.0664316,1.0664316,1.0664316,1.0664235,-3.468770161291443e-05,-4.3928005689900947e-05
batch3,19,219.0,1155.0,1.0664235,1.0664235,1.0664235,1.0663891,-3.556584677418872e-05,-4.393075391180796e-05
batch3,19,220.0,1155.0,1.0663891,1.0663891,1.0663891,1.0663716,-3.705907258065087e-05,-4.399026458036988e-05
batch3,19,221.0,1155.0,1.0663486,1.0663486,1.0663486,1.0663486,-3.910471774194194e-05,-4.400062019914587e-05
batch3,19,222.0,1155.0,1.0663716,1.0663716,1.0663716,1.0663486,-4.060096774193608e-05,-4.413073399715714e-05
batch3,19,223.0,1155.0,1.0662698,1.0662698,1.0662698,1.0662698,-4.141181451613176e-05,-4.408540825035471e-05
batch3,19,224.0,1155.0,1.0661798,1.0661798,1.0661798,1.0661798,-4.1593266129023556e-05,-4.399219914651296e-05
batch3,19,225.0,1155.0,1.066054,1.066054,1.066054,1.066054,-4.206887096774101e-05,-4.395179800853507e-05
batch3,19,226.0,1155.0,1.0659897,1.0659897,1.0659897,1.0660028,-4.202399193548025e-05,-4.407204267425812e-05
batch3,19,227.0,1155.0,1.0660028,1.0660028,1.0660028,1.0659925,-4.2545806451623776e-05,-4.415181507823598e-05
batch3,19,228.0,1155.0,1.0659925,1.0659925,1.0659925,1.0659897,-4.2498870967739694e-05,-4.416917211949002e-05
batch3,19,229.0,1155.0,1.065928,1.065928,1.065928,1.065928,-4.222137096773816e-05,-4.415767852062475e-05
batch3,19,230.0,1155.0,1.0658283,1.0658283,1.0658283,1.0658667,-4.159705645162252e-05,-4.4225180654340145e-05
batch3,19,231.0,1155.0,1.0658667,1.0658667,1.0658667,1.0658283,-4.068358870967516e-05,-4.432815078236149e-05
batch3,19,232.0,1155.0,1.0657536,1.0657536,1.0657536,1.0657536,-4.8211975806447354e-05,-4.459894452346963e-05
batch3,19,233.0,1155.0,1.065714,1.065714,1.065714,1.065714,-4.750895161290398e-05,-4.4787587482216686e-05
batch3,19,234.0,1155.0,1.0656998,1.0656998,1.0656998,1.0656998,-5.450637096774493e-05,-4.489908108107989e-05
batch3,19,235.0,1155.0,1.0656182,1.0656182,1.0656182,1.0656182,-5.296733870968021e-05,-4.5097587482218904e-05
batch3,19,236.0,1155.0,1.0654681,1.0654681,1.0654681,1.0655015,-5.190891129031995e-05,-4.541446657183534e-05
batch3,19,237.0,1155.0,1.0655015,1.0655015,1.0655015,1.0654681,-5.120399193548921e-05,-4.573122901848762e-05
batch3,19,238.0,1155.0,1.0654274,1.0654274,1.0654274,1.0654284,-5.011439516128939e-05,-4.6068827880513275e-05
batch3,19,239.0,1155.0,1.0654284,1.0654284,1.0654284,1.0654274,-4.991983870967766e-05,-4.643271408250026e-05
batch3,19,240.0,1155.0,1.0653851,1.0653851,1.0653851,1.0653851,-4.977528225805655e-05,-4.680904125177869e-05
batch3,19,241.0,1155.0,1.0653671,1.0653671,1.0653671,1.0653671,-4.984495967742341e-05,-4.7206677098152443e-05
batch3,19,242.0,1155.0,1.0652574,1.0652574,1.0652574,1.0652574,-5.0422177419351555e-05,-4.7632967283072196e-05
batch3,19,243.0,1155.0,1.0652053,1.0652053,1.0652053,1.0652342,-5.0384112903225334e-05,-4.7993598862017416e-05
batch3,19,244.0,1155.0,1.06522,1.06522,1.06522,1.06522,-5.051935483871294e-05,-4.82742275960171e-05
batch3,19,245.0,1155.0,1.0652342,1.0652342,1.0652342,1.0652053,-5.027298387097086e-05,-4.967488193456888e-05
batch3,19,246.0,1155.0,1.0651803,1.0651803,1.0651803,1.0651803,-4.9961854838699425e-05,-4.974471692745175e-05
batch3,19,247.0,1155.0,1.0651206,1.0651206,1.0651206,1.0651287,-4.9555000000006704e-05,-4.9821206258888546e-05
batch3,19,248.0,1155.0,1.0651287,1.0651287,1.0651287,1.0651206,-4.972201612903847e-05,-4.986515504978886e-05
batch3,19,249.0,1155.0,1.0638351,1.0638351,1.0638351,1.065082,-4.982052419355002e-05,-4.994718634424031e-05
batch3,19,250.0,1155.0,1.065082,1.065082,1.065082,1.0649498,-4.979245967742048e-05,-4.992480796586234e-05
batch3,19,251.0,1155.0,1.0649498,1.0649498,1.0649498,1.0648386,-4.995584677419315e-05,-4.987893029872108e-05
batch3,19,252.0,1155.0,1.0648386,1.0648386,1.0648386,1.064777,-5.064451612902943e-05,-4.98209672830751e-05
batch3,19,253.0,1155.0,1.064777,1.064777,1.064777,1.0646313,-5.067104838709993e-05,-4.9739394025606115e-05
batch3,19,254.0,1155.0,1.0646313,1.0646313,1.0646313,1.0646098,-5.169213709677412e-05,-5.1054805120907405e-05
batch3,19,255.0,1155.0,1.0646098,1.0646098,1.0646098,1.0646098,-5.2452298387102385e-05,-5.095062588904492e-05
batch3,19,256.0,1155.0,1.0646039,1.0646039,1.0646039,1.0646039,-5.2364072580650476e-05,-5.088369559032629e-05
batch3,19,257.0,1155.0,1.0644919,1.0644919,1.0644919,1.0644919,-5.247387096774107e-05,-5.0853311522047486e-05
batch3,19,258.0,1155.0,1.0644798,1.0644798,1.0644798,1.0644798,-5.294016129031412e-05,-5.0774677098150604e-05
batch3,19,259.0,1155.0,1.0643606,1.0643606,1.0643606,1.0643978,-5.3293467741936484e-05,-5.0631507823615336e-05
batch3,19,260.0,1155.0,1.0643837,1.0643837,1.0643837,1.0643837,-5.278165322580102e-05,-5.044076244665941e-05
batch3,19,261.0,1155.0,1.0643978,1.0643978,1.0643978,1.0643606,-5.162181451613221e-05,-5.035140540540638e-05
batch3,19,262.0,1155.0,1.0642773,1.0642773,1.0642773,1.0642773,-5.051250000000756e-05,-5.0335607396871574e-05
batch3,19,263.0,1155.0,1.0641971,1.0641971,1.0641971,1.0641971,-4.979778225806e-05,-5.041791749644551e-05
batch3,19,264.0,1155.0,1.0641469,1.0641469,1.0641469,1.0641469,-4.851991935484583e-05,-5.0526788051208365e-05
batch3,19,265.0,1155.0,1.0640785,1.0640785,1.0640785,1.0640785,-5.497145161290094e-05,-5.0622967283071495e-05
batch3,19,266.0,1155.0,1.0640258,1.0640258,1.0640258,1.0640258,-5.313419354838863e-05,-5.06548819345657e-05
batch3,19,267.0,1155.0,1.0639929,1.0639929,1.0639929,1.0639929,-5.907495967741183e-05,-5.0634068278806224e-05
batch3,19,268.0,1155.0,1.0639684,1.0639684,1.0639684,1.0639684,-5.7783790322581256e-05,-5.068105547653157e-05
batch3,19,269.0,1155.0,1.0637808,1.0637808,1.0637808,1.0637852,-5.6306370967745894e-05,-5.0666483641536487e-05
batch3,19,270.0,1155.0,1.0637131,1.0637131,1.0637131,1.0637808,-5.562254032258366e-05,-5.072321194879103e-05
batch3,19,271.0,1155.0,1.0637852,1.0637852,1.0637852,1.0637131,-5.485302419354779e-05,-5.067233001422629e-05
batch3,19,272.0,1155.0,1.063665,1.063665,1.063665,1.063665,-5.3802701612900866e-05,-5.0594199146511744e-05
batch3,19,273.0,1155.0,1.0636096,1.0636096,1.0636096,1.0636096,-5.286516129032136e-05,-5.053024466571988e-05
batch3,19,274.0,1155.0,1.063574,1.063574,1.063574,1.0635926,-5.164197580645612e-05,-5.058402275960224e-05
batch3,19,275.0,1155.0,1.0635926,1.0635926,1.0635926,1.0635761,-5.111076612903033e-05,-5.0545004267424106e-05
batch3,19,276.0,1155.0,1.0635761,1.0635761,1.0635761,1.063574,-5.0146975806456265e-05,-5.048874822190932e-05
batch3,19,277.0,1155.0,1.0635147,1.0635147,1.0635147,1.0635147,-4.8540080645165065e-05,-5.036024182076686e-05
batch3,19,278.0,1155.0,1.0634021,1.0634021,1.0634021,1.0634021,-4.748161290322698e-05,-5.035444381223558e-05
batch3,19,279.0,1155.0,1.063372,1.063372,1.063372,1.063372,-4.709157258064369e-05,-5.028264580369884e-05
batch3,19,280.0,1155.0,1.0633568,1.0633568,1.0633568,1.0633653,-4.652677419355092e-05,-5.020700995732814e-05
batch3,19,281.0,1155.0,1.0633653,1.0633653,1.0633653,1.0633568,-4.578278225806379e-05,-5.0120318634422756e-05
batch3,19,282.0,1155.0,1.0621059,1.0621059,1.0621059,1.0632306,-4.527145161290706e-05,-4.999458605974439e-05
batch3,19,283.0,1155.0,1.0632306,1.0632306,1.0632306,1.0632199,-4.4951814516143135e-05,-4.97942361308679e-05
batch3,19,284.0,1155.0,1.0632199,1.0632199,1.0632199,1.0631403,-4.465689516129473e-05,-4.970642958748374e-05
batch3,19,285.0,1155.0,1.0631403,1.0631403,1.0631403,1.063078,-4.533346774193944e-05,-4.955453485063915e-05
batch3,19,286.0,1155.0,1.063078,1.063078,1.063078,1.0630286,-4.621794354839303e-05,-4.941011948790577e-05
batch3,19,287.0,1155.0,1.0630286,1.0630286,1.0630286,1.0630244,-4.6665927419357146e-05,-5.060918918918928e-05
batch3,19,288.0,1155.0,1.0630244,1.0630244,1.0630244,1.0630244,-4.7424838709670594e-05,-5.036803698435183e-05
batch3,19,289.0,1155.0,1.0629867,1.0629867,1.0629867,1.0629867,-4.784516129032159e-05,-5.0157095305834453e-05
batch3,19,290.0,1155.0,1.0628999,1.0628999,1.0628999,1.0628999,-4.828758064516833e-05,-5.007654054054161e-05
batch3,19,291.0,1155.0,1.0628494,1.0628494,1.0628494,1.0628494,-4.8499475806450755e-05,-5.00290753911816e-05
batch3,19,292.0,1155.0,1.0628384,1.0628384,1.0628384,1.0628384,-4.8508508064515125e-05,-5.007013086771217e-05
batch3,19,293.0,1155.0,1.0627723,1.0627723,1.0627723,1.0627723,-4.800745967742034e-05,-5.0033817923185114e-05
batch3,19,294.0,1155.0,1.062647,1.062647,1.062647,1.062647,-4.7973870967736365e-05,-5.002252916073786e-05
batch3,19,295.0,1155.0,1.0626261,1.0626261,1.0626261,1.0626273,-4.7723266129032525e-05,-5.000183214793879e-05
batch3,19,296.0,1155.0,1.0626273,1.0626273,1.0626273,1.0626261,-4.732004032257532e-05,-4.9954711237553834e-05
batch3,19,297.0,1155.0,1.0625483,1.0625483,1.0625483,1.0625483,-4.650887096774331e-05,-5.0028839260313626e-05
batch3,19,298.0,1155.0,1.0624532,1.0624532,1.0624532,1.0624532,-5.322733870967427e-05,-5.001504409673102e-05
batch3,19,299.0,1155.0,1.0623726,1.0623726,1.0623726,1.0623726,-5.2738185483870277e-05,-4.9962133712661305e-05
batch3,19,300.0,1155.0,1.0623057,1.0623057,1.0623057,1.0623057,-5.275064516128894e-05,-4.999027027026919e-05
batch3,19,301.0,1155.0,1.0622452,1.0622452,1.0622452,1.0622452,-5.2737983870962755e-05,-5.0072449502135876e-05
batch3,19,302.0,1155.0,1.0621426,1.0621426,1.0621426,1.0621426,-5.239987903225691e-05,-5.018599146515107e-05
batch3,19,303.0,1155.0,1.0621099,1.0621099,1.0621099,1.0621213,-5.1979596774195177e-05,-5.027436984352938e-05
batch3,19,304.0,1155.0,1.0621213,1.0621213,1.0621213,1.0621099,-5.144229838709124e-05,-5.034380369843459e-05
batch3,19,305.0,1155.0,1.0620564,1.0620564,1.0620564,1.0620564,-5.0781935483865184e-05,-5.033483926031569e-05
batch3,19,306.0,1155.0,1.0619735,1.0619735,1.0619735,1.0619735,-5.0974072580656414e-05,-5.029966998577764e-05
batch3,19,307.0,1155.0,1.0619167,1.0619167,1.0619167,1.0619559,-5.0722379032258684e-05,-5.0434975817923676e-05
batch3,19,308.0,1155.0,1.0619559,1.0619559,1.0619559,1.0619167,-5.061862903225691e-05,-5.0543769559031246e-05
batch3,19,309.0,1155.0,1.0618948,1.0618948,1.0618948,1.0618948,-5.058584677419098e-05,-5.0508258890469506e-05
batch3,19,310.0,1155.0,1.0618623,1.0618623,1.0618623,1.0618623,-5.059379032258518e-05,-5.0593689900426936e-05
batch3,19,311.0,1155.0,1.0618031,1.0618031,1.0618031,1.0618031,-5.010854838709553e-05,-5.0621937411096055e-05
batch3,19,312.0,1155.0,1.0617579,1.0617579,1.0617579,1.0617579,-4.9680080645166074e-05,-5.069051778093712e-05
batch3,19,313.0,1155.0,1.0617492,1.0617492,1.0617492,1.0617492,-4.952870967741779e-05,-5.0665294452349144e-05
batch3,19,314.0,1155.0,1.0617174,1.0617174,1.0617174,1.0617174,-4.955862903225117e-05,-5.058638406827849e-05
batch3,19,315.0,1155.0,1.061545,1.061545,1.061545,1.061545,-4.949959677419168e-05,-5.050876813655858e-05
batch3,19,316.0,1155.0,1.0615224,1.0615224,1.0615224,1.0615348,-4.997580645162626e-05,-5.0470907539116404e-05
batch3,19,317.0,1155.0,1.0615348,1.0615348,1.0615348,1.0615224,-5.008633064516748e-05,-5.044233570412323e-05
batch3,19,318.0,1155.0,1.0614982,1.0614982,1.0614982,1.0614982,-5.0636169354836376e-05,-5.037937980085101e-05
batch3,19,319.0,1155.0,1.06142,1.06142,1.06142,1.06142,-5.1381612903222534e-05,-5.029166429587372e-05
batch3,19,320.0,1155.0,1.0613736,1.0613736,1.0613736,1.0613736,-5.169092741935911e-05,-5.150442958748157e-05
batch3,19,321.0,1155.0,1.0612177,1.0612177,1.0612177,1.0612328,-5.2269879032256466e-05,-5.1562034139400723e-05
batch3,19,322.0,1155.0,1.0612328,1.0612328,1.0612328,1.0612177,-5.309786290323019e-05,-5.15236216216221e-05
batch3,19,323.0,1155.0,1.0611123,1.0611123,1.0611123,1.0611123,-5.4101008064517054e-05,-5.153451209103935e-05
batch3,19,324.0,1155.0,1.061056,1.061056,1.061056,1.0610685,-5.4708024193549594e-05,-5.155351920341594e-05
batch3,19,325.0,1155.0,1.0610685,1.0610685,1.0610685,1.0610671,-5.508419354839049e-05,-5.1573493598866616e-05
batch3,19,326.0,1155.0,1.0610671,1.0610671,1.0610671,1.061056,-5.518891129032729e-05,-5.153045803698806e-05
batch3,19,327.0,1155.0,1.0609525,1.0609525,1.0609525,1.0609525,-5.497258064515872e-05,-5.148789758179238e-05
batch3,19,328.0,1155.0,1.0608793,1.0608793,1.0608793,1.0608793,-5.471653225806097e-05,-5.1503507823611346e-05
batch3,19,329.0,1155.0,1.0608395,1.0608395,1.0608395,1.0608395,-5.430383064516592e-05,-5.161127738264555e-05
batch3,19,330.0,1155.0,1.0608326,1.0608326,1.0608326,1.0608326,-5.3451814516125785e-05,-5.159810241820322e-05
batch3,19,331.0,1155.0,1.0607128,1.0607128,1.0607128,1.0607316,-5.3259556451606174e-05,-5.163077098150606e-05
batch3,19,332.0,1155.0,1.0607316,1.0607316,1.0607316,1.0607128,-5.316290322580743e-05,-5.173761593172142e-05
batch3,19,333.0,1155.0,1.0606675,1.0606675,1.0606675,1.0606675,-5.228221774193992e-05,-5.18666344238974e-05
batch3,19,334.0,1155.0,1.0605717,1.0605717,1.0605717,1.0605717,-5.160536290322594e-05,-5.189318634424024e-05
batch3,19,335.0,1155.0,1.0605291,1.0605291,1.0605291,1.0605291,-5.095141129031393e-05,-5.189199146515096e-05
batch3,19,336.0,1155.0,1.0604476,1.0604476,1.0604476,1.0604476,-5.015483870967861e-05,-5.1940540540540836e-05
batch3,19,337.0,1155.0,1.0603876,1.0603876,1.0603876,1.0603876,-4.996689516128701e-05,-5.2025610241822126e-05
batch3,19,338.0,1155.0,1.0603135,1.0603135,1.0603135,1.0603135,-4.923032258064914e-05,-5.21890241820768e-05
batch3,19,339.0,1155.0,1.0602303,1.0602303,1.0602303,1.0602303,-4.912705645161661e-05,-5.228027880512154e-05
batch3,19,340.0,1155.0,1.0602186,1.0602186,1.0602186,1.0602186,-4.9109556451603843e-05,-5.245033570412731e-05
batch3,19,341.0,1155.0,1.0601864,1.0601864,1.0601864,1.0601909,-4.894403225804856e-05,-5.2574119487908746e-05
batch3,19,342.0,1155.0,1.0601909,1.0601909,1.0601909,1.0601864,-4.843435483870817e-05,-5.263202844950416e-05
batch3,19,343.0,1155.0,1.0601382,1.0601382,1.0601382,1.0601382,-4.879399193548377e-05,-5.265103556187698e-05
batch3,19,344.0,1155.0,1.0600654,1.0600654,1.0600654,1.0600654,-4.8987701612911714e-05,-5.2708076813658635e-05
batch3,19,345.0,1155.0,1.0600597,1.0600597,1.0600597,1.0600597,-4.923391129032444e-05,-5.2668682788050354e-05
batch3,19,346.0,1155.0,1.060024,1.060024,1.060024,1.060024,-4.917725806451957e-05,-5.2435177809388966e-05
batch3,19,347.0,1155.0,1.0599309,1.0599309,1.0599309,1.0599412,-4.956600806451345e-05,-5.226602275960559e-05
batch3,19,348.0,1155.0,1.0599412,1.0599412,1.0599412,1.0599309,-4.9446129032256255e-05,-5.207102418207738e-05
batch3,19,349.0,1155.0,1.0598403,1.0598403,1.0598403,1.0598403,-4.949104838709152e-05,-5.195842674253311e-05
batch3,19,350.0,1155.0,1.0598094,1.0598094,1.0598094,1.0598094,-4.993520161290189e-05,-5.1829607396870974e-05
batch3,19,351.0,1155.0,1.0597751,1.0597751,1.0597751,1.0597751,-5.086306451613555e-05,-5.167427311521843e-05
batch3,19,352.0,1155.0,1.0597342,1.0597342,1.0597342,1.0597342,-5.1521290322580196e-05,-5.151473968705606e-05
batch3,19,353.0,1155.0,1.0597099,1.0597099,1.0597099,1.0597099,-5.242241935483735e-05,-5.1510506401140374e-05
batch3,19,354.0,1155.0,1.0596322,1.0596322,1.0596322,1.0596322,-5.344572580644835e-05,-5.147594879089958e-05
batch3,19,355.0,1155.0,1.0595794,1.0595794,1.0595794,1.0595794,-5.499689516129988e-05,-5.1323897581791305e-05
batch3,19,356.0,1155.0,1.0594921,1.0594921,1.0594921,1.0594921,-5.604036290322638e-05,-5.1182099573257726e-05
batch3,19,357.0,1155.0,1.0594454,1.0594454,1.0594454,1.0594454,-5.664133064516066e-05,-5.1076293029870805e-05
batch3,19,358.0,1155.0,1.0593158,1.0593158,1.0593158,1.0593158,-5.6907862903222945e-05,-5.095211664296178e-05
batch3,19,359.0,1155.0,1.0593122,1.0593122,1.0593122,1.0593122,-5.7192056451607986e-05,-5.0956036984354135e-05
batch3,19,360.0,1155.0,1.0592415,1.0592415,1.0592415,1.0592415,-5.794310483871089e-05,-5.085542816500778e-05
batch3,19,361.0,1155.0,1.0591924,1.0591924,1.0591924,1.0591924,-5.789475806452649e-05,-5.085340825035511e-05
batch3,19,362.0,1155.0,1.0591372,1.0591372,1.0591372,1.0591372,-5.7844556451621906e-05,-5.080097866287289e-05
batch3,19,363.0,1155.0,1.0590962,1.0590962,1.0590962,1.0590962,-5.785818548386904e-05,-5.075189758179247e-05
batch3,19,364.0,1155.0,1.0590283,1.0590283,1.0590283,1.0590283,-5.745572580644991e-05,-5.0693743954482725e-05
batch3,19,365.0,1155.0,1.0589552,1.0589552,1.0589552,1.0589552,-5.7020645161287905e-05,-5.0640381223331883e-05
batch3,19,366.0,1155.0,1.0588129,1.0588129,1.0588129,1.05883,-5.646120967742531e-05,-5.071398862020587e-05
batch3,19,367.0,1155.0,1.05883,1.05883,1.05883,1.0588129,-5.5174596774185946e-05,-5.078948221906121e-05
batch3,19,368.0,1155.0,1.058746,1.058746,1.058746,1.058746,-5.3254274193555036e-05,-5.082750497866259e-05
batch3,19,369.0,1155.0,1.0586954,1.0586954,1.0586954,1.0586954,-5.148862903225234e-05,-5.088483641535879e-05
batch3,19,370.0,1155.0,1.058589,1.058589,1.058589,1.058589,-4.9857782258065175e-05,-5.093498150782263e-05
batch3,19,371.0,1155.0,1.058576,1.058576,1.058576,1.058576,-4.867286290322768e-05,-5.089561308676931e-05
batch3,19,372.0,1155.0,1.058574,1.058574,1.058574,1.058574,-4.765983870968365e-05,-5.089648079658585e-05
batch3,19,373.0,1155.0,1.058517,1.058517,1.058517,1.058517,-4.67422983870925e-05,-5.088995448080145e-05
batch3,19,374.0,1155.0,1.0584587,1.0584587,1.0584587,1.0584587,-4.644072580644973e-05,-5.09078093883362e-05
batch3,19,375.0,1155.0,1.0583472,1.0583472,1.0583472,1.0583709,-4.6016088709687614e-05,-5.092590042674294e-05
batch3,19,376.0,1155.0,1.0583709,1.0583709,1.0583709,1.0583472,-4.572028225806929e-05,-5.103569559032723e-05
batch3,19,377.0,1155.0,1.0582967,1.0582967,1.0582967,1.0582967,-4.514310483870929e-05,-5.114919203414027e-05
batch3,19,378.0,1155.0,1.0582703,1.0582703,1.0582703,1.0582703,-4.4774233870974705e-05,-5.121707254623188e-05
batch3,19,379.0,1155.0,1.0582174,1.0582174,1.0582174,1.0582515,-4.440951612904389e-05,-5.257684210526217e-05
batch3,19,380.0,1155.0,1.0582155,1.0582155,1.0582155,1.0582174,-4.409725806450819e-05,-5.246033285917737e-05
batch3,19,381.0,1155.0,1.0581607,1.0581607,1.0581607,1.0582155,-4.40427016128966e-05,-5.2401143669987144e-05
batch3,19,382.0,1155.0,1.0582076,1.0582076,1.0582076,1.0582076,-4.4406008064521024e-05,-5.239179231863388e-05
batch3,19,383.0,1155.0,1.0582515,1.0582515,1.0582515,1.0581607,-4.4539032258068065e-05,-5.234669132290249e-05
batch3,19,384.0,1155.0,1.058153,1.058153,1.058153,1.058153,-4.4592620967742154e-05,-5.232071977240341e-05
batch3,19,385.0,1155.0,1.0581098,1.0581098,1.0581098,1.0581098,-4.511318548386786e-05,-5.229289615931438e-05
batch3,19,386.0,1155.0,1.0579909,1.0579909,1.0579909,1.0579909,-4.6297620967748414e-05,-5.220708108107922e-05
batch3,19,387.0,1155.0,1.0579497,1.0579497,1.0579497,1.0579497,-4.694008064516349e-05,-5.21726486486427e-05
batch3,19,388.0,1155.0,1.0578809,1.0578809,1.0578809,1.0578809,-4.791701612903655e-05,-5.217427311521907e-05
batch3,19,389.0,1155.0,1.057813,1.057813,1.057813,1.057813,-4.90253225806437e-05,-5.217944807965692e-05
batch3,19,390.0,1155.0,1.057737,1.057737,1.057737,1.057737,-5.025233870966772e-05,-5.212035277382912e-05
batch3,19,391.0,1155.0,1.0576861,1.0576861,1.0576861,1.0576861,-5.157354838708846e-05,-5.2046583214791405e-05
batch3,19,392.0,1155.0,1.0576813,1.0576813,1.0576813,1.0576813,-5.2850241935484515e-05,-5.191787766713832e-05
batch3,19,393.0,1155.0,1.057605,1.057605,1.057605,1.057605,-5.3691653225808526e-05,-5.182082788051285e-05
batch3,19,394.0,1155.0,1.0575459,1.0575459,1.0575459,1.0575459,-5.436786290322418e-05,-5.1784017069705205e-05
batch3,19,395.0,1155.0,1.0575063,1.0575063,1.0575063,1.0575063,-5.509096774193789e-05,-5.1780349928873715e-05
batch3,19,396.0,1155.0,1.0574402,1.0574402,1.0574402,1.0574402,-5.547467741935202e-05,-5.1804119487906366e-05
batch3,19,397.0,1155.0,1.0574219,1.0574219,1.0574219,1.0574219,-5.58322580645099e-05,-5.182868278805362e-05
batch3,19,398.0,1155.0,1.057349,1.057349,1.057349,1.057353,-5.594802419354994e-05,-5.1884549075390325e-05
batch3,19,399.0,1155.0,1.057353,1.057353,1.057353,1.057349,-5.522104838709427e-05,-5.190120056898908e-05
batch3,19,400.0,1155.0,1.0572369,1.0572369,1.0572369,1.0572369,-5.469447580644916e-05,-5.191504694167896e-05
batch3,19,401.0,1155.0,1.0571434,1.0571434,1.0571434,1.0571505,-6.159624999999896e-05,-5.1996364153624994e-05
batch3,19,402.0,1155.0,1.0571505,1.0571505,1.0571505,1.0571434,-6.04382661290262e-05,-5.199693883357039e-05
batch3,19,403.0,1155.0,1.0570023,1.0570023,1.0570023,1.0570023,-5.9527056451606743e-05,-5.207353627311511e-05
batch3,19,404.0,1155.0,1.0569366,1.0569366,1.0569366,1.0569366,-5.8856209677412714e-05,-5.218004551920396e-05
batch3,19,405.0,1155.0,1.0568738,1.0568738,1.0568738,1.0568738,-5.834249999999428e-05,-5.221243527738033e-05
batch3,19,406.0,1155.0,1.0568715,1.0568715,1.0568715,1.0568715,-5.817826612903583e-05,-5.230824466572104e-05
batch3,19,407.0,1155.0,1.0567552,1.0567552,1.0567552,1.0567986,-5.77284274193558e-05,-5.238830156472334e-05
batch3,19,408.0,1155.0,1.0567986,1.0567986,1.0567986,1.0567552,-5.70183467741829e-05,-5.250103271692579e-05
batch3,19,409.0,1155.0,1.0567542,1.0567542,1.0567542,1.0567542,-5.643624999998977e-05,-5.253654054054063e-05
batch3,19,410.0,1155.0,1.0567018,1.0567018,1.0567018,1.0567018,-5.621983870968242e-05,-5.265197155049937e-05
batch3,19,411.0,1155.0,1.0566589,1.0566589,1.0566589,1.0566589,-5.602838709678685e-05,-5.273483641536292e-05
batch3,19,412.0,1155.0,1.0566179,1.0566179,1.0566179,1.0566179,-5.559447580644879e-05,-5.280793456614471e-05
batch3,19,413.0,1155.0,1.056505,1.056505,1.056505,1.056505,-5.501653225807056e-05,-5.414398008534811e-05
batch3,19,414.0,1155.0,1.056484,1.056484,1.056484,1.056484,-5.407076612903296e-05,-5.404154196301762e-05
batch3,19,415.0,1155.0,1.0564381,1.0564381,1.0564381,1.0564381,-5.293560483871071e-05,-5.398694452347097e-05
batch3,19,416.0,1155.0,1.0551417,1.0551417,1.0551417,1.0564032,-5.2306008064514467e-05,-5.403212233285965e-05
batch3,19,417.0,1155.0,1.0564032,1.0564032,1.0564032,1.0563005,-5.2147459677414955e-05,-5.399591465149662e-05
batch3,19,418.0,1155.0,1.0563005,1.0563005,1.0563005,1.0562242,-5.127173387096841e-05,-5.396158748221785e-05
batch3,19,419.0,1155.0,1.0562242,1.0562242,1.0562242,1.0561602,-5.128625000000222e-05,-5.392560170696877e-05
batch3,19,420.0,1155.0,1.0561602,1.0561602,1.0561602,1.0560733,-5.145221774193734e-05,-5.378445803698571e-05
batch3,19,421.0,1155.0,1.0560733,1.0560733,1.0560733,1.0560639,-5.147959677419385e-05,-5.353941678521051e-05
batch3,19,422.0,1155.0,1.0560639,1.0560639,1.0560639,1.0560639,-5.11622177419381e-05,-5.333850355618795e-05
batch3,19,423.0,1155.0,1.0560039,1.0560039,1.0560039,1.0560039,-5.1708427419365736e-05,-5.3179413940256055e-05
batch3,19,424.0,1155.0,1.0559523,1.0559523,1.0559523,1.0559523,-5.1078870967741296e-05,-5.3098270270272124e-05
batch3,19,425.0,1155.0,1.0558447,1.0558447,1.0558447,1.0558447,-5.068919354838347e-05,-5.304648933143782e-05
batch3,19,426.0,1155.0,1.0557694,1.0557694,1.0557694,1.0557694,-4.987774193548244e-05,-5.297009672830611e-05
batch3,19,427.0,1155.0,1.0557642,1.0557642,1.0557642,1.0557642,-4.897645161291004e-05,-5.290026458037132e-05
batch3,19,428.0,1155.0,1.0556958,1.0556958,1.0556958,1.0557193,-4.814383064516346e-05,-5.2900935988620375e-05
batch3,19,429.0,1155.0,1.0557193,1.0557193,1.0557193,1.0556958,-4.7580645161293226e-05,-5.2962918918920766e-05
batch3,19,430.0,1155.0,1.0556377,1.0556377,1.0556377,1.0556377,-4.665427419355504e-05,-5.294647226173573e-05
batch3,19,431.0,1155.0,1.0555636,1.0555636,1.0555636,1.0555636,-4.545935483871344e-05,-5.308332290184812e-05
batch3,19,432.0,1155.0,1.0554739,1.0554739,1.0554739,1.0554739,-5.304806451614321e-05,-5.321693598862119e-05
batch3,19,433.0,1155.0,1.0554736,1.0554736,1.0554736,1.0554736,-5.241048387098246e-05,-5.331892460882267e-05
batch3,19,434.0,1155.0,1.0553727,1.0553727,1.0553727,1.0553727,-5.1949153225803905e-05,-5.35245974395482e-05
batch3,19,435.0,1155.0,1.0553091,1.0553091,1.0553091,1.0553091,-5.849983870966994e-05,-5.363417638691103e-05
batch3,19,436.0,1155.0,1.0552905,1.0552905,1.0552905,1.0552905,-5.702830645161253e-05,-5.3807485064012084e-05
batch3,19,437.0,1155.0,1.0552444,1.0552444,1.0552444,1.0552444,-5.593431451612815e-05,-5.386249786628734e-05
batch3,19,438.0,1155.0,1.0551172,1.0551172,1.0551172,1.0551561,-5.531947580645676e-05,-5.3903046941680146e-05
batch3,19,439.0,1155.0,1.0551561,1.0551561,1.0551561,1.0551172,-5.426395161290799e-05,-5.3952699857752535e-05
batch3,19,440.0,1155.0,1.0550543,1.0550543,1.0550543,1.0550666,-5.353100806451258e-05,-5.387612517780883e-05
batch3,19,441.0,1155.0,1.0550666,1.0550666,1.0550666,1.0550543,-5.3129153225805497e-05,-5.393244381223147e-05
batch3,19,442.0,1155.0,1.0550182,1.0550182,1.0550182,1.0550182,-5.2910322580643966e-05,-5.399690753911771e-05
batch3,19,443.0,1155.0,1.0549412,1.0549412,1.0549412,1.0549412,-5.2436330645164254e-05,-5.4067379800854865e-05
batch3,19,444.0,1155.0,1.0549053,1.0549053,1.0549053,1.0549053,-5.2077419354847014e-05,-5.402388335704049e-05
batch3,19,445.0,1155.0,1.0548811,1.0548811,1.0548811,1.0548811,-5.157040322580607e-05,-5.402916927453664e-05
batch3,19,446.0,1155.0,1.0548676,1.0548676,1.0548676,1.0548676,-5.128931451613451e-05,-5.398817069701588e-05
batch3,19,447.0,1155.0,1.0546935,1.0546935,1.0546935,1.0546935,-5.138794354838297e-05,-5.515544238976031e-05
batch3,19,448.0,1155.0,1.0546781,1.0546781,1.0546781,1.0546781,-5.148600806451405e-05,-5.501346799431065e-05
batch3,19,449.0,1155.0,1.0546435,1.0546435,1.0546435,1.0546651,-5.121262096773415e-05,-5.484320625889214e-05
batch3,19,450.0,1155.0,1.0534551,1.0534551,1.0534551,1.0546435,-5.151221774193828e-05,-5.462169843527563e-05
batch3,19,451.0,1155.0,1.0546651,1.0546651,1.0546651,1.0545957,-5.225237903225225e-05,-5.452933712660032e-05
batch3,19,452.0,1155.0,1.0545957,1.0545957,1.0545957,1.0544558,-5.261616935483433e-05,-5.4338301564724236e-05
batch3,19,453.0,1155.0,1.054428,1.054428,1.054428,1.054428,-5.366778225806444e-05,-5.423084495021558e-05
batch3,19,454.0,1155.0,1.0544558,1.0544558,1.0544558,1.0543543,-5.510133064516125e-05,-5.545598862019989e-05
batch3,19,455.0,1155.0,1.0543543,1.0543543,1.0543543,1.0543078,-5.58329838709663e-05,-5.5325322901851074e-05
batch3,19,456.0,1155.0,1.0543078,1.0543078,1.0543078,1.0543078,-5.7351048387101245e-05,-5.522855476529096e-05
batch3,19,457.0,1155.0,1.0542554,1.0542554,1.0542554,1.0542554,-5.80641935483905e-05,-5.520780085348517e-05
batch3,19,458.0,1155.0,1.0542022,1.0542022,1.0542022,1.0542022,-5.893403225807202e-05,-5.522191465149165e-05
batch3,19,459.0,1155.0,1.054152,1.054152,1.054152,1.054152,-5.9560362903240376e-05,-5.5281974395447576e-05
batch3,19,460.0,1155.0,1.0540485,1.0540485,1.0540485,1.0540485,-5.955854838709682e-05,-5.531426458036974e-05
batch3,19,461.0,1155.0,1.0539868,1.0539868,1.0539868,1.0539868,-5.912850806451241e-05,-5.5356253200567965e-05
batch3,19,462.0,1155.0,1.053893,1.053893,1.053893,1.053893,-5.803701612902656e-05,-5.544084779516267e-05
batch3,19,463.0,1155.0,1.0538774,1.0538774,1.0538774,1.0538774,-5.785153225805918e-05,-5.552825604551732e-05
batch3,19,464.0,1155.0,1.0538327,1.0538327,1.0538327,1.0538327,-5.7369556451614034e-05,-5.5644019914652214e-05
batch3,19,465.0,1155.0,1.0537362,1.0537362,1.0537362,1.0537362,-5.670439516129144e-05,-5.570213086770713e-05
batch3,19,466.0,1155.0,1.0536221,1.0536221,1.0536221,1.0536221,-6.2978145161285e-05,-5.5804034139403276e-05
batch3,19,467.0,1155.0,1.0535917,1.0535917,1.0535917,1.0535917,-6.142370967742289e-05,-5.588478805120792e-05
batch3,19,468.0,1155.0,1.0534139,1.0534139,1.0534139,1.0534139,-6.02258064516132e-05,-5.6017394025605705e-05
batch3,19,469.0,1155.0,1.0533644,1.0533644,1.0533644,1.0533644,-6.669145161289853e-05,-5.613573541962855e-05
batch3,19,470.0,1155.0,1.0533221,1.0533221,1.0533221,1.0533221,-6.481387096774146e-05,-5.633633854907665e-05
batch3,19,471.0,1155.0,1.0531784,1.0531784,1.0531784,1.0531784,-6.310407258064886e-05,-5.649864864865012e-05
batch3,19,472.0,1155.0,1.0531733,1.0531733,1.0531733,1.0531733,-6.111197580645181e-05,-5.671687339971413e-05
batch3,19,473.0,1155.0,1.0530728,1.0530728,1.0530728,1.0530826,-5.9473346774182826e-05,-5.688922901849558e-05
batch3,19,474.0,1155.0,1.0530655,1.0530655,1.0530655,1.0530728,-5.743036290323469e-05,-5.7026233285915704e-05
batch3,19,475.0,1155.0,1.0530826,1.0530826,1.0530826,1.0530655,-5.5876008064518574e-05,-5.712941963015643e-05
batch3,19,476.0,1155.0,1.0530577,1.0530577,1.0530577,1.0530599,-5.454237903225061e-05,-5.735346230440724e-05
batch3,19,477.0,1155.0,1.0530599,1.0530599,1.0530599,1.0530577,-5.3420806451611145e-05,-5.748808534850795e-05
batch3,19,478.0,1155.0,1.0529753,1.0529753,1.0529753,1.0529753,-5.24404838709637e-05,-5.765786628733733e-05
batch3,19,479.0,1155.0,1.0529262,1.0529262,1.0529262,1.0529262,-5.151459677418785e-05,-5.77467965860588e-05
batch3,19,480.0,1155.0,1.0528766,1.0528766,1.0528766,1.0528792,-5.06396774193538e-05,-5.776938549075406e-05
batch3,19,481.0,1155.0,1.0528792,1.0528792,1.0528792,1.0528766,-5.006004032257482e-05,-5.7828918918916365e-05
batch3,19,482.0,1155.0,1.0528444,1.0528444,1.0528444,1.0528444,-4.995596774193454e-05,-5.7898432432432006e-05
batch3,19,483.0,1155.0,1.0527381,1.0527381,1.0527381,1.0527381,-4.971491935482325e-05,-5.788636984352929e-05
batch3,19,484.0,1155.0,1.0515261,1.0515261,1.0515261,1.0526824,-5.051709677419178e-05,-5.7860119487908715e-05
batch3,19,485.0,1155.0,1.0526824,1.0526824,1.0526824,1.0526447,-5.099745967741529e-05,-5.8036668563299446e-05
batch3,19,486.0,1155.0,1.0526447,1.0526447,1.0526447,1.052627,-5.1457822580641594e-05,-5.8184625889045036e-05
batch3,19,487.0,1155.0,1.052627,1.052627,1.052627,1.0525198,-5.248375000000423e-05,-5.830426742531862e-05
batch3,19,488.0,1155.0,1.0525124,1.0525124,1.0525124,1.0525124,-5.341625000000581e-05,-5.964099004267584e-05
batch3,19,489.0,1155.0,1.0525198,1.0525198,1.0525198,1.0523804,-5.503935483871082e-05,-5.964483357041107e-05
batch3,19,490.0,1155.0,1.0523804,1.0523804,1.0523804,1.0523804,-5.6534758064518904e-05,-5.9635524893313026e-05
batch3,19,491.0,1155.0,1.0523362,1.0523362,1.0523362,1.0523362,-5.738169354838797e-05,-5.971989758179268e-05
batch3,19,492.0,1155.0,1.0522528,1.0522528,1.0522528,1.0522528,-5.828342741935303e-05,-5.979270270270182e-05
batch3,19,493.0,1155.0,1.0522139,1.0522139,1.0522139,1.0522139,-5.889887096773645e-05,-5.9880862019916734e-05
batch3,19,494.0,1155.0,1.0521096,1.0521096,1.0521096,1.0521096,-5.968459677419747e-05,-5.99577069701266e-05
batch3,19,495.0,1155.0,1.052031,1.052031,1.052031,1.052031,-6.005995967741136e-05,-6.0108742532004024e-05
batch3,19,496.0,1155.0,1.051965,1.051965,1.051965,1.051965,-6.037568548386739e-05,-6.018692176386827e-05
batch3,19,497.0,1155.0,1.05189,1.05189,1.05189,1.05189,-6.013495967740974e-05,-6.0306935988618664e-05
batch3,19,498.0,1155.0,1.0518296,1.0518296,1.0518296,1.0518296,-5.9946612903232864e-05,-6.0511948790895084e-05
batch3,19,499.0,1155.0,1.0517293,1.0517293,1.0517293,1.0517293,-6.006467741934805e-05,-6.0778275960170845e-05
batch3,19,500.0,1155.0,1.051723,1.051723,1.051723,1.051723,-6.749685483871368e-05,-6.108888193456872e-05
batch3,19,501.0,1155.0,1.051662,1.051662,1.051662,1.051662,-6.746673387097666e-05,-6.145133143669775e-05
batch3,19,502.0,1155.0,1.0516111,1.0516111,1.0516111,1.0516111,-6.690697580644307e-05,-6.172091038407189e-05
batch3,19,503.0,1155.0,1.0515275,1.0515275,1.0515275,1.0515275,-6.611024193549279e-05,-6.20746059743958e-05
batch3,19,504.0,1155.0,1.0514108,1.0514108,1.0514108,1.0514108,-6.577899193548197e-05,-6.251098719772242e-05
batch3,19,505.0,1155.0,1.0513289,1.0513289,1.0513289,1.0513289,-6.469149193548561e-05,-6.285141394025619e-05
batch3,19,506.0,1155.0,1.0513021,1.0513021,1.0513021,1.0513021,-6.4237620967742e-05,-6.329815362731188e-05
batch3,19,507.0,1155.0,1.0512009,1.0512009,1.0512009,1.0512009,-6.408447580645505e-05,-6.372194310099496e-05
batch3,19,508.0,1155.0,1.0511221,1.0511221,1.0511221,1.0511221,-6.409830645160909e-05,-6.396073684210827e-05
batch3,19,509.0,1155.0,1.051055,1.051055,1.051055,1.051055,-6.388705645162203e-05,-6.425943385490693e-05
batch3,19,510.0,1155.0,1.0510472,1.0510472,1.0510472,1.0510472,-6.385733870967692e-05,-6.452164722617757e-05
batch3,19,511.0,1155.0,1.0509847,1.0509847,1.0509847,1.0509847,-6.392383064515519e-05,-6.473950213371409e-05
batch3,19,512.0,1155.0,1.0509478,1.0509478,1.0509478,1.0509478,-6.385411290323643e-05,-6.490636130867562e-05
batch3,19,513.0,1155.0,1.0508475,1.0508475,1.0508475,1.0508475,-6.371463709677102e-05,-6.4960233285921e-05
batch3,19,514.0,1155.0,1.0507771,1.0507771,1.0507771,1.0507771,-6.401362903226479e-05,-6.488366145092482e-05
batch3,19,515.0,1155.0,1.0507299,1.0507299,1.0507299,1.0507299,-6.435548387096997e-05,-6.477334281650257e-05
batch3,19,516.0,1155.0,1.0506772,1.0506772,1.0506772,1.0506772,-6.433721774193259e-05,-6.46330782361303e-05
batch3,19,517.0,1155.0,1.0506713,1.0506713,1.0506713,1.0506713,-6.474548387096104e-05,-6.455254623043893e-05
batch3,19,518.0,1155.0,1.0505978,1.0505978,1.0505978,1.0505978,-6.464725806451249e-05,-6.444151066856215e-05
batch3,19,519.0,1155.0,1.0505078,1.0505078,1.0505078,1.0505078,-6.49420967741959e-05,-6.429169559032587e-05
batch3,19,520.0,1155.0,1.0504913,1.0504913,1.0504913,1.0504913,-6.5758548387094e-05,-6.407606543385727e-05
batch3,19,521.0,1155.0,1.0504,1.0504,1.0504,1.0504,-6.700125000000842e-05,-6.393947652915872e-05
batch3,19,522.0,1155.0,1.0502654,1.0502654,1.0502654,1.0502654,-6.801092741934983e-05,-6.50520000000006e-05
batch3,19,523.0,1155.0,1.0501887,1.0501887,1.0501887,1.0501887,-6.977423387096812e-05,-6.486618207681607e-05
batch3,19,524.0,1155.0,1.0501298,1.0501298,1.0501298,1.0501298,-7.113370967742076e-05,-6.462917496443929e-05
batch3,19,525.0,1155.0,1.0500721,1.0500721,1.0500721,1.0500721,-7.273379032257902e-05,-6.438813086770931e-05
batch3,19,526.0,1155.0,1.0500042,1.0500042,1.0500042,1.0500042,-7.405862903225128e-05,-6.426688762446788e-05
batch3,19,527.0,1155.0,1.049962,1.049962,1.049962,1.049962,-7.491665322580793e-05,-6.396470270270226e-05
batch3,19,528.0,1155.0,1.04992,1.04992,1.04992,1.04992,-7.540729838710051e-05,-6.380082788051411e-05
batch3,19,529.0,1155.0,1.0497806,1.0497806,1.0497806,1.0497806,-7.596778225806803e-05,-6.361896159317196e-05
batch3,19,530.0,1155.0,1.0497439,1.0497439,1.0497439,1.0497439,-7.553798387096832e-05,-6.352706116643008e-05
batch3,19,531.0,1155.0,1.0496778,1.0496778,1.0496778,1.0496778,-7.478891129032136e-05,-6.337960739686801e-05
batch3,19,532.0,1155.0,1.049536,1.049536,1.049536,1.049536,-7.405068548386986e-05,-6.330627596017022e-05
batch3,19,533.0,1155.0,1.0495323,1.0495323,1.0495323,1.0495323,-7.238443548387526e-05,-6.320662873399898e-05
batch3,19,534.0,1155.0,1.0494179,1.0494179,1.0494179,1.0494179,-7.075834677419725e-05,-6.315163015647319e-05
batch3,19,535.0,1155.0,1.0493155,1.0493155,1.0493155,1.0493155,-6.908733870968432e-05,-6.316130867709715e-05
batch3,19,536.0,1155.0,1.0491927,1.0491927,1.0491927,1.0491927,-6.656750000000768e-05,-6.316991749644415e-05
batch3,19,537.0,1155.0,1.0491174,1.0491174,1.0491174,1.0491174,-6.441435483870974e-05,-6.323300711237384e-05
batch3,19,538.0,1155.0,1.0489551,1.0489551,1.0489551,1.0489562,-6.24051209677345e-05,-6.32094281650061e-05
batch3,19,539.0,1155.0,1.0489562,1.0489562,1.0489562,1.0489551,-6.094044354838882e-05,-6.315077667140795e-05
batch3,19,540.0,1155.0,1.0488436,1.0488436,1.0488436,1.0488436,-5.937604838710285e-05,-6.31065376955896e-05
batch3,19,541.0,1155.0,1.04875,1.04875,1.04875,1.04875,-5.798596774194698e-05,-6.30878293029877e-05
batch3,19,542.0,1155.0,1.0487407,1.0487407,1.0487407,1.0487407,-5.645052419355051e-05,-6.306343954480626e-05
batch3,19,543.0,1155.0,1.0486912,1.0486912,1.0486912,1.0487276,-5.500705645161927e-05,-6.309993456614579e-05
batch3,19,544.0,1155.0,1.0486362,1.0486362,1.0486362,1.0486941,-5.348657258064299e-05,-6.301052916073995e-05
batch3,19,545.0,1155.0,1.0487276,1.0487276,1.0487276,1.0486912,-5.239399193548634e-05,-6.295450355618543e-05
batch3,19,546.0,1155.0,1.0486941,1.0486941,1.0486941,1.0486362,-5.1049354838719475e-05,-6.293366714082463e-05
batch3,19,547.0,1155.0,1.0486128,1.0486128,1.0486128,1.0486349,-5.0036532258066404e-05,-6.290482788051304e-05
batch3,19,548.0,1155.0,1.0486349,1.0486349,1.0486349,1.0486128,-4.9952016129036256e-05,-6.27824580369864e-05
batch3,19,549.0,1155.0,1.0485709,1.0485709,1.0485709,1.0485709,-4.89428629032282e-05,-6.269401991465106e-05
batch3,19,550.0,1155.0,1.0485392,1.0485392,1.0485392,1.0485659,-4.8656653225812495e-05,-6.378712091038296e-05
batch3,19,551.0,1155.0,1.0485659,1.0485659,1.0485659,1.0485392,-4.8704354838714394e-05,-6.360548790896107e-05
batch3,19,552.0,1155.0,1.0484743,1.0484743,1.0484743,1.0484743,-4.961254032257842e-05,-6.330627880512382e-05
batch3,19,553.0,1155.0,1.0484657,1.0484657,1.0484657,1.0484657,-5.0519919354834864e-05,-6.298186059744242e-05
batch3,19,554.0,1155.0,1.0483375,1.0483375,1.0483375,1.0483375,-5.2341532258056917e-05,-6.267073399715518e-05
batch3,19,555.0,1155.0,1.0482934,1.0482934,1.0482934,1.0482934,-5.3631572580644806e-05,-6.235729160739639e-05
batch3,19,556.0,1155.0,1.0482037,1.0482037,1.0482037,1.0482037,-5.559040322580543e-05,-6.206498719772402e-05
batch3,19,557.0,1155.0,1.0481756,1.0481756,1.0481756,1.0481756,-5.816439516129078e-05,-6.178858036984494e-05
batch3,19,558.0,1155.0,1.0480835,1.0480835,1.0480835,1.0480835,-6.0520645161289e-05,-6.147083926031402e-05
batch3,19,559.0,1155.0,1.0480158,1.0480158,1.0480158,1.0480158,-6.296741935484334e-05,-6.115261735419278e-05
batch3,19,560.0,1155.0,1.0479668,1.0479668,1.0479668,1.0479668,-6.529745967742283e-05,-6.0872620199148795e-05
batch3,19,561.0,1155.0,1.0479267,1.0479267,1.0479267,1.0479267,-6.65340322580645e-05,-6.05860654338559e-05
batch3,19,562.0,1155.0,1.0478212,1.0478212,1.0478212,1.0478212,-6.777463709677341e-05,-6.037874253200524e-05
batch3,19,563.0,1155.0,1.0476952,1.0476952,1.0476952,1.0477293,-6.917145161290326e-05,-6.014391465149343e-05
batch3,19,564.0,1155.0,1.0477293,1.0477293,1.0477293,1.0476952,-6.967463709676694e-05,-5.991118918918795e-05
batch3,19,565.0,1155.0,1.0476116,1.0476116,1.0476116,1.0476116,-7.040879032257918e-05,-5.9635271692745424e-05
batch3,19,566.0,1155.0,1.0475452,1.0475452,1.0475452,1.0475452,-7.04223790322633e-05,-5.9373135135133365e-05
batch3,19,567.0,1155.0,1.0474159,1.0474159,1.0474159,1.0474159,-6.980435483870257e-05,-5.9212244665720574e-05
batch3,19,568.0,1155.0,1.0473779,1.0473779,1.0473779,1.0473779,-6.942677419354885e-05,-5.9023166429587465e-05
batch3,19,569.0,1155.0,1.0472839,1.0472839,1.0472839,1.0472839,-6.858366935482966e-05,-5.883237553342686e-05
batch3,19,570.0,1155.0,1.0472592,1.0472592,1.0472592,1.0472592,-6.790399193547593e-05,-5.881378662873377e-05
batch3,19,571.0,1155.0,1.0471556,1.0471556,1.0471556,1.0471556,-6.728108870968479e-05,-5.869069701279737e-05
batch3,19,572.0,1155.0,1.0470412,1.0470412,1.0470412,1.0470412,-7.374705645161915e-05,-5.867015647225782e-05
batch3,19,573.0,1155.0,1.0469732,1.0469732,1.0469732,1.0469732,-7.213641129033629e-05,-5.872323755334151e-05
batch3,19,574.0,1155.0,1.0468932,1.0468932,1.0468932,1.0468932,-6.996846774193682e-05,-5.894245519203349e-05
batch3,19,575.0,1155.0,1.0468513,1.0468513,1.0468513,1.0468513,-6.780024193548805e-05,-5.910655476529295e-05
batch3,19,576.0,1155.0,1.0468156,1.0468156,1.0468156,1.0468156,-6.570576612902885e-05,-5.9473431009959004e-05
batch3,19,577.0,1155.0,1.0467232,1.0467232,1.0467232,1.0467232,-6.382040322580954e-05,-5.9710492176387024e-05
batch3,19,578.0,1155.0,1.0466527,1.0466527,1.0466527,1.0466527,-6.226858870967908e-05,-6.0019345661449505e-05
batch3,19,579.0,1155.0,1.0466462,1.0466462,1.0466462,1.0466462,-6.106354838709623e-05,-6.0361248933142336e-05
batch3,19,580.0,1155.0,1.0465437,1.0465437,1.0465437,1.0465615,-5.932451612903944e-05,-6.058832147937449e-05
batch3,19,581.0,1155.0,1.0465615,1.0465615,1.0465615,1.0465437,-5.77680241935437e-05,-6.0874233285918286e-05
batch3,19,582.0,1155.0,1.0465056,1.0465056,1.0465056,1.0465056,-5.604137096774244e-05,-6.11834054054055e-05
batch3,19,583.0,1155.0,1.0464262,1.0464262,1.0464262,1.0464262,-5.4652016129023265e-05,-6.131695021337049e-05
batch3,19,584.0,1155.0,1.0463758,1.0463758,1.0463758,1.0463758,-5.364524193548277e-05,-6.135124039829437e-05
batch3,19,585.0,1155.0,1.0463462,1.0463462,1.0463462,1.0463462,-5.274971774193356e-05,-6.141885633001689e-05
batch3,19,586.0,1155.0,1.0462511,1.0462511,1.0462511,1.0462511,-5.1644637096778784e-05,-6.141580654338436e-05
batch3,19,587.0,1155.0,1.0450386,1.0450386,1.0450386,1.0462511,-5.072423387096442e-05,-6.145371550498001e-05
batch3,19,588.0,1155.0,1.0461929,1.0461929,1.0461929,1.0462012,-5.0412701612900446e-05,-6.137744807965913e-05
batch3,19,589.0,1155.0,1.0462511,1.0462511,1.0462511,1.0461929,-5.0325524193547676e-05,-6.133100995732546e-05
batch3,19,590.0,1155.0,1.0462012,1.0462012,1.0462012,1.0461203,-5.0420766129041225e-05,-6.1268000000002e-05
batch3,19,591.0,1155.0,1.0461203,1.0461203,1.0461203,1.0460054,-5.0434758064527944e-05,-6.120652347083994e-05
batch3,19,592.0,1155.0,1.0460054,1.0460054,1.0460054,1.0459347,-5.085012096773523e-05,-6.118607112375614e-05
batch3,19,593.0,1155.0,1.0459347,1.0459347,1.0459347,1.0459347,-5.125838709677709e-05,-6.112892460882253e-05
batch3,19,594.0,1155.0,1.045886,1.045886,1.045886,1.045886,-5.2052580645162704e-05,-6.113658605974307e-05
batch3,19,595.0,1155.0,1.0458173,1.0458173,1.0458173,1.0458173,-5.271346774193693e-05,-6.105202275960016e-05
batch3,19,596.0,1155.0,1.0457852,1.0457852,1.0457852,1.0457852,-5.423048387096556e-05,-6.107993456614431e-05
batch3,19,597.0,1155.0,1.0457624,1.0457624,1.0457624,1.0457624,-5.483588709677038e-05,-6.107804551920525e-05
batch3,19,598.0,1155.0,1.0457257,1.0457257,1.0457257,1.0457257,-5.592899193548902e-05,-6.105274822190583e-05
batch3,19,599.0,1155.0,1.0455903,1.0455903,1.0455903,1.0455903,-5.6726491935487665e-05,-6.106328022759544e-05
batch3,19,600.0,1155.0,1.045553,1.045553,1.045553,1.045553,-5.752637096773721e-05,-6.114687339971597e-05
batch3,19,601.0,1155.0,1.0454986,1.0454986,1.0454986,1.0454986,-5.80745967742005e-05,-6.127934281650121e-05
batch3,19,602.0,1155.0,1.0454612,1.0454612,1.0454612,1.0454612,-5.845157258064149e-05,-6.133079089616098e-05
batch3,19,603.0,1155.0,1.0453696,1.0453696,1.0453696,1.0453696,-6.665177419355776e-05,-6.14108477951659e-05
batch3,19,604.0,1155.0,1.0452936,1.0452936,1.0452936,1.0452936,-6.761858870967242e-05,-6.148285348506362e-05
batch3,19,605.0,1155.0,1.0452368,1.0452368,1.0452368,1.0452368,-6.769564516129851e-05,-6.16662275960168e-05
batch3,19,606.0,1155.0,1.0451845,1.0451845,1.0451845,1.0451845,-6.722370967742184e-05,-6.183114935988753e-05
batch3,19,607.0,1155.0,1.0450451,1.0450451,1.0450451,1.0450451,-6.688366935484742e-05,-6.204193741109264e-05
batch3,19,608.0,1155.0,1.0450268,1.0450268,1.0450268,1.0450268,-6.694217741935316e-05,-6.217902133712689e-05
batch3,19,609.0,1155.0,1.0449251,1.0449251,1.0449251,1.0449251,-6.725205645160129e-05,-6.241745376955928e-05
batch3,19,610.0,1155.0,1.0448389,1.0448389,1.0448389,1.0448389,-6.697528225805685e-05,-6.264384637268754e-05
batch3,19,611.0,1155.0,1.0446862,1.0446862,1.0446862,1.0446941,-6.744935483871275e-05,-6.285822759601788e-05
batch3,19,612.0,1155.0,1.0446941,1.0446941,1.0446941,1.0446862,-6.742564516128557e-05,-6.30902247510689e-05
batch3,19,613.0,1155.0,1.0445486,1.0445486,1.0445486,1.0445517,-6.745701612902733e-05,-6.331942247510393e-05
batch3,19,614.0,1155.0,1.0445517,1.0445517,1.0445517,1.0445486,-6.709608870966953e-05,-6.35599459459471e-05
batch3,19,615.0,1155.0,1.0444801,1.0444801,1.0444801,1.0444801,-6.70402419354739e-05,-6.3852520625892e-05
batch3,19,616.0,1155.0,1.0444269,1.0444269,1.0444269,1.0444287,-6.699241935483883e-05,-6.408333428164897e-05
batch3,19,617.0,1155.0,1.0444287,1.0444287,1.0444287,1.0444269,-6.652024193548081e-05,-6.428256614508983e-05
batch3,19,618.0,1155.0,1.0443071,1.0443071,1.0443071,1.0443071,-6.63071370967727e-05,-6.457702418207767e-05
batch3,19,619.0,1155.0,1.044223,1.044223,1.044223,1.044223,-6.600322580645082e-05,-6.480140825035872e-05
batch3,19,620.0,1155.0,1.0441767,1.0441767,1.0441767,1.0441824,-6.567907258063653e-05,-6.504661735419752e-05
batch3,19,621.0,1155.0,1.0441824,1.0441824,1.0441824,1.0441767,-6.561572580645354e-05,-6.529552489331557e-05
batch3,19,622.0,1155.0,1.0441123,1.0441123,1.0441123,1.0441123,-6.557907258064118e-05,-6.543277382645702e-05
batch3,19,623.0,1155.0,1.0440351,1.0440351,1.0440351,1.0440351,-6.58465725806372e-05,-6.561712660028713e-05
batch3,19,624.0,1155.0,1.0439376,1.0439376,1.0439376,1.0439534,-6.590931451613687e-05,-6.587005405405e-05
batch3,19,625.0,1155.0,1.0439534,1.0439534,1.0439534,1.0439376,-6.598459677419404e-05,-6.734374679943217e-05
batch3,19,626.0,1155.0,1.0437737,1.0437737,1.0437737,1.0437737,-6.60931451612849e-05,-6.754761877667258e-05
batch3,19,627.0,1155.0,1.043754,1.043754,1.043754,1.043754,-6.697052419354166e-05,-6.765816500710986e-05
batch3,19,628.0,1155.0,1.0436338,1.0436338,1.0436338,1.0436338,-6.741778225806604e-05,-6.776044665718186e-05
batch3,19,629.0,1155.0,1.0435959,1.0435959,1.0435959,1.0435959,-6.841971774193331e-05,-6.785977240397927e-05
batch3,19,630.0,1155.0,1.0435479,1.0435479,1.0435479,1.0435479,-6.878608870967921e-05,-6.805221052631535e-05
batch3,19,631.0,1155.0,1.0434502,1.0434502,1.0434502,1.0434502,-6.950129032258288e-05,-6.820667425319972e-05
batch3,19,632.0,1155.0,1.0434382,1.0434382,1.0434382,1.0434382,-6.971145161290672e-05,-6.835707539117705e-05
batch3,19,633.0,1155.0,1.0432979,1.0432979,1.0432979,1.0432979,-6.935278225806428e-05,-6.848857752489255e-05
batch3,19,634.0,1155.0,1.0432664,1.0432664,1.0432664,1.0432664,-6.929447580645246e-05,-6.857394594594685e-05
batch3,19,635.0,1155.0,1.0432106,1.0432106,1.0432106,1.0432106,-6.943548387097215e-05,-6.859999431009826e-05
batch3,19,636.0,1155.0,1.0430892,1.0430892,1.0430892,1.0430892,-6.965963709677032e-05,-6.863188904694194e-05
batch3,19,637.0,1155.0,1.0429974,1.0429974,1.0429974,1.0429974,-6.950205645161365e-05,-6.875653769559054e-05
batch3,19,638.0,1155.0,1.04295,1.04295,1.04295,1.04295,-6.889669354838986e-05,-6.88493798008543e-05
batch3,19,639.0,1155.0,1.0428637,1.0428637,1.0428637,1.0428637,-6.847790322580565e-05,-6.891898150782535e-05
batch3,19,640.0,1155.0,1.0428259,1.0428259,1.0428259,1.0428259,-6.851770161290235e-05,-6.89232460881922e-05
batch3,19,641.0,1155.0,1.0427724,1.0427724,1.0427724,1.0427724,-6.807806451613612e-05,-6.894909530582974e-05
batch3,19,642.0,1155.0,1.0426704,1.0426704,1.0426704,1.0426704,-6.846217741934817e-05,-6.897181792318524e-05
batch3,19,643.0,1155.0,1.0425987,1.0425987,1.0425987,1.0425987,-6.843439516129587e-05,-6.90090184921769e-05
batch3,19,644.0,1155.0,1.0425225,1.0425225,1.0425225,1.0425225,-6.81424999999994e-05,-6.887893883357074e-05
batch3,19,645.0,1155.0,1.0424892,1.0424892,1.0424892,1.0424892,-6.814362903226089e-05,-6.889726031294522e-05
batch3,19,646.0,1155.0,1.0423704,1.0423704,1.0423704,1.0423704,-6.81955241935469e-05,-6.887895874822336e-05
batch3,19,647.0,1155.0,1.04237,1.04237,1.04237,1.04237,-6.827810483871674e-05,-6.887263726885082e-05
batch3,19,648.0,1155.0,1.042325,1.042325,1.042325,1.042325,-6.805987903224918e-05,-6.888300426742433e-05
batch3,19,649.0,1155.0,1.0422648,1.0422648,1.0422648,1.0422648,-6.849427419354985e-05,-6.901570128022541e-05
batch3,19,650.0,1155.0,1.0421854,1.0421854,1.0421854,1.0421854,-6.873749999999557e-05,-6.907322048364044e-05
batch3,19,651.0,1155.0,1.0420852,1.0420852,1.0420852,1.0420852,-6.876979838709231e-05,-6.919573826457551e-05
batch3,19,652.0,1155.0,1.0420028,1.0420028,1.0420028,1.0420063,-6.935169354839122e-05,-6.928225604551955e-05
batch3,19,653.0,1155.0,1.0420063,1.0420063,1.0420063,1.0420028,-6.98176209677497e-05,-6.936583499288602e-05
batch3,19,654.0,1155.0,1.0419174,1.0419174,1.0419174,1.0419174,-7.023100806452294e-05,-6.942906116642685e-05
batch3,19,655.0,1155.0,1.0418044,1.0418044,1.0418044,1.0418044,-7.062451612902729e-05,-6.946194879089737e-05
batch3,19,656.0,1155.0,1.0417246,1.0417246,1.0417246,1.0417246,-7.076778225807224e-05,-6.953583499288806e-05
batch3,19,657.0,1155.0,1.0416315,1.0416315,1.0416315,1.0416315,-7.073951612903165e-05,-6.961279089615874e-05
batch3,19,658.0,1155.0,1.0415778,1.0415778,1.0415778,1.0416046,-7.114451612903209e-05,-6.960063442390025e-05
batch3,19,659.0,1155.0,1.0416046,1.0416046,1.0416046,1.0415778,-7.168298387096312e-05,-6.950532290185072e-05
batch3,19,660.0,1155.0,1.0414613,1.0414613,1.0414613,1.0414613,-7.226274193548582e-05,-6.94499516358478e-05
batch3,19,661.0,1155.0,1.0413618,1.0413618,1.0413618,1.0413618,-7.255750000000116e-05,-6.950001991465216e-05
batch3,19,662.0,1155.0,1.0413152,1.0413152,1.0413152,1.0413152,-7.297201612901912e-05,-6.959475106685609e-05
batch3,19,663.0,1155.0,1.0412354,1.0412354,1.0412354,1.0412354,-7.293721774193448e-05,-6.965084210526302e-05
batch3,19,664.0,1155.0,1.0411303,1.0411303,1.0411303,1.0411303,-7.266471774194343e-05,-6.985297581792249e-05
batch3,19,665.0,1155.0,1.041051,1.041051,1.041051,1.041051,-7.246443548387234e-05,-7.000263442390013e-05
batch3,19,666.0,1155.0,1.0409977,1.0409977,1.0409977,1.0409977,-7.143588709677651e-05,-7.022269985775123e-05
batch3,19,667.0,1155.0,1.0408888,1.0408888,1.0408888,1.0408888,-7.102669354838967e-05,-7.042265433854985e-05
batch3,19,668.0,1155.0,1.0408592,1.0408592,1.0408592,1.0408592,-7.079620967742038e-05,-7.058370128022693e-05
batch3,19,669.0,1155.0,1.0407759,1.0407759,1.0407759,1.0407759,-6.996149193547939e-05,-7.078606543385326e-05
batch3,19,670.0,1155.0,1.0407263,1.0407263,1.0407263,1.0407263,-6.921282258064942e-05,-7.090933428164774e-05
batch3,19,671.0,1155.0,1.0406655,1.0406655,1.0406655,1.0406655,-6.890568548386724e-05,-7.108455761024028e-05
batch3,19,672.0,1155.0,1.0406069,1.0406069,1.0406069,1.0406069,-6.868600806451513e-05,-7.118017638691462e-05
batch3,19,673.0,1155.0,1.0404997,1.0404997,1.0404997,1.0404997,-6.850818548386948e-05,-7.130050355618945e-05
batch3,19,674.0,1155.0,1.0404094,1.0404094,1.0404094,1.0404094,-6.846241935483909e-05,-7.15190782361317e-05
batch3,19,675.0,1155.0,1.0403379,1.0403379,1.0403379,1.0403379,-6.775237903226189e-05,-7.179595732574433e-05
batch3,19,676.0,1155.0,1.0402749,1.0402749,1.0402749,1.0402749,-6.745229838708216e-05,-7.202615362731273e-05
batch3,19,677.0,1155.0,1.0402342,1.0402342,1.0402342,1.0402342,-6.759754032257842e-05,-7.22608933143662e-05
batch3,19,678.0,1155.0,1.0401665,1.0401665,1.0401665,1.0401665,-6.750383064516354e-05,-7.244629587482147e-05
batch3,19,679.0,1155.0,1.0401069,1.0401069,1.0401069,1.0401069,-6.73859274193467e-05,-7.262803698435137e-05
batch3,19,680.0,1155.0,1.0400113,1.0400113,1.0400113,1.0400827,-6.711709677418745e-05,-7.284795732574782e-05
batch3,19,681.0,1155.0,1.0400827,1.0400827,1.0400827,1.0400113,-6.692129032256917e-05,-7.314487339971472e-05
batch3,19,682.0,1155.0,1.039947,1.039947,1.039947,1.039947,-6.688455645160603e-05,-7.343812802275965e-05
batch3,19,683.0,1155.0,1.0398628,1.0398628,1.0398628,1.0398628,-6.768250000000058e-05,-7.371030725462292e-05
batch3,19,684.0,1155.0,1.0398163,1.0398163,1.0398163,1.0398163,-6.832068548387299e-05,-7.404491607396835e-05
batch3,19,685.0,1155.0,1.0397509,1.0397509,1.0397509,1.0397509,-6.934620967741632e-05,-7.427628449502084e-05
batch3,19,686.0,1155.0,1.039654,1.039654,1.039654,1.039654,-7.039524193548806e-05,-7.447936842105418e-05
batch3,19,687.0,1155.0,1.0395813,1.0395813,1.0395813,1.0395813,-7.135971774193074e-05,-7.472479374110694e-05
batch3,19,688.0,1155.0,1.0395308,1.0395308,1.0395308,1.0395308,-7.231068548385452e-05,-7.485982076813709e-05
batch3,19,689.0,1155.0,1.0394262,1.0394262,1.0394262,1.0394262,-7.353536290322561e-05,-7.506504125177599e-05
batch3,19,690.0,1155.0,1.039364,1.039364,1.039364,1.039364,-7.477012096774344e-05,-7.656582645803509e-05
batch3,19,691.0,1155.0,1.0392997,1.0392997,1.0392997,1.0392997,-7.606004032257899e-05,-7.67113485064006e-05
batch3,19,692.0,1155.0,1.0391881,1.0391881,1.0391881,1.0391881,-7.718306451612332e-05,-7.679497581792181e-05
batch3,19,693.0,1155.0,1.0391324,1.0391324,1.0391324,1.0391324,-7.796064516129829e-05,-7.691092745376924e-05
batch3,19,694.0,1155.0,1.039076,1.039076,1.039076,1.039076,-7.846766129032978e-05,-7.698869985775218e-05
batch3,19,695.0,1155.0,1.0390691,1.0390691,1.0390691,1.0390691,-7.911346774194533e-05,-7.710376955903119e-05
batch3,19,696.0,1155.0,1.0390042,1.0390042,1.0390042,1.0390042,-8.013350806452017e-05,-7.72109815078223e-05
batch3,19,697.0,1155.0,1.0388983,1.0388983,1.0388983,1.0388983,-8.03956854838671e-05,-7.725801422475561e-05
batch3,19,698.0,1155.0,1.0387365,1.0387365,1.0387365,1.0387365,-8.083899193547435e-05,-7.74188421052641e-05
batch3,19,699.0,1155.0,1.038651,1.038651,1.038651,1.038651,-8.121782258063942e-05,-7.753213655761164e-05
batch3,19,700.0,1155.0,1.0385286,1.0385286,1.0385286,1.0385286,-8.128532258064995e-05,-7.765774395448217e-05
batch3,19,701.0,1155.0,1.0384278,1.0384278,1.0384278,1.0384278,-8.132625000000147e-05,-7.783683641536394e-05
batch3,19,702.0,1155.0,1.0383534,1.0383534,1.0383534,1.0383534,-8.147923387097082e-05,-7.801468847794989e-05
batch3,19,703.0,1155.0,1.038264,1.038264,1.038264,1.038264,-8.20026209677419e-05,-7.821686770981792e-05
batch3,19,704.0,1155.0,1.0381769,1.0381769,1.0381769,1.0381769,-8.224403225806577e-05,-7.836427596017161e-05
batch3,19,705.0,1155.0,1.0381167,1.0381167,1.0381167,1.0381167,-8.271048387097313e-05,-7.849486770981544e-05
batch3,19,706.0,1155.0,1.038031,1.038031,1.038031,1.038031,-8.309096774193218e-05,-7.865473399715687e-05
batch3,19,707.0,1155.0,1.037972,1.037972,1.037972,1.037972,-8.316697580645307e-05,-7.883315220483846e-05
batch3,19,708.0,1155.0,1.037919,1.037919,1.037919,1.037919,-8.341068548386896e-05,-7.892104978662897e-05
batch3,19,709.0,1155.0,1.0378816,1.0378816,1.0378816,1.0378816,-8.379157258064225e-05,-7.903394879089377e-05
batch3,19,710.0,1155.0,1.0377699,1.0377699,1.0377699,1.0377699,-8.329838709677197e-05,-7.916769559032801e-05
batch3,19,711.0,1155.0,1.0376542,1.0376542,1.0376542,1.0376542,-8.253758064516614e-05,-7.933110384068307e-05
batch3,19,712.0,1155.0,1.0375462,1.0375462,1.0375462,1.0375462,-8.899354838708476e-05,-7.953901280227764e-05
batch3,19,713.0,1155.0,1.0374919,1.0374919,1.0374919,1.0374919,-8.793423387096349e-05,-7.975548790896144e-05
batch3,19,714.0,1155.0,1.0374287,1.0374287,1.0374287,1.0374287,-8.68846774193586e-05,-7.990128876244881e-05
batch3,19,715.0,1155.0,1.0373675,1.0373675,1.0373675,1.0373675,-8.579370967742271e-05,-7.999989189188976e-05
batch3,19,716.0,1155.0,1.0372784,1.0372784,1.0372784,1.0372784,-8.470024193548866e-05,-8.011933712660233e-05
batch3,19,717.0,1155.0,1.0371984,1.0371984,1.0371984,1.0371984,-8.384419354838959e-05,-8.022288762446559e-05
batch3,19,718.0,1155.0,1.037051,1.037051,1.037051,1.037051,-8.30442338709707e-05,-8.035376671408085e-05
batch3,19,719.0,1155.0,1.0369828,1.0369828,1.0369828,1.0369828,-8.259665322581213e-05,-8.029315504979165e-05
batch3,19,720.0,1155.0,1.0368873,1.0368873,1.0368873,1.0368873,-8.24408064516136e-05,-8.033190327169431e-05
batch3,19,721.0,1155.0,1.0367986,1.0367986,1.0367986,1.0367986,-8.173197580644668e-05,-8.03666514935995e-05
batch3,19,722.0,1155.0,1.0367465,1.0367465,1.0367465,1.0367465,-8.131334677419538e-05,-8.035342816500795e-05
batch3,19,723.0,1155.0,1.0366676,1.0366676,1.0366676,1.0366676,-8.104205645161706e-05,-8.031258036984639e-05
batch3,19,724.0,1155.0,1.0365363,1.0365363,1.0365363,1.0365679,-8.03889919354888e-05,-8.030365291607393e-05
batch3,19,725.0,1155.0,1.0365679,1.0365679,1.0365679,1.0365363,-7.955375000001172e-05,-8.030638975818144e-05
batch3,19,726.0,1155.0,1.0364523,1.0364523,1.0364523,1.0364523,-7.87018951612945e-05,-8.02200625889054e-05
batch3,19,727.0,1155.0,1.0351539,1.0351539,1.0351539,1.0362527,-7.775685483871204e-05,-8.009006258890433e-05
batch3,19,728.0,1155.0,1.0362527,1.0362527,1.0362527,1.0362473,-7.744891129032614e-05,-7.993505263158269e-05
batch3,19,729.0,1155.0,1.0362473,1.0362473,1.0362473,1.0361794,-7.703931451612573e-05,-7.977387197724139e-05
batch3,19,730.0,1155.0,1.0361794,1.0361794,1.0361794,1.0361456,-7.615544354839089e-05,-7.966656614509445e-05
batch3,19,731.0,1155.0,1.0361456,1.0361456,1.0361456,1.036055,-7.539157258064018e-05,-7.947175248933206e-05
batch3,19,732.0,1155.0,1.036055,1.036055,1.036055,1.0359669,-7.490447580645743e-05,-7.927858321479418e-05
batch3,19,733.0,1155.0,1.0359669,1.0359669,1.0359669,1.0359669,-7.438282258064479e-05,-7.903138833570701e-05
batch3,19,734.0,1155.0,1.0358449,1.0358449,1.0358449,1.0358449,-7.444830645161466e-05,-7.872248648648911e-05
batch3,19,735.0,1155.0,1.0357283,1.0357283,1.0357283,1.0357283,-7.451947580644708e-05,-7.849171834993247e-05
batch3,19,736.0,1155.0,1.0357207,1.0357207,1.0357207,1.0357207,-7.436375000000168e-05,-7.830500711237559e-05
batch3,19,737.0,1155.0,1.0356044,1.0356044,1.0356044,1.0356044,-7.42327016129152e-05,-7.813106401137896e-05
batch3,19,738.0,1155.0,1.0354812,1.0354812,1.0354812,1.0354812,-7.412576612902383e-05,-7.806962446657123e-05
batch3,19,739.0,1155.0,1.0354348,1.0354348,1.0354348,1.0354348,-7.403919354839481e-05,-7.803461450924733e-05
batch3,19,740.0,1155.0,1.0353392,1.0353392,1.0353392,1.0353392,-7.43381451612901e-05,-7.80277325746812e-05
batch3,19,741.0,1155.0,1.0352916,1.0352916,1.0352916,1.0352916,-7.376818548386784e-05,-7.79855647226147e-05
batch3,19,742.0,1155.0,1.0352652,1.0352652,1.0352652,1.0352652,-7.36506048387006e-05,-7.800201991464921e-05
batch3,19,743.0,1155.0,1.0351158,1.0351158,1.0351158,1.0351158,-8.133870967742282e-05,-7.803157325747141e-05
batch3,19,744.0,1155.0,1.0350285,1.0350285,1.0350285,1.0350285,-8.184088709676986e-05,-7.80596301564721e-05
batch3,19,745.0,1155.0,1.0350101,1.0350101,1.0350101,1.0350101,-8.181354838709623e-05,-7.808067425319584e-05
batch3,19,746.0,1155.0,1.0348943,1.0348943,1.0348943,1.0348943,-8.178145161290802e-05,-7.80438719772394e-05
batch3,19,747.0,1155.0,1.0347787,1.0347787,1.0347787,1.0347787,-8.154782258064333e-05,-7.797532859174856e-05
batch3,19,748.0,1155.0,1.0347031,1.0347031,1.0347031,1.0347031,-8.10164112903094e-05,-7.800083926031179e-05
batch3,19,749.0,1155.0,1.0345969,1.0345969,1.0345969,1.0345969,-8.011786290323055e-05,-7.804230440967114e-05
batch3,19,750.0,1155.0,1.0345051,1.0345051,1.0345051,1.0345051,-7.945681451612979e-05,-7.815929729729835e-05
batch3,19,751.0,1155.0,1.0344793,1.0344793,1.0344793,1.0344793,-7.911544354838071e-05,-7.826049217638649e-05
batch3,19,752.0,1155.0,1.0344093,1.0344093,1.0344093,1.0344093,-7.845717741935453e-05,-7.829054623044091e-05
batch3,19,753.0,1155.0,1.0343016,1.0343016,1.0343016,1.0343016,-7.76797580645065e-05,-7.829020768136504e-05
batch3,19,754.0,1155.0,1.0342194,1.0342194,1.0342194,1.0342194,-7.73687096774116e-05,-7.828798862020087e-05
batch3,19,755.0,1155.0,1.0341325,1.0341325,1.0341325,1.0341325,-7.703201612903136e-05,-7.826986344238808e-05
batch3,19,756.0,1155.0,1.0340822,1.0340822,1.0340822,1.0340822,-7.65758467741939e-05,-7.83437467994322e-05
batch3,19,757.0,1155.0,1.033965,1.033965,1.033965,1.033965,-7.625830645160197e-05,-7.840383783783934e-05
batch3,19,758.0,1155.0,1.0338936,1.0338936,1.0338936,1.0338936,-7.537088709677201e-05,-7.854864295874898e-05
batch3,19,759.0,1155.0,1.0338256,1.0338256,1.0338256,1.0338256,-7.4976330645161e-05,-7.875597155049677e-05
batch3,19,760.0,1155.0,1.0337571,1.0337571,1.0337571,1.0337571,-7.504407258063288e-05,-7.882832432432481e-05
batch3,19,761.0,1155.0,1.0336643,1.0336643,1.0336643,1.0336643,-7.475072580644582e-05,-7.905162162162238e-05
batch3,19,762.0,1155.0,1.033566,1.033566,1.033566,1.033566,-7.486987903225607e-05,-7.934438406827822e-05
batch3,19,763.0,1155.0,1.0335399,1.0335399,1.0335399,1.0335399,-7.495096774194603e-05,-7.951769843527585e-05
batch3,19,764.0,1155.0,1.0335269,1.0335269,1.0335269,1.0335269,-7.531346774193705e-05,-7.974310668563213e-05
batch3,19,765.0,1155.0,1.0334551,1.0334551,1.0334551,1.0334551,-7.604661290322078e-05,-8.127590327168981e-05
batch3,19,766.0,1155.0,1.0333673,1.0333673,1.0333673,1.0333673,-7.682177419355071e-05,-8.153372403983078e-05
batch3,19,767.0,1155.0,1.0332704,1.0332704,1.0332704,1.0332704,-7.735314516128e-05,-8.180167852062502e-05
batch3,19,768.0,1155.0,1.0332508,1.0332508,1.0332508,1.0332508,-7.764943548387215e-05,-8.204835277382426e-05
batch3,19,769.0,1155.0,1.0331482,1.0331482,1.0331482,1.0331482,-7.820782258064156e-05,-8.235970128022584e-05
batch3,19,770.0,1155.0,1.0330464,1.0330464,1.0330464,1.0330464,-7.914008064515644e-05,-8.266922901849495e-05
batch3,19,771.0,1155.0,1.0330089,1.0330089,1.0330089,1.0330089,-7.998479838710206e-05,-8.303328022759784e-05
batch3,19,772.0,1155.0,1.0328814,1.0328814,1.0328814,1.0328814,-8.089770161290092e-05,-8.348199715505188e-05
batch3,19,773.0,1155.0,1.0328431,1.0328431,1.0328431,1.0328431,-8.209233870967516e-05,-8.393898150782636e-05
batch3,19,774.0,1155.0,1.0327595,1.0327595,1.0327595,1.0327595,-8.291629032258016e-05,-8.44070554765308e-05
batch3,19,775.0,1155.0,1.0326191,1.0326191,1.0326191,1.0326191,-8.360516129032093e-05,-8.492428165007075e-05
batch3,19,776.0,1155.0,1.0325378,1.0325378,1.0325378,1.0325378,-8.41530645161294e-05,-8.542556756756761e-05
batch3,19,777.0,1155.0,1.0324283,1.0324283,1.0324283,1.0324283,-8.468903225807768e-05,-8.589770981507607e-05
batch3,19,778.0,1155.0,1.0323935,1.0323935,1.0323935,1.0323935,-8.545862903225648e-05,-8.648024182076523e-05
batch3,19,779.0,1155.0,1.0322686,1.0322686,1.0322686,1.0322686,-8.587209677419148e-05,-8.706811379800859e-05
batch3,19,780.0,1155.0,1.0321583,1.0321583,1.0321583,1.0321583,-8.622209677419222e-05,-8.761746230441266e-05
batch3,19,781.0,1155.0,1.0320867,1.0320867,1.0320867,1.0320867,-8.675794354839418e-05,-8.81717894736834e-05
batch3,19,782.0,1155.0,1.0319933,1.0319933,1.0319933,1.0319933,-8.665850806451374e-05,-8.877212517780745e-05
batch3,19,783.0,1155.0,1.0319411,1.0319411,1.0319411,1.0319411,-8.749016129032081e-05,-8.930638691323087e-05
batch3,19,784.0,1155.0,1.0318481,1.0318481,1.0318481,1.0318481,-8.793298387097373e-05,-8.991529445234943e-05
batch3,19,785.0,1155.0,1.0317104,1.0317104,1.0317104,1.0317104,-8.841213709677494e-05,-9.057443527738326e-05
batch3,19,786.0,1155.0,1.0316503,1.0316503,1.0316503,1.0316503,-8.90202419354925e-05,-9.124447510668421e-05
batch3,19,787.0,1155.0,1.0315272,1.0315272,1.0315272,1.0315272,-8.920649193547834e-05,-9.194095021337138e-05
batch3,19,788.0,1155.0,1.0314353,1.0314353,1.0314353,1.0314353,-8.938911290322574e-05,-9.263058605974289e-05
batch3,19,789.0,1155.0,1.0314041,1.0314041,1.0314041,1.0314041,-8.973637096774397e-05,-9.333218492176421e-05
batch3,19,790.0,1155.0,1.031333,1.031333,1.031333,1.031333,-8.994572580645059e-05,-9.404484779516627e-05
batch3,19,791.0,1155.0,1.0312632,1.0312632,1.0312632,1.0312632,-9.109282258063871e-05,-9.476353058321434e-05
batch3,19,792.0,1155.0,1.0311979,1.0311979,1.0311979,1.0311979,-9.206536290323484e-05,-9.550944523470929e-05
batch3,19,793.0,1155.0,1.0310997,1.0310997,1.0310997,1.0310997,-9.338342741934977e-05,-9.624431863442315e-05
batch3,19,794.0,1155.0,1.031022,1.031022,1.031022,1.031022,-9.452495967742376e-05,-9.697354765291676e-05
batch3,19,795.0,1155.0,1.0308785,1.0308785,1.0308785,1.0308785,-9.562858870968318e-05,-9.783331721195077e-05
batch3,19,796.0,1155.0,1.0307478,1.0307478,1.0307478,1.030766,-9.730943548386633e-05,-9.861945376956099e-05
batch3,19,797.0,1155.0,1.030766,1.030766,1.030766,1.0307478,-9.886209677419446e-05,-9.936654054054109e-05
batch3,19,798.0,1155.0,1.030542,1.030542,1.030542,1.030542,-9.999475806450757e-05,-0.00010024383783783768
batch3,19,799.0,1155.0,1.0304453,1.0304453,1.0304453,1.0304453,-0.00010085149193547807,-0.00010103671977240349
batch3,19,800.0,1155.0,1.0303617,1.0303617,1.0303617,1.0303617,-0.00010218092741934644,-0.00010180066571835209
batch3,19,801.0,1155.0,1.0302632,1.0302632,1.0302632,1.0302632,-0.00010394366935483799,-0.00010248591749644494
batch3,19,802.0,1155.0,1.0301874,1.0301874,1.0301874,1.0301874,-0.00010553379032257214,-0.00010305401991464935
batch3,19,803.0,1155.0,1.0301359,1.0301359,1.0301359,1.0301359,-0.0001068350806451572,-0.00010365826458036779
batch3,19,804.0,1155.0,1.0299665,1.0299665,1.0299665,1.0299665,-0.00010828427419354184,-0.00010427739687055446
batch3,19,805.0,1155.0,1.0298867,1.0298867,1.0298867,1.0298867,-0.00010926391129032951,-0.00010495907539118053
batch3,19,806.0,1155.0,1.0296899,1.0296899,1.0296899,1.0296899,-0.00011022016129032827,-0.0001055078093883352
batch3,19,807.0,1155.0,1.0296102,1.0296102,1.0296102,1.0296102,-0.0001109823790322566,-0.00010611965007112583
batch3,19,808.0,1155.0,1.0294747,1.0294747,1.0294747,1.0294747,-0.0001115256451613054,-0.00010672571834992791
batch3,19,809.0,1155.0,1.0293441,1.0293441,1.0293441,1.0293441,-0.000111946895161287,-0.00010736225320057026
batch3,19,810.0,1155.0,1.0292803,1.0292803,1.0292803,1.0292803,-0.00011200959677419732,-0.00010803961593172216
batch3,19,811.0,1155.0,1.0291033,1.0291033,1.0291033,1.0291033,-0.00011265189516129146,-0.00010871795732574659
batch3,19,812.0,1155.0,1.0289972,1.0289972,1.0289972,1.0289972,-0.00011352391129032172,-0.00010939361024181948
batch3,19,813.0,1155.0,1.0289603,1.0289603,1.0289603,1.0289603,-0.00011341201612903755,-0.00011009352204836574
batch3,19,814.0,1155.0,1.0288594,1.0288594,1.0288594,1.0288594,-0.00011411310483871064,-0.0001108567994310119
batch3,19,815.0,1155.0,1.028675,1.028675,1.028675,1.028675,-0.00011460165322581821,-0.00011166849217638617
batch3,19,816.0,1155.0,1.0285387,1.0285387,1.0285387,1.0285387,-0.00011505383064516041,-0.0001124393997155056
batch3,19,817.0,1155.0,1.0284199,1.0284199,1.0284199,1.0284199,-0.0001159254435483916,-0.00011323507539118198
batch3,19,818.0,1155.0,1.0283836,1.0283836,1.0283836,1.0283836,-0.00011615407258063897,-0.00011409132290184726
batch3,19,819.0,1155.0,1.0282476,1.0282476,1.0282476,1.0282476,-0.00011580850806451585,-0.00011497987197724052
batch3,19,820.0,1155.0,1.028146,1.028146,1.028146,1.028146,-0.00011660673387096451,-0.00011597939402560694
batch3,19,821.0,1155.0,1.0280085,1.0280085,1.0280085,1.0280085,-0.00011658326612904692,-0.00011688991465149481
batch3,19,822.0,1155.0,1.0278934,1.0278934,1.0278934,1.0278934,-0.00011678790322581556,-0.00011779491607396806
batch3,19,823.0,1155.0,1.0277746,1.0277746,1.0277746,1.0277746,-0.00011667350806451709,-0.00011874499857752588
batch3,19,824.0,1155.0,1.0276713,1.0276713,1.0276713,1.0276713,-0.00011646455645161634,-0.00011970666856330051
batch3,19,825.0,1155.0,1.0275849,1.0275849,1.0275849,1.0275849,-0.00011667874999999341,-0.00012069822759601766
batch3,19,826.0,1155.0,1.027413,1.027413,1.027413,1.027413,-0.00011666491935484314,-0.00012163307254622851
batch3,19,827.0,1155.0,1.0272834,1.0272834,1.0272834,1.0272834,-0.0001173506451612882,-0.00012256881081080972
batch3,19,828.0,1155.0,1.0271957,1.0271957,1.0271957,1.0271957,-0.00011765060483870503,-0.0001234140085348493
batch3,19,829.0,1155.0,1.0270622,1.0270622,1.0270622,1.0270622,-0.00011775354838709608,-0.000124195007112375
batch3,19,830.0,1155.0,1.0269685,1.0269685,1.0269685,1.0269685,-0.0001176398790322578,-0.0001249127283072553
batch3,19,831.0,1155.0,1.0268319,1.0268319,1.0268319,1.0268319,-0.00011845528225805547,-0.00012564146799430643
batch3,19,832.0,1155.0,1.0266323,1.0266323,1.0266323,1.0266323,-0.00011940931451612424,-0.00012638984637269155
batch3,19,833.0,1155.0,1.0265774,1.0265774,1.0265774,1.0265774,-0.00012071822580644772,-0.00012722631578947335
batch3,19,834.0,1155.0,1.0264866,1.0264866,1.0264866,1.0264866,-0.00012154596774194436,-0.00012806463157894534
batch3,19,835.0,1155.0,1.0262349,1.0262349,1.0262349,1.0262349,-0.00012230685483870438,-0.0001287609672830672
batch3,19,836.0,1155.0,1.0262071,1.0262071,1.0262071,1.0262071,-0.00012337830645160752,-0.00012959908392603354
batch3,19,837.0,1155.0,1.026134,1.026134,1.026134,1.026134,-0.0001247109677419339,-0.00013047387766714096
batch3,19,838.0,1155.0,1.0260347,1.0260347,1.0260347,1.0260347,-0.00012611137096773774,-0.00013142556187766422
batch3,19,839.0,1155.0,1.0259565,1.0259565,1.0259565,1.0259565,-0.00012742471774193222,-0.00013232280512090857
batch3,19,840.0,1155.0,1.0257913,1.0257913,1.0257913,1.0257913,-0.00012884504032257543,-0.00013314916927453975
batch3,19,841.0,1155.0,1.0256602,1.0256602,1.0256602,1.0256602,-0.00013032326612902076,-0.00013396908108107776
batch3,19,842.0,1155.0,1.025492,1.025492,1.025492,1.025492,-0.00013270564516129767,-0.00013489425320057
batch3,19,843.0,1155.0,1.0254282,1.0254282,1.0254282,1.0254282,-0.00013482177419354665,-0.00013578541394025369
batch3,19,844.0,1155.0,1.0252622,1.0252622,1.0252622,1.0252622,-0.00013664729838709595,-0.00013676858321479314
batch3,19,845.0,1155.0,1.0251591,1.0251591,1.0251591,1.0251591,-0.00013847766129032761,-0.00013773408250355242
batch3,19,846.0,1155.0,1.0249555,1.0249555,1.0249555,1.0249555,-0.00014034290322579643,-0.00013866633570412768
batch3,19,847.0,1155.0,1.02483,1.02483,1.02483,1.02483,-0.00014221596774194098,-0.0001396327596017052
batch3,19,848.0,1155.0,1.0246508,1.0246508,1.0246508,1.0246508,-0.00014419935483870895,-0.00014059650355618998
batch3,19,849.0,1155.0,1.0245178,1.0245178,1.0245178,1.0245178,-0.00014610983870968247,-0.00014161115504978723
batch3,19,850.0,1155.0,1.0244162,1.0244162,1.0244162,1.0244162,-0.00014737153225805963,-0.0001426816073968688
batch3,19,851.0,1155.0,1.0242178,1.0242178,1.0242178,1.0242178,-0.00014918508064516283,-0.00014370007396870773
batch3,19,852.0,1155.0,1.0240594,1.0240594,1.0240594,1.0240594,-0.00015020100806451383,-0.0001447573854907555
batch3,19,853.0,1155.0,1.0239077,1.0239077,1.0239077,1.0239077,-0.00015090471774192808,-0.00014591393172119378
batch3,19,854.0,1155.0,1.0237831,1.0237831,1.0237831,1.0237831,-0.00015161641129031854,-0.00014708955049786535
batch3,19,855.0,1155.0,1.0236095,1.0236095,1.0236095,1.0236095,-0.0001521653225806408,-0.00014833496159316988
batch3,19,856.0,1155.0,1.0234213,1.0234213,1.0234213,1.0234213,-0.0001526580645161275,-0.00014953715220483425
batch3,19,857.0,1155.0,1.0231776,1.0231776,1.0231776,1.0231776,-0.00015298786290323223,-0.00015068817923186238
batch3,19,858.0,1155.0,1.0230775,1.0230775,1.0230775,1.0230775,-0.00015354145161290033,-0.00015189389473684278
batch3,19,859.0,1155.0,1.0229387,1.0229387,1.0229387,1.0229387,-0.00015382286290322337,-0.00015314089900426308
batch3,19,860.0,1155.0,1.0227965,1.0227965,1.0227965,1.0227965,-0.00015476629032256943,-0.00015438939687055395
batch3,19,861.0,1155.0,1.0226063,1.0226063,1.0226063,1.0226063,-0.00015511145161291196,-0.00015563974964438105
batch3,19,862.0,1155.0,1.0224599,1.0224599,1.0224599,1.0224599,-0.00015555068548387297,-0.00015695928307254747
batch3,19,863.0,1155.0,1.0223631,1.0223631,1.0223631,1.0223631,-0.0001561409274193507,-0.0001583012489331439
batch3,19,864.0,1155.0,1.0221491,1.0221491,1.0221491,1.0221491,-0.00015712931451612684,-0.00015968396870554705
batch3,19,865.0,1155.0,1.022058,1.022058,1.022058,1.022058,-0.00015797020161290555,-0.00016109854054054153
batch3,19,866.0,1155.0,1.02194,1.02194,1.02194,1.02194,-0.0001584598790322581,-0.00016243323186344196
batch3,19,867.0,1155.0,1.0218152,1.0218152,1.0218152,1.0218152,-0.0001592893951612972,-0.00016389849502133674
batch3,19,868.0,1155.0,1.021652,1.021652,1.021652,1.021652,-0.00015978842741935225,-0.00016526745376955747
batch3,19,869.0,1155.0,1.0214578,1.0214578,1.0214578,1.0214578,-0.00016034681451613326,-0.00016807212233286068
batch3,19,870.0,1155.0,1.021263,1.021263,1.021263,1.021263,-0.00016098987903225595,-0.00016969285064011462
batch3,19,871.0,1155.0,1.0211356,1.0211356,1.0211356,1.0211356,-0.00016162705645160767,-0.00017128163015646958
batch3,19,872.0,1155.0,1.020992,1.020992,1.020992,1.020992,-0.00016282560483870938,-0.00017277184068278855
batch3,19,873.0,1155.0,1.0208232,1.0208232,1.0208232,1.0208232,-0.00016475770161289977,-0.00017442655476529177
batch3,19,874.0,1155.0,1.020625,1.020625,1.020625,1.020625,-0.00016666524193548822,-0.00017596527453768858
batch3,19,875.0,1155.0,1.0203724,1.0203724,1.0203724,1.0203724,-0.00016859584677419913,-0.00017755909530583068
batch3,19,876.0,1155.0,1.0202553,1.0202553,1.0202553,1.0202553,-0.00017038721774193758,-0.00017913336273115072
batch3,19,877.0,1155.0,1.02013,1.02013,1.02013,1.02013,-0.00017274229838709642,-0.0001807117211948792
batch3,19,878.0,1155.0,1.0199172,1.0199172,1.0199172,1.0199172,-0.00017524084677418791,-0.0001823798719772397
batch3,19,879.0,1155.0,1.019715,1.019715,1.019715,1.019715,-0.00017689758064515744,-0.00018401218776671472
batch3,19,880.0,1155.0,1.0195522,1.0195522,1.0195522,1.0195522,-0.00017927907258064168,-0.00018567945376956262
batch3,19,881.0,1155.0,1.0193876,1.0193876,1.0193876,1.0193876,-0.00018130137096774603,-0.0001873367027027044
batch3,19,882.0,1155.0,1.0192078,1.0192078,1.0192078,1.0192078,-0.00018301294354838488,-0.00018908261735419498
batch3,19,883.0,1155.0,1.0190974,1.0190974,1.0190974,1.0190974,-0.00018441879032257021,-0.00019083906685632657
batch3,19,884.0,1155.0,1.0189186,1.0189186,1.0189186,1.0189186,-0.00018623427419354544,-0.00019268031863442235
batch3,19,885.0,1155.0,1.0187049,1.0187049,1.0187049,1.0187049,-0.00018847862903225885,-0.00019449004267425732
batch3,19,886.0,1155.0,1.0185525,1.0185525,1.0185525,1.0185525,-0.0001907333870967788,-0.00019637730298719896
batch3,19,887.0,1155.0,1.0183233,1.0183233,1.0183233,1.0183233,-0.000192780887096769,-0.00019830806827880743
batch3,19,888.0,1155.0,1.0181221,1.0181221,1.0181221,1.0181221,-0.00019432072580644405,-0.0002002932147937448
batch3,19,889.0,1155.0,1.0178959,1.0178959,1.0178959,1.0178959,-0.00019644495967742476,-0.00020233734281650053
batch3,19,890.0,1155.0,1.0176947,1.0176947,1.0176947,1.0176947,-0.0001982571370967788,-0.00020443273968705683
batch3,19,891.0,1155.0,1.0175198,1.0175198,1.0175198,1.0175198,-0.00020867395161290592,-0.00020662248933143684
batch3,19,892.0,1155.0,1.0172777,1.0172777,1.0172777,1.0172777,-0.00021108294354837804,-0.00020877080227595722
batch3,19,893.0,1155.0,1.0170549,1.0170549,1.0170549,1.0170549,-0.00021329870967741617,-0.0002109609530583196
batch3,19,894.0,1155.0,1.016937,1.016937,1.016937,1.016937,-0.00021525991935483505,-0.0002131346571835009
batch3,19,895.0,1155.0,1.0166837,1.0166837,1.0166837,1.0166837,-0.00021744237903226595,-0.00021551817354196326
batch3,19,896.0,1155.0,1.0164759,1.0164759,1.0164759,1.0164759,-0.00021935173387097086,-0.00021784304978663159
batch3,19,897.0,1155.0,1.016281,1.016281,1.016281,1.016281,-0.00022171153225806472,-0.00022023541394025826
batch3,19,898.0,1155.0,1.0160874,1.0160874,1.0160874,1.0160874,-0.0002240026612903247,-0.00022263665433855043
batch3,19,899.0,1155.0,1.0158119,1.0158119,1.0158119,1.0158119,-0.0002260424596774149,-0.00022512850924608853
batch3,19,900.0,1155.0,1.0155588,1.0155588,1.0155588,1.0155588,-0.0002281863306451644,-0.00022772611379801112
batch3,19,901.0,1155.0,1.0153716,1.0153716,1.0153716,1.0153716,-0.00023012540322580604,-0.00023026243812232934
batch3,19,902.0,1155.0,1.015149,1.015149,1.015149,1.015149,-0.00023165552419355455,-0.0002328850725462307
batch3,19,903.0,1155.0,1.014987,1.014987,1.014987,1.014987,-0.00023363911290323955,-0.00023546801706969932
batch3,19,904.0,1155.0,1.0146701,1.0146701,1.0146701,1.0146701,-0.0002358366129032238,-0.00023805765576101877
batch3,19,905.0,1155.0,1.0145229,1.0145229,1.0145229,1.0145229,-0.00023833314516128766,-0.00024058685348506497
batch3,19,906.0,1155.0,1.0129629,1.0129629,1.0129629,1.0139178,-0.00024077370967741732,-0.00024313654907539263
batch3,19,907.0,1155.0,1.0139178,1.0139178,1.0139178,1.0136609,-0.0002427892741935449,-0.0002457546258890482
batch3,19,908.0,1155.0,1.0136609,1.0136609,1.0136609,1.0134987,-0.0002450994354838703,-0.00024833624751066836
batch3,19,909.0,1155.0,1.0134987,1.0134987,1.0134987,1.0132499,-0.0002476700403225814,-0.0002509653826458007
batch3,19,910.0,1155.0,1.0132499,1.0132499,1.0132499,1.0130377,-0.0002500762096774214,-0.00025351900995732474
batch3,19,911.0,1155.0,1.0130377,1.0130377,1.0130377,1.0129629,-0.0002525624596774121,-0.00025611640113797963
batch3,19,912.0,1155.0,1.0127045,1.0127045,1.0127045,1.0127045,-0.0002550451612903282,-0.00025890137980085273
batch3,19,913.0,1155.0,1.0124621,1.0124621,1.0124621,1.0124621,-0.0002577156854838721,-0.0002617742304409644
batch3,19,914.0,1155.0,1.0121717,1.0121717,1.0121717,1.0121717,-0.000259922661290323,-0.0002646333342816473
batch3,19,915.0,1155.0,1.0118835,1.0118835,1.0118835,1.0118835,-0.00026236435483872444,-0.0002674583854907525
batch3,19,916.0,1155.0,1.0116763,1.0116763,1.0116763,1.0116763,-0.00026448366935483765,-0.00027037273029871685
batch3,19,917.0,1155.0,1.0114379,1.0114379,1.0114379,1.0114379,-0.0002668284677419329,-0.0002732925061166409
batch3,19,918.0,1155.0,1.0111331,1.0111331,1.0111331,1.0111331,-0.00026892060483870713,-0.000276248976102417
batch3,19,919.0,1155.0,1.010833,1.010833,1.010833,1.010833,-0.000270860040322575,-0.0002791669678520617
batch3,19,920.0,1155.0,1.0105389,1.0105389,1.0105389,1.0105389,-0.0002732437096774273,-0.00028228850042674226
batch3,19,921.0,1155.0,1.0102723,1.0102723,1.0102723,1.0102723,-0.00027517838709677185,-0.0002852829854907549
batch3,19,922.0,1155.0,1.0100343,1.0100343,1.0100343,1.0100343,-0.0002860839112903127,-0.00028828879459459416
batch3,19,923.0,1155.0,1.0097448,1.0097448,1.0097448,1.0097448,-0.00028959104838709003,-0.0002914283092460865
batch3,19,924.0,1155.0,1.0094372,1.0094372,1.0094372,1.0094372,-0.00029316362903225726,-0.00029460913285917883
batch3,19,925.0,1155.0,1.0090823,1.0090823,1.0090823,1.0090823,-0.0002962192338709671,-0.0002977529001422503
batch3,19,926.0,1155.0,1.0088156,1.0088156,1.0088156,1.0088156,-0.0002993846774193533,-0.0003010358753911817
batch3,19,927.0,1155.0,1.0085133,1.0085133,1.0085133,1.0085133,-0.0003019894758064523,-0.0003043143706970135
batch3,19,928.0,1155.0,1.0081593,1.0081593,1.0081593,1.0081593,-0.00030503395161290476,-0.00030762886059743983
batch3,19,929.0,1155.0,1.007901,1.007901,1.007901,1.007901,-0.0003080404032258116,-0.00031093068591749436
batch3,19,930.0,1155.0,1.0076103,1.0076103,1.0076103,1.0076103,-0.00031069181451612657,-0.00031432707624466443
batch3,19,931.0,1155.0,1.0073868,1.0073868,1.0073868,1.0073868,-0.0003138967741935424,-0.00031780686031294264
batch3,19,932.0,1155.0,1.0070044,1.0070044,1.0070044,1.0070044,-0.0003163207661290364,-0.0003211884295874792
batch3,19,933.0,1155.0,1.0067258,1.0067258,1.0067258,1.0067258,-0.00031868427419354614,-0.00032465456899004574
batch3,19,934.0,1155.0,1.0063623,1.0063623,1.0063623,1.0063623,-0.00032203641129031994,-0.0003282185203413919
batch3,19,935.0,1155.0,1.0060519,1.0060519,1.0060519,1.0060519,-0.0003254079838709677,-0.0003318252458037004
batch3,19,936.0,1155.0,1.0057086,1.0057086,1.0057086,1.0057086,-0.0003290135080645188,-0.00033544432318634434
batch3,19,937.0,1155.0,1.0053018,1.0053018,1.0053018,1.0053018,-0.00033251223790322395,-0.0003391780733997161
batch3,19,938.0,1155.0,1.0049957,1.0049957,1.0049957,1.0049957,-0.00033588155241935365,-0.0003429948816500712
batch3,19,939.0,1155.0,1.0046641,1.0046641,1.0046641,1.0046641,-0.0003390003588709611,-0.00034686167368420826
batch3,19,940.0,1155.0,1.0043228,1.0043228,1.0043228,1.0043228,-0.0003424101975806492,-0.000350721959886202
batch3,19,941.0,1155.0,1.0039583,1.0039583,1.0039583,1.0039583,-0.0003459694677419366,-0.00035456806543385385
batch3,19,942.0,1155.0,1.0036579,1.0036579,1.0036579,1.0036579,-0.0003504363749999943,-0.00035861981507823664
batch3,19,943.0,1155.0,1.0033153,1.0033153,1.0033153,1.0033153,-0.00035451250806450976,-0.0003625920153627334
batch3,19,944.0,1155.0,1.0029542,1.0029542,1.0029542,1.0029542,-0.0003589233104838649,-0.00036811817695589987
batch3,19,945.0,1155.0,1.0026888,1.0026888,1.0026888,1.0026888,-0.00036355296370967213,-0.0003723464295874795
batch3,19,946.0,1155.0,1.0022725,1.0022725,1.0022725,1.0022725,-0.0003684104999999966,-0.0003766804850640077
batch3,19,947.0,1155.0,1.0019819,1.0019819,1.0019819,1.0019819,-0.00037211233870967664,-0.000380904312944527
batch3,19,948.0,1155.0,1.0015999,1.0015999,1.0015999,1.0015999,-0.0003768426935483929,-0.0003851796298719775
batch3,19,949.0,1155.0,1.0011057,1.0011057,1.0011057,1.0011057,-0.0003809441975806444,-0.0003895192119487912
batch3,19,950.0,1155.0,1.0007541,1.0007541,1.0007541,1.0007541,-0.0003853364717741936,-0.0003940029823613083
batch3,19,951.0,1155.0,1.0003572,1.0003572,1.0003572,1.0003572,-0.0003895666733870837,-0.00039842502901849274
batch3,19,952.0,1155.0,0.99998045,0.99998045,0.99998045,0.99998045,-0.0003940376088709735,-0.00040296522219061446
batch3,19,953.0,1155.0,0.99956959,0.99956959,0.99956959,0.99956959,-0.00039919920967743626,-0.0004075126503556143
batch3,19,954.0,1155.0,0.99922216,0.99922216,0.99922216,0.99922216,-0.00040401949193548755,-0.0004120613613086806
batch3,19,955.0,1155.0,0.99880064,0.99880064,0.99880064,0.99880064,-0.0004088720806451697,-0.0004165581908961605
batch3,19,956.0,1155.0,0.99844539,0.99844539,0.99844539,0.99844539,-0.0004141560040322534,-0.00042114617069701204
batch3,19,957.0,1155.0,0.99787068,0.99787068,0.99787068,0.99787068,-0.0004197582217741906,-0.00042576413115220246
batch3,19,958.0,1155.0,0.99752808,0.99752808,0.99752808,0.99752808,-0.0004250904999999892,-0.0004303864039829284
batch3,19,959.0,1155.0,0.997118,0.997118,0.997118,0.997118,-0.00043047523387097173,-0.0004349845385490745
batch3,19,960.0,1155.0,0.99662125,0.99662125,0.99662125,0.99662125,-0.0004359587620967633,-0.000439532205405401
batch3,19,961.0,1155.0,0.99614167,0.99614167,0.99614167,0.99614167,-0.00044112372983872594,-0.0004441036210526325
batch3,19,962.0,1155.0,0.99580657,0.99580657,0.99580657,0.99580657,-0.0004463417379032175,-0.00044867820995732306
batch3,19,963.0,1155.0,0.9952724,0.9952724,0.9952724,0.9952724,-0.0004511509354838777,-0.0004532500190611679
batch3,19,964.0,1155.0,0.99489141,0.99489141,0.99489141,0.99489141,-0.0004564030564516113,-0.00045778094679943125
batch3,19,965.0,1155.0,0.99444211,0.99444211,0.99444211,0.99444211,-0.00046219573387096697,-0.00046226033143669627
batch3,19,966.0,1155.0,0.99400532,0.99400532,0.99400532,0.99400532,-0.0004682715967741921,-0.00046680536073968984
batch3,19,967.0,1155.0,0.9935286,0.9935286,0.9935286,0.9935286,-0.0004738959999999872,-0.00047129079203413887
batch3,19,968.0,1155.0,0.99303633,0.99303633,0.99303633,0.99303633,-0.000479680512096775,-0.00047565687368420997
batch3,19,969.0,1155.0,0.99260157,0.99260157,0.99260157,0.99260157,-0.0004851587862903168,-0.0004799190210526294
batch3,19,970.0,1155.0,0.99212366,0.99212366,0.99212366,0.99212366,-0.0004903324112903003,-0.00048417513086770767
batch3,19,971.0,1155.0,0.99158037,0.99158037,0.99158037,0.99158037,-0.0004959422701612914,-0.0004883538477951604
batch3,19,972.0,1155.0,0.99106705,0.99106705,0.99106705,0.99106705,-0.0005012523709677335,-0.0004925100204836433
batch3,19,973.0,1155.0,0.99057269,0.99057269,0.99057269,0.99057269,-0.0005070057862903278,-0.0004966413857752455
batch3,19,974.0,1155.0,0.99005711,0.99005711,0.99005711,0.99005711,-0.0005125129072580581,-0.0005008059174964432
batch3,19,975.0,1155.0,0.98954207,0.98954207,0.98954207,0.98954207,-0.0005175257258064498,-0.0005049272435277407
batch3,19,976.0,1155.0,0.98898369,0.98898369,0.98898369,0.98898369,-0.0005230627338709629,-0.0005090184594594587
batch3,19,977.0,1155.0,0.9885053,0.9885053,0.9885053,0.9885053,-0.0005285322499999917,-0.0005130772722617355
batch3,19,978.0,1155.0,0.98796505,0.98796505,0.98796505,0.98796505,-0.0005334350241935424,-0.0005170723795163588
batch3,19,979.0,1155.0,0.98736483,0.98736483,0.98736483,0.98736483,-0.0005386692540322664,-0.0005210426520625853
batch3,19,980.0,1155.0,0.9868536,0.9868536,0.9868536,0.9868536,-0.000543164379032251,-0.0005249174640113823
batch3,19,981.0,1155.0,0.98623168,0.98623168,0.98623168,0.98623168,-0.0005473381612903231,-0.0005286964119487985
batch3,19,982.0,1155.0,0.98576152,0.98576152,0.98576152,0.98576152,-0.0005511359475806526,-0.0005324284264580379
batch3,19,983.0,1155.0,0.98516387,0.98516387,0.98516387,0.98516387,-0.0005549181572580715,-0.0005359652406827837
batch3,19,984.0,1155.0,0.98466498,0.98466498,0.98466498,0.98466498,-0.000558551915322594,-0.00053947359715505
batch3,19,985.0,1155.0,0.9840923,0.9840923,0.9840923,0.9840923,-0.0005613459717741841,-0.0005427429604551924
batch3,19,986.0,1155.0,0.98346114,0.98346114,0.98346114,0.98346114,-0.0005638957580645083,-0.0005459127886201992
batch3,19,987.0,1155.0,0.982867,0.982867,0.982867,0.982867,-0.0005663463508064667,-0.0005491495416785199
batch3,19,988.0,1155.0,0.98236817,0.98236817,0.98236817,0.98236817,-0.0005688918629032261,-0.000552232914367
batch3,19,989.0,1155.0,0.98174083,0.98174083,0.98174083,0.98174083,-0.000571283899193549,-0.0005551934600284478
batch3,19,990.0,1155.0,0.98120749,0.98120749,0.98120749,0.98120749,-0.0005731250604838668,-0.0005580865322901843
batch3,19,991.0,1155.0,0.98058999,0.98058999,0.98058999,0.98058999,-0.0005749507217741887,-0.000560842458036984
batch3,19,992.0,1155.0,0.98004395,0.98004395,0.98004395,0.98004395,-0.0005766379354838686,-0.0005634559672830724
batch3,19,993.0,1155.0,0.97942191,0.97942191,0.97942191,0.97942191,-0.0005779331612903181,-0.0005660247291607406
batch3,19,994.0,1155.0,0.97884458,0.97884458,0.97884458,0.97884458,-0.0005790252459677433,-0.0005684509809388358
batch3,19,995.0,1155.0,0.97827798,0.97827798,0.97827798,0.97827798,-0.0005806372701612968,-0.0005709209288762466
batch3,19,996.0,1155.0,0.9777028,0.9777028,0.9777028,0.9777028,-0.0005823620806451667,-0.0005731758227596023
batch3,19,997.0,1155.0,0.97711492,0.97711492,0.97711492,0.97711492,-0.0005840702620967667,-0.0005753712270270247
batch3,19,998.0,1155.0,0.97649997,0.97649997,0.97649997,0.97649997,-0.0005855384153225799,-0.0005775142864864851
batch3,19,999.0,1155.0,0.97591436,0.97591436,0.97591436,0.97591436,-0.000587399024193544,-0.0005795094045519188
batch3,19,1000.0,1155.0,0.97537547,0.97537547,0.97537547,0.97537547,-0.0005888081088709623,-0.0005813866361308695
batch3,19,1001.0,1155.0,0.97477722,0.97477722,0.97477722,0.97477722,-0.0005903203790322687,-0.0005832501027027051
batch3,19,1002.0,1155.0,0.9742167,0.9742167,0.9742167,0.9742167,-0.0005923259879032309,-0.0005849379172119463
batch3,19,1003.0,1155.0,0.97359097,0.97359097,0.97359097,0.97359097,-0.0005943747822580569,-0.0005865389357041236
batch3,19,1004.0,1155.0,0.97297859,0.97297859,0.97297859,0.97297859,-0.0005960577258064326,-0.0005880129046941685
batch3,19,1005.0,1155.0,0.97244668,0.97244668,0.97244668,0.97244668,-0.0005979363709677288,-0.0005893844233285925
batch3,19,1006.0,1155.0,0.97182459,0.97182459,0.97182459,0.97182459,-0.0005994908064516182,-0.0005906967724039872
batch3,19,1007.0,1155.0,0.97126192,0.97126192,0.97126192,0.97126192,-0.0006008353548387239,-0.0005918494594594624
batch3,19,1008.0,1155.0,0.97065556,0.97065556,0.97065556,0.97065556,-0.0006018130120967661,-0.0005929165607396894
batch3,19,1009.0,1155.0,0.97007543,0.97007543,0.97007543,0.97007543,-0.0006031894032258065,-0.0005939796105263131
batch3,19,1010.0,1155.0,0.96943706,0.96943706,0.96943706,0.96943706,-0.0006043124758064451,-0.0005949544833570397
batch3,19,1011.0,1155.0,0.96876854,0.96876854,0.96876854,0.96876854,-0.000605043020161282,-0.0005958657960170692
batch3,19,1012.0,1155.0,0.968229,0.968229,0.968229,0.968229,-0.0006059064475806462,-0.0005967421621621625
batch3,19,1013.0,1155.0,0.96757001,0.96757001,0.96757001,0.96757001,-0.0006063873548387039,-0.0005974917482219076
batch3,19,1014.0,1155.0,0.96692985,0.96692985,0.96692985,0.96692985,-0.0006070610645161416,-0.0005982492876244647
batch3,19,1015.0,1155.0,0.96632105,0.96632105,0.96632105,0.96632105,-0.0006078821290322634,-0.0005988996788051181
batch3,19,1016.0,1155.0,0.96569192,0.96569192,0.96569192,0.96569192,-0.0006084122217741945,-0.0005994820116642955
batch3,19,1017.0,1155.0,0.9650569,0.9650569,0.9650569,0.9650569,-0.0006087506774193615,-0.0006000457015647228
batch3,19,1018.0,1155.0,0.96445656,0.96445656,0.96445656,0.96445656,-0.0006086167741935424,-0.0006005412139402576
batch3,19,1019.0,1155.0,0.96382177,0.96382177,0.96382177,0.96382177,-0.0006089380080645181,-0.0006010679129445228
batch3,19,1020.0,1155.0,0.96322215,0.96322215,0.96322215,0.96322215,-0.0006091579556451545,-0.0006014303871977251
batch3,19,1021.0,1155.0,0.96261007,0.96261007,0.96261007,0.96261007,-0.0006083403951613013,-0.0006018616537695551
batch3,19,1022.0,1155.0,0.96206361,0.96206361,0.96206361,0.96206361,-0.0006081502298387112,-0.0006021426293029916
batch3,19,1023.0,1155.0,0.96147162,0.96147162,0.96147162,0.96147162,-0.0006075960403225913,-0.0006024098315789456
batch3,19,1024.0,1155.0,0.96083105,0.96083105,0.96083105,0.96083105,-0.0006069777741935479,-0.0006027145689900412
batch3,19,1025.0,1155.0,0.96024936,0.96024936,0.96024936,0.96024936,-0.000606250592741936,-0.0006030141775248974
batch3,19,1026.0,1155.0,0.95967895,0.95967895,0.95967895,0.95967895,-0.000605648221774189,-0.0006032163436699826
batch3,19,1027.0,1155.0,0.95903057,0.95903057,0.95903057,0.95903057,-0.0006053005564516211,-0.00060341851635846
batch3,19,1028.0,1155.0,0.95847607,0.95847607,0.95847607,0.95847607,-0.0006045784354838688,-0.0006036029379800849
batch3,19,1029.0,1155.0,0.95785755,0.95785755,0.95785755,0.95785755,-0.0006040218991935381,-0.0006038300204836425
batch3,19,1030.0,1155.0,0.95721501,0.95721501,0.95721501,0.95721501,-0.0006037221370967846,-0.0006039762258890464
batch3,19,1031.0,1155.0,0.95659131,0.95659131,0.95659131,0.95659131,-0.0006035724153225795,-0.0006040925285917485
batch3,19,1032.0,1155.0,0.95600885,0.95600885,0.95600885,0.95600885,-0.0006034132338709682,-0.0006041730992887625
batch3,19,1033.0,1155.0,0.95543361,0.95543361,0.95543361,0.95543361,-0.0006035727096774218,-0.0006041133920341354
batch3,19,1034.0,1155.0,0.9547736,0.9547736,0.9547736,0.9547736,-0.0006038853629032238,-0.0006041467115220432
batch3,19,1035.0,1155.0,0.95418906,0.95418906,0.95418906,0.95418906,-0.000604055213709678,-0.000604159854338549
batch3,19,1036.0,1155.0,0.95367533,0.95367533,0.95367533,0.95367533,-0.0006044003951612939,-0.0006041937211948797
batch3,19,1037.0,1155.0,0.95298374,0.95298374,0.95298374,0.95298374,-0.0006048353911290324,-0.0006042151297297305
batch3,19,1038.0,1155.0,0.95238805,0.95238805,0.95238805,0.95238805,-0.0006047999032257902,-0.0006041808546230434
batch3,19,1039.0,1155.0,0.95178717,0.95178717,0.95178717,0.95178717,-0.0006044907137096642,-0.0006040844509246048
batch3,19,1040.0,1155.0,0.95116609,0.95116609,0.95116609,0.95116609,-0.0006044928104838798,-0.0006039318714082499
batch3,19,1041.0,1155.0,0.95056576,0.95056576,0.95056576,0.95056576,-0.0006043367620967608,-0.000603818655761023
batch3,19,1042.0,1155.0,0.94997865,0.94997865,0.94997865,0.94997865,-0.0006037588749999913,-0.0006037289672830762
batch3,19,1043.0,1155.0,0.94936341,0.94936341,0.94936341,0.94936341,-0.0006038258830645169,-0.000603582166145091
batch3,19,1044.0,1155.0,0.94878125,0.94878125,0.94878125,0.94878125,-0.0006032917661290362,-0.0006034642665718345
batch3,19,1045.0,1155.0,0.94816905,0.94816905,0.94816905,0.94816905,-0.0006029040846774249,-0.000603227443527736
batch3,19,1046.0,1155.0,0.94754291,0.94754291,0.94754291,0.94754291,-0.0006027582782258089,-0.0006030129698435257
batch3,19,1047.0,1155.0,0.94696367,0.94696367,0.94696367,0.94696367,-0.0006027291209677425,-0.000602783799715505
batch3,19,1048.0,1155.0,0.94633979,0.94633979,0.94633979,0.94633979,-0.0006026229193548503,-0.000602544619061166
batch3,19,1049.0,1155.0,0.94570702,0.94570702,0.94570702,0.94570702,-0.0006021619717741873,-0.0006024058987197749
batch3,19,1050.0,1155.0,0.94515777,0.94515777,0.94515777,0.94515777,-0.0006023671008064434,-0.0006021888267425283
batch3,19,1051.0,1155.0,0.94452411,0.94452411,0.94452411,0.94452411,-0.0006025985766128938,-0.0006020508497866289
batch3,19,1052.0,1155.0,0.94391561,0.94391561,0.94391561,0.94391561,-0.0006021184637096846,-0.000601891913798008
batch3,19,1053.0,1155.0,0.94332999,0.94332999,0.94332999,0.94332999,-0.0006018735120967871,-0.0006017666125177815
batch3,19,1054.0,1155.0,0.94275779,0.94275779,0.94275779,0.94275779,-0.0006015338870967511,-0.0006016548830725459
batch3,19,1055.0,1155.0,0.94214201,0.94214201,0.94214201,0.94214201,-0.000600603052419356,-0.0006015224679943107
batch3,19,1056.0,1155.0,0.94154269,0.94154269,0.94154269,0.94154269,-0.0006005275645161298,-0.0006015053897581791
batch3,19,1057.0,1155.0,0.94097376,0.94097376,0.94097376,0.94097376,-0.0006004292943548407,-0.0006015436386913192
batch3,19,1058.0,1155.0,0.94031173,0.94031173,0.94031173,0.94031173,-0.0006002924717741869,-0.0006015367692745374
batch3,19,1059.0,1155.0,0.93975466,0.93975466,0.93975466,0.93975466,-0.000600280362903228,-0.0006015573775248935
batch3,19,1060.0,1155.0,0.93914211,0.93914211,0.93914211,0.93914211,-0.0006002280967741969,-0.0006015681502133699
batch3,19,1061.0,1155.0,0.9385398,0.9385398,0.9385398,0.9385398,-0.0005999229112903102,-0.0006015548517780964
batch3,19,1062.0,1155.0,0.93794078,0.93794078,0.93794078,0.93794078,-0.000599740520161283,-0.0006015574019914641
batch3,19,1063.0,1155.0,0.93733144,0.93733144,0.93733144,0.93733144,-0.0005995408911290448,-0.0006015107655761061
batch3,19,1064.0,1155.0,0.93675852,0.93675852,0.93675852,0.93675852,-0.0005995871249999826,-0.0006014482603129438
batch3,19,1065.0,1155.0,0.9361074,0.9361074,0.9361074,0.9361074,-0.0005999768145161347,-0.0006014507857752454
batch3,19,1066.0,1155.0,0.93548214,0.93548214,0.93548214,0.93548214,-0.0006001241612903148,-0.0006013347826458037
batch3,19,1067.0,1155.0,0.93490064,0.93490064,0.93490064,0.93490064,-0.0006000660564516083,-0.000601351860028452
batch3,19,1068.0,1155.0,0.93434781,0.93434781,0.93434781,0.93434781,-0.0006002159717742017,-0.0006014862455192023
batch3,19,1069.0,1155.0,0.93375647,0.93375647,0.93375647,0.93375647,-0.0006003732862903215,-0.0006016526136557593
batch3,19,1070.0,1155.0,0.93325305,0.93325305,0.93325305,0.93325305,-0.0006001104193548389,-0.0006018041652916101
batch3,19,1071.0,1155.0,0.93253851,0.93253851,0.93253851,0.93253851,-0.0006001479758064618,-0.0006018653320056907
batch3,19,1072.0,1155.0,0.93194079,0.93194079,0.93194079,0.93194079,-0.000600140899193537,-0.0006021077348506375
batch3,19,1073.0,1155.0,0.93133175,0.93133175,0.93133175,0.93133175,-0.0006000668306451717,-0.0006023254153627311
batch3,19,1074.0,1155.0,0.93072426,0.93072426,0.93072426,0.93072426,-0.0006000409233870995,-0.0006025288122332895
batch3,19,1075.0,1155.0,0.93010926,0.93010926,0.93010926,0.93010926,-0.0005999259677419465,-0.0006028316392603083
batch3,19,1076.0,1155.0,0.92955929,0.92955929,0.92955929,0.92955929,-0.0005998130443548389,-0.0006031892532005684
batch3,19,1077.0,1155.0,0.92896622,0.92896622,0.92896622,0.92896622,-0.0005994058750000032,-0.0006035190119487916
batch3,19,1078.0,1155.0,0.92834848,0.92834848,0.92834848,0.92834848,-0.0005996878870967744,-0.0006038231985775239
batch3,19,1079.0,1155.0,0.92773229,0.92773229,0.92773229,0.92773229,-0.0006001398790322656,-0.0006041772876244669
batch3,19,1080.0,1155.0,0.92710996,0.92710996,0.92710996,0.92710996,-0.000600161193548384,-0.0006046247411095298
batch3,19,1081.0,1155.0,0.92649609,0.92649609,0.92649609,0.92649609,-0.0006005944475806557,-0.0006050341416785171
batch3,19,1082.0,1155.0,0.92596185,0.92596185,0.92596185,0.92596185,-0.0006014806653225802,-0.0006054121217638685
batch3,19,1083.0,1155.0,0.92533904,0.92533904,0.92533904,0.92533904,-0.0006021801532258048,-0.0006058660822190598
batch3,19,1084.0,1155.0,0.92472404,0.92472404,0.92472404,0.92472404,-0.0006024315040322483,-0.0006062970944523455
batch3,19,1085.0,1155.0,0.92416346,0.92416346,0.92416346,0.92416346,-0.0006024545604838651,-0.0006066944224751039
batch3,19,1086.0,1155.0,0.923531,0.923531,0.923531,0.923531,-0.0006019488024193504,-0.0006071824165007126
batch3,19,1087.0,1155.0,0.92293692,0.92293692,0.92293692,0.92293692,-0.0006022180564516124,-0.0006077166870554764
batch3,19,1088.0,1155.0,0.92231447,0.92231447,0.92231447,0.92231447,-0.0006020711814515949,-0.000608255370128026
batch3,19,1089.0,1155.0,0.92176872,0.92176872,0.92176872,0.92176872,-0.0006026504919355008,-0.0006088742867709812
batch3,19,1090.0,1155.0,0.92114145,0.92114145,0.92114145,0.92114145,-0.000603680036290323,-0.0006094391681365569
batch3,19,1091.0,1155.0,0.92055362,0.92055362,0.92055362,0.92055362,-0.0006048132580645174,-0.0006101279863442438
batch3,19,1092.0,1155.0,0.9200055,0.9200055,0.9200055,0.9200055,-0.0006056168145161163,-0.0006107071832147903
batch3,19,1093.0,1155.0,0.91929489,0.91929489,0.91929489,0.91929489,-0.0006059594314516166,-0.0006113842944523462
batch3,19,1094.0,1155.0,0.91867369,0.91867369,0.91867369,0.91867369,-0.0006070482500000061,-0.0006120596369843539
batch3,19,1095.0,1155.0,0.91811216,0.91811216,0.91811216,0.91811216,-0.0006081277580645073,-0.0006126779362731117
batch3,19,1096.0,1155.0,0.91749549,0.91749549,0.91749549,0.91749549,-0.0006097461854838775,-0.0006133993934566116
batch3,19,1097.0,1155.0,0.91684675,0.91684675,0.91684675,0.91684675,-0.0006114004112903227,-0.0006142323328591747
batch3,19,1098.0,1155.0,0.91625553,0.91625553,0.91625553,0.91625553,-0.0006129031008064556,-0.0006150701641536308
batch3,19,1099.0,1155.0,0.9156763,0.9156763,0.9156763,0.9156763,-0.0006142764072580727,-0.0006159788207681353
batch3,19,1100.0,1155.0,0.91510004,0.91510004,0.91510004,0.91510004,-0.0006153699112903234,-0.0006169546500711246
batch3,19,1101.0,1155.0,0.91448069,0.91448069,0.91448069,0.91448069,-0.0006164055120967726,-0.0006180029462304427
batch3,19,1102.0,1155.0,0.91386324,0.91386324,0.91386324,0.91386324,-0.0006181487258064488,-0.0006190083297297264
batch3,19,1103.0,1155.0,0.91332459,0.91332459,0.91332459,0.91332459,-0.0006194096129032129,-0.0006201890403982896
batch3,19,1104.0,1155.0,0.91261309,0.91261309,0.91261309,0.91261309,-0.000620618290322575,-0.0006213958822190611
batch3,19,1105.0,1155.0,0.91193873,0.91193873,0.91193873,0.91193873,-0.0006217214395161176,-0.000623897691891896
batch3,19,1106.0,1155.0,0.91132522,0.91132522,0.91132522,0.91132522,-0.0006225479193548361,-0.0006250531758179198
batch3,19,1107.0,1155.0,0.91071409,0.91071409,0.91071409,0.91071409,-0.0006230870282258011,-0.0006262901248933179
batch3,19,1108.0,1155.0,0.91016656,0.91016656,0.91016656,0.91016656,-0.0006235169193548396,-0.0006273540099573268
batch3,19,1109.0,1155.0,0.9094488,0.9094488,0.9094488,0.9094488,-0.0006245319516129009,-0.0006286565348506389
batch3,19,1110.0,1155.0,0.90884763,0.90884763,0.90884763,0.90884763,-0.0006258658830645133,-0.0006299671152204851
batch3,19,1111.0,1155.0,0.90816337,0.90816337,0.90816337,0.90816337,-0.0006270439959677478,-0.0006313804330014202
batch3,19,1112.0,1155.0,0.90754914,0.90754914,0.90754914,0.90754914,-0.0006277705887096628,-0.0006327851137980089
batch3,19,1113.0,1155.0,0.90688092,0.90688092,0.90688092,0.90688092,-0.0006294316250000018,-0.0006342750088193489
batch3,19,1114.0,1155.0,0.90629458,0.90629458,0.90629458,0.90629458,-0.0006303824637096811,-0.0006356684725462297
batch3,19,1115.0,1155.0,0.90572721,0.90572721,0.90572721,0.90572721,-0.0006314804435483746,-0.0006371434443812245
batch3,19,1116.0,1155.0,0.90506828,0.90506828,0.90506828,0.90506828,-0.0006322004314516112,-0.0006385448466571824
batch3,19,1117.0,1155.0,0.9043529,0.9043529,0.9043529,0.9043529,-0.0006326757419354989,-0.0006396104887624476
batch3,19,1118.0,1155.0,0.90378779,0.90378779,0.90378779,0.90378779,-0.0006332477177419319,
batch3,19,1119.0,1155.0,0.90318376,0.90318376,0.90318376,0.90318376,-0.0006340894233870972,
batch3,19,1120.0,1155.0,0.90250796,0.90250796,0.90250796,0.90250796,-0.0006352981774193604,
batch3,19,1121.0,1155.0,0.90193874,0.90193874,0.90193874,0.90193874,-0.0006371132096774216,
batch3,19,1122.0,1155.0,0.90133309,0.90133309,0.90133309,0.90133309,-0.0006391468346774201,
batch3,19,1123.0,1155.0,0.90065444,0.90065444,0.90065444,0.90065444,-0.0006413308427419273,
batch3,19,1124.0,1155.0,0.90002561,0.90002561,0.90002561,0.90002561,-0.000642797024193553,
batch3,19,1125.0,1155.0,0.89935088,0.89935088,0.89935088,0.89935088,-0.0006453877419354824,
batch3,19,1126.0,1155.0,0.89868742,0.89868742,0.89868742,0.89868742,-0.0006476550685483974,
batch3,19,1127.0,1155.0,0.89812487,0.89812487,0.89812487,0.89812487,-0.0006576826249999956,
batch3,19,1128.0,1155.0,0.89737099,0.89737099,0.89737099,0.89737099,-0.000659745681451615,
batch3,19,1129.0,1155.0,0.89682066,0.89682066,0.89682066,0.89682066,-0.0006624456129032199,
batch3,19,1130.0,1155.0,0.89611852,0.89611852,0.89611852,0.89611852,-0.0006643328951612963,
batch3,19,1131.0,1155.0,0.89549184,0.89549184,0.89549184,0.89549184,-0.0006663511451612907,
batch3,19,1132.0,1155.0,0.89488572,0.89488572,0.89488572,0.89488572,-0.000668419092741942,
batch3,19,1133.0,1155.0,0.89422202,0.89422202,0.89422202,0.89422202,-0.0006713813427419217,
batch3,19,1134.0,1155.0,0.89344257,0.89344257,0.89344257,0.89344257,-0.0006736464233871076,
batch3,19,1135.0,1155.0,0.89281535,0.89281535,0.89281535,0.89281535,-0.0006759300967741812,
batch3,19,1136.0,1155.0,0.89211458,0.89211458,0.89211458,0.89211458,-0.0006780223185483799,
batch3,19,1137.0,1155.0,0.89141124,0.89141124,0.89141124,0.89141124,-0.0006800210241935444,
batch3,19,1138.0,1155.0,0.89071065,0.89071065,0.89071065,0.89071065,-0.0006810672983871016,
batch3,19,1139.0,1155.0,0.8900798,0.8900798,0.8900798,0.8900798,-0.000680136540322575,
batch3,19,1140.0,1155.0,0.88932037,0.88932037,0.88932037,0.88932037,,
batch3,19,1141.0,1155.0,0.88867319,0.88867319,0.88867319,0.88867319,,
batch3,19,1142.0,1155.0,0.88677508,0.88677508,0.88677508,0.88732117,,
batch3,19,1143.0,1155.0,0.88732117,0.88732117,0.88732117,0.88677508,,
batch3,19,1144.0,1155.0,0.88658011,0.88658011,0.88658011,0.88658011,,
batch3,19,1145.0,1155.0,0.88598651,0.88598651,0.88598651,0.88598651,,
batch3,19,1146.0,1155.0,0.88521618,0.88521618,0.88521618,0.88521618,,
batch3,19,1147.0,1155.0,0.88454342,0.88454342,0.88454342,0.88454342,,
batch3,19,1148.0,1155.0,0.88379031,0.88379031,0.88379031,0.88379031,,
batch3,19,1149.0,1155.0,0.88313752,0.88313752,0.88313752,0.88313752,,
batch3,19,1150.0,1155.0,0.88240206,0.88240206,0.88240206,,,
batch3,19,1151.0,1155.0,0.88176912,0.88176912,0.88176912,,,
batch3,19,1152.0,1155.0,0.88100916,0.88100916,0.88100916,,,
batch3,19,1153.0,1155.0,0.88041735,0.88041735,0.88041735,,,
batch3,19,1154.0,1155.0,0.88007373,0.88007373,0.88007373,,,
